사고번호,사고일시,요일,시군구,사고내용,사망자수,중상자수,경상자수,부상신고자수,사고유형,법규위반,노면상태,기상상태,도로형태,가해운전자 차종,가해운전자 성별,가해운전자 연령,가해운전자 상해정도,피해운전자 차종,피해운전자 성별,피해운전자 연령,피해운전자 상해정도
2012011400100073,2012년 1월 14일 05시,토요일,충청북도 충주시 봉방동,중상사고,0,1,0,0,차대사람 - 횡단중,안전운전불이행,건조,맑음,교차로 - 교차로안,승용,남,51세,상해없음,보행자,여,32세,중상
2012011400100099,2012년 1월 14일 07시,토요일,충청북도 청원군 오송읍,중상사고,0,4,2,0,차대차 - 측면직각충돌,안전운전불이행,건조,맑음,단일로 - 기타,화물,남,27세,경상,승용,남,58세,중상
2012011400100130,2012년 1월 14일 08시,토요일,충청북도 영동군 영동읍,중상사고,0,1,0,0,차대사람 - 기타,보행자보호의무위반,건조,맑음,단일로 - 횡단보도상,승용,여,26세,상해없음,보행자,여,78세,중상
2012011400100229,2012년 1월 14일 12시,토요일,충청북도 제천시 금성면,경상사고,0,0,5,0,차대차 - 측면직각충돌,신호위반,건조,맑음,교차로 - 교차로안,승용,남,28세,상해없음,승용,남,56세,경상
2012011400100255,2012년 1월 14일 13시,토요일,충청북도 제천시 교동,경상사고,0,0,1,0,차대사람 - 기타,안전운전불이행,건조,맑음,단일로 - 기타,승용,남,76세,상해없음,보행자,남,56세,경상
2012011400100318,2012년 1월 14일 15시,토요일,충청북도 청주시 흥덕구 복대동,경상사고,0,0,1,0,차대차 - 추돌 - 진행중,안전운전불이행,건조,맑음,교차로 - 교차로부근,승용,남,57세,상해없음,승용,여,54세,경상
2012011400100319,2012년 1월 14일 15시,토요일,충청북도 청주시 흥덕구 사직동,경상사고,0,0,1,0,차대차 - 추돌 - 진행중,기타,건조,맑음,교차로 - 교차로부근,승용,남,71세,상해없음,화물,남,33세,경상
2012011400100351,2012년 1월 14일 16시,토요일,충청북도 음성군 금왕읍,경상사고,0,0,2,0,차대차 - 추돌 - 주정차중,안전운전불이행,건조,맑음,단일로 - 기타,승용,남,33세,상해없음,승용,남,47세,경상
2012011400100385,2012년 1월 14일 17시,토요일,충청북도 충주시 칠금동,경상사고,0,0,1,0,차대사람 - 기타,안전운전불이행,건조,맑음,단일로 - 기타,화물,남,40세,상해없음,보행자,남,31세,경상
2012011400100386,2012년 1월 14일 17시,토요일,충청북도 음성군 대소면,사망사고,1,3,0,0,차대차 - 측면직각충돌,안전운전불이행,건조,맑음,단일로 - 기타,화물,남,37세,상해없음,승용,남,51세,중상
2012011400100425,2012년 1월 14일 18시,토요일,충청북도 진천군 진천읍,사망사고,1,0,0,0,차대차 - 측면직각충돌,중앙선침범,건조,맑음,단일로 - 기타,자전거,남,58세,사망,승용,남,60세,상해없음
2012011400100579,2012년 1월 14일 23시,토요일,충청북도 청원군 부용면,부상신고사고,0,0,0,1,차대차 - 기타,안전운전불이행,건조,맑음,단일로 - 기타,승합,남,40세,부상신고,승용,남,32세,기타불명
2012011500100057,2012년 1월 15일 02시,일요일,충청북도 청주시 흥덕구 가경동,경상사고,0,0,1,0,차량단독 - 기타,안전운전불이행,건조,맑음,교차로 - 교차로부근,승용,남,33세,상해없음,,,,
2012011500100072,2012년 1월 15일 03시,일요일,충청북도 청주시 흥덕구 외북동,중상사고,0,3,0,0,차량단독 - 도로외이탈 - 추락,안전운전불이행,건조,맑음,단일로 - 기타,승용,남,31세,중상,,,,
2012011500100140,2012년 1월 15일 09시,일요일,충청북도 청원군 내수읍,경상사고,0,0,2,0,차대차 - 측면직각충돌,차로위반,건조,맑음,단일로 - 기타,화물,남,67세,상해없음,승용,여,49세,경상
2012011500100151,2012년 1월 15일 10시,일요일,충청북도 청주시 상당구 북문로2가동,중상사고,0,1,0,0,차대차 - 측면직각충돌,교차로운행방법위반,건조,맑음,교차로 - 교차로안,승합,남,48세,상해없음,이륜,남,71세,중상
2012011500100168,2012년 1월 15일 11시,일요일,충청북도 청원군 내수읍,경상사고,0,0,5,0,차대차 - 측면직각충돌,중앙선침범,건조,맑음,교차로 - 교차로부근,승용,남,23세,상해없음,승용,남,35세,경상
2012011500100239,2012년 1월 15일 15시,일요일,충청북도 청주시 흥덕구 수곡동,중상사고,0,1,0,0,차대차 - 추돌 - 진행중,안전운전불이행,건조,맑음,교차로 - 교차로부근,승용,남,29세,상해없음,승용,여,50세,중상
2012011500100258,2012년 1월 15일 16시,일요일,충청북도 충주시 주덕읍,중상사고,0,1,0,0,차량단독 - 기타,안전운전불이행,건조,맑음,단일로 - 기타,승합,남,45세,기타불명,,,,
2012011500100308,2012년 1월 15일 18시,일요일,충청북도 청주시 상당구 율량동,경상사고,0,0,3,0,차대차 - 측면직각충돌,안전거리미확보,건조,맑음,단일로 - 기타,화물,남,64세,상해없음,화물,남,69세,경상
2012011500100309,2012년 1월 15일 18시,일요일,충청북도 청주시 상당구 서문동,경상사고,0,0,1,0,차량단독 - 기타,기타,건조,맑음,기타 - 기타,승용,남,57세,상해없음,,,,
2012011500100310,2012년 1월 15일 18시,일요일,충청북도 충주시 수안보면,경상사고,0,0,2,0,차대차 - 추돌 - 주정차중,안전운전불이행,건조,맑음,단일로 - 기타,승용,남,55세,경상,승용,남,59세,경상
2012011500100341,2012년 1월 15일 19시,일요일,충청북도 진천군 진천읍,경상사고,0,0,4,0,차대차 - 추돌 - 주정차중,안전운전불이행,건조,맑음,교차로 - 교차로부근,승용,남,38세,상해없음,승용,남,56세,상해없음
2012011500100342,2012년 1월 15일 19시,일요일,충청북도 청원군 오송읍,경상사고,0,0,2,0,차대차 - 측면직각충돌,신호위반,건조,맑음,교차로 - 교차로안,승용,남,34세,상해없음,승용,남,28세,경상
2012011500100411,2012년 1월 15일 21시,일요일,충청북도 청주시 흥덕구 사직동,중상사고,0,3,1,0,차대차 - 측면직각충돌,교차로운행방법위반,건조,맑음,교차로 - 교차로안,승용,남,47세,상해없음,승용,남,39세,중상
2012011500100412,2012년 1월 15일 21시,일요일,충청북도 진천군 광혜원면,중상사고,0,2,0,0,차대차 - 추돌 - 진행중,안전운전불이행,건조,맑음,단일로 - 기타,화물,남,28세,상해없음,승용,남,51세,중상
2012011500100414,2012년 1월 15일 21시,일요일,충청북도 청원군 강내면,중상사고,0,1,0,0,차대차 - 추돌 - 진행중,안전운전불이행,건조,맑음,단일로 - 기타,승용,남,24세,상해없음,승용,남,32세,상해없음
2012011500100430,2012년 1월 15일 22시,일요일,충청북도 청주시 흥덕구 복대동,중상사고,0,1,0,0,차대차 - 측면직각충돌,안전운전불이행,건조,맑음,단일로 - 기타,승용,남,49세,상해없음,원동기,남,22세,중상
2012011600100015,2012년 1월 16일 01시,월요일,충청북도 청원군 북이면,중상사고,0,1,0,0,차량단독 - 공작물충돌,안전운전불이행,기타,기타,단일로 - 기타,승용,남,28세,중상,,,,
2012011600100044,2012년 1월 16일 05시,월요일,충청북도 충주시 산척면,중상사고,0,1,0,0,차대차 - 측면직각충돌,교차로운행방법위반,건조,흐림,교차로 - 교차로안,화물,남,46세,상해없음,승용,남,50세,중상
2012011600100078,2012년 1월 16일 07시,월요일,충청북도 청주시 흥덕구 복대동,경상사고,0,0,1,0,차대차 - 측면직각충돌,안전운전불이행,건조,맑음,단일로 - 기타,승합,남,30세,상해없음,자전거,남,65세,경상
2012011600100134,2012년 1월 16일 09시,월요일,충청북도 제천시 강제동,중상사고,0,1,0,0,차대차 - 추돌 - 주정차중,안전거리미확보,건조,맑음,교차로 - 교차로부근,승용,여,41세,상해없음,승용,남,55세,중상
2012011600100135,2012년 1월 16일 09시,월요일,충청북도 음성군 대소면,중상사고,0,1,1,0,차대차 - 측면직각충돌,교차로운행방법위반,건조,맑음,단일로 - 기타,승용,남,59세,경상,화물,남,64세,중상
2012011600100171,2012년 1월 16일 10시,월요일,충청북도 청원군 오창읍,경상사고,0,0,3,0,차대차 - 측면직각충돌,교차로운행방법위반,건조,맑음,교차로 - 교차로안,승용,남,39세,경상,승용,남,56세,상해없음
2012011600100200,2012년 1월 16일 11시,월요일,충청북도 제천시 고암동,중상사고,0,1,0,0,차대차 - 측면직각충돌,기타,건조,맑음,교차로 - 교차로안,승용,여,40세,상해없음,승용,남,22세,중상
2012011600100233,2012년 1월 16일 12시,월요일,충청북도 청주시 흥덕구 송정동,중상사고,0,1,1,0,차대차 - 측면직각충돌,신호위반,건조,맑음,교차로 - 교차로안,승용,여,59세,상해없음,승용,남,39세,경상
2012011600100260,2012년 1월 16일 13시,월요일,충청북도 청주시 상당구 북문로3가동,경상사고,0,0,1,0,차대차 - 측면직각충돌,안전운전불이행,건조,맑음,단일로 - 기타,화물,남,49세,상해없음,이륜,남,18세,경상
2012011600100261,2012년 1월 16일 13시,월요일,충청북도 진천군 진천읍,경상사고,0,0,2,0,차대차 - 측면직각충돌,교차로운행방법위반,건조,맑음,교차로 - 교차로부근,화물,남,57세,기타불명,승용,남,35세,경상
2012011600100291,2012년 1월 16일 14시,월요일,충청북도 청원군 오창읍,경상사고,0,0,10,0,차대차 - 측면직각충돌,신호위반,건조,맑음,교차로 - 교차로안,승합,남,64세,상해없음,화물,남,35세,경상
2012011600100323,2012년 1월 16일 15시,월요일,충청북도 음성군 금왕읍,중상사고,0,2,0,0,차대차 - 기타,교차로운행방법위반,건조,맑음,단일로 - 기타,화물,남,37세,상해없음,승용,남,65세,중상
2012011600100352,2012년 1월 16일 16시,월요일,충청북도 영동군 영동읍,중상사고,0,1,0,0,차대차 - 기타,중앙선침범,건조,흐림,단일로 - 기타,화물,남,57세,상해없음,이륜,여,62세,중상
2012011600100379,2012년 1월 16일 17시,월요일,충청북도 충주시 연수동,경상사고,0,0,3,0,차대차 - 추돌 - 진행중,안전운전불이행,건조,맑음,교차로 - 교차로부근,승용,남,36세,상해없음,승용,여,48세,경상
2012011600100511,2012년 1월 16일 20시,월요일,충청북도 괴산군 괴산읍,경상사고,0,0,3,0,차대차 - 측면직각충돌,직진우회전진행방해,건조,맑음,교차로 - 교차로안,승용,여,39세,경상,승용,남,41세,경상
2012011600100512,2012년 1월 16일 20시,월요일,충청북도 청주시 흥덕구 사창동,중상사고,0,2,0,0,차대차 - 측면직각충돌,신호위반,건조,맑음,기타 - 기타,승용,남,30세,상해없음,승용,남,46세,중상
2012011600100552,2012년 1월 16일 21시,월요일,충청북도 청주시 상당구 사천동,경상사고,0,0,2,0,차대차 - 추돌 - 주정차중,안전운전불이행,건조,맑음,교차로 - 교차로부근,승용,남,34세,상해없음,승용,남,26세,경상
2012011600100553,2012년 1월 16일 21시,월요일,충청북도 제천시 한수면,중상사고,0,1,1,0,차대차 - 기타,중앙선침범,건조,맑음,단일로 - 기타,승용,남,49세,상해없음,화물,남,52세,중상
2012011600100580,2012년 1월 16일 22시,월요일,충청북도 청주시 흥덕구 사창동,경상사고,0,0,2,0,차대차 - 측면직각충돌,신호위반,건조,맑음,단일로 - 기타,승용,여,30세,경상,승용,남,45세,경상
2012011600100581,2012년 1월 16일 22시,월요일,충청북도 청주시 상당구 방서동,경상사고,0,0,1,0,차대차 - 측면직각충돌,안전운전불이행,건조,맑음,교차로 - 교차로안,승용,여,39세,상해없음,승용,남,51세,경상
2012011600100619,2012년 1월 16일 23시,월요일,충청북도 청주시 상당구 방서동,경상사고,0,0,2,0,차대차 - 기타,안전운전불이행,건조,맑음,교차로 - 교차로부근,승용,남,47세,상해없음,승용,여,52세,경상
2012011700100017,2012년 1월 17일 00시,화요일,충청북도 청주시 흥덕구 사직동,경상사고,0,0,2,0,차대차 - 추돌 - 진행중,안전운전불이행,건조,맑음,교차로 - 교차로부근,승용,남,32세,상해없음,승용,여,46세,경상
2012011700100018,2012년 1월 17일 00시,화요일,충청북도 청주시 흥덕구 성화동,경상사고,0,0,3,0,차대차 - 기타,교차로운행방법위반,건조,맑음,교차로 - 교차로안,승용,남,45세,경상,화물,남,49세,경상
2012011700100056,2012년 1월 17일 03시,화요일,충청북도 음성군 대소면,경상사고,0,0,1,0,차량단독 - 공작물충돌,안전운전불이행,건조,맑음,단일로 - 기타,승용,남,28세,경상,,,,
2012011700100086,2012년 1월 17일 06시,화요일,충청북도 충주시 금릉동,중상사고,0,1,1,0,차대차 - 기타,안전운전불이행,건조,맑음,단일로 - 기타,승용,남,67세,중상,화물,남,38세,경상
2012011700100087,2012년 1월 17일 06시,화요일,충청북도 청주시 흥덕구 성화동,중상사고,0,2,1,0,차대차 - 측면직각충돌,교차로운행방법위반,건조,맑음,교차로 - 교차로안,승용,남,54세,경상,승용,남,55세,중상
2012011700100179,2012년 1월 17일 09시,화요일,충청북도 청주시 상당구 북문로3가동,중상사고,0,1,3,0,차대차 - 측면직각충돌,교차로운행방법위반,건조,맑음,단일로 - 기타,승용,남,63세,경상,승용,남,59세,중상
2012011700100180,2012년 1월 17일 09시,화요일,충청북도 충주시 단월동,중상사고,0,1,1,0,차대차 - 추돌 - 진행중,직진우회전진행방해,건조,흐림,교차로 - 교차로안,승용,여,47세,상해없음,화물,남,65세,중상
2012011700100181,2012년 1월 17일 09시,화요일,충청북도 음성군 원남면,중상사고,0,1,0,0,차대차 - 정면충돌,중앙선침범,건조,맑음,단일로 - 기타,승용,남,33세,상해없음,승용,남,34세,중상
2012011700100205,2012년 1월 17일 10시,화요일,충청북도 보은군 보은읍,경상사고,0,0,1,0,차대차 - 기타,안전운전불이행,습기,흐림,단일로 - 기타,화물,남,77세,상해없음,원동기,남,77세,경상
2012011700100226,2012년 1월 17일 11시,화요일,충청북도 음성군 금왕읍,경상사고,0,0,3,0,차대차 - 측면직각충돌,차로위반,건조,맑음,교차로 - 교차로안,승용,남,36세,상해없음,화물,남,43세,상해없음
2012011700100227,2012년 1월 17일 11시,화요일,충청북도 음성군 음성읍,경상사고,0,0,1,0,차대차 - 측면직각충돌,교차로운행방법위반,건조,맑음,교차로 - 교차로안,승용,남,32세,경상,승용,남,30세,상해없음
2012011700100228,2012년 1월 17일 11시,화요일,충청북도 청주시 흥덕구 복대동,경상사고,0,0,1,0,차대차 - 측면직각충돌,안전운전불이행,건조,맑음,교차로 - 교차로부근,기타불명,기타불명,기타불명,기타불명,자전거,남,14세,경상
2012011700100278,2012년 1월 17일 13시,화요일,충청북도 청원군 오창읍,경상사고,0,0,1,0,차대사람 - 차도통행중,안전운전불이행,건조,맑음,단일로 - 기타,화물,남,69세,상해없음,보행자,여,66세,경상
2012011700100280,2012년 1월 17일 13시,화요일,충청북도 단양군 단양읍,중상사고,0,1,0,0,차대사람 - 횡단중,안전운전불이행,습기,맑음,단일로 - 기타,승용,남,68세,상해없음,보행자,남,22세,중상
2012011700100281,2012년 1월 17일 13시,화요일,충청북도 청주시 흥덕구 사창동,경상사고,0,0,1,0,차대차 - 측면직각충돌,안전운전불이행,건조,맑음,교차로 - 교차로부근,이륜,남,18세,경상,승용,남,67세,상해없음
2012011700100282,2012년 1월 17일 13시,화요일,충청북도 청원군 현도면,사망사고,1,0,0,0,차대차 - 추돌 - 진행중,안전운전불이행,건조,맑음,단일로 - 기타,화물,남,33세,상해없음,화물,남,45세,상해없음
2012011700100283,2012년 1월 17일 13시,화요일,충청북도 청주시 흥덕구 모충동,경상사고,0,0,1,0,차대차 - 기타,교차로운행방법위반,건조,맑음,교차로 - 교차로안,승용,남,23세,상해없음,이륜,남,51세,경상
2012011700100327,2012년 1월 17일 15시,화요일,충청북도 충주시 연수동,중상사고,0,1,0,0,차대사람 - 횡단중,안전운전불이행,건조,맑음,단일로 - 기타,승용,여,41세,기타불명,보행자,남,7세,중상
2012011700100328,2012년 1월 17일 15시,화요일,충청북도 충주시 문화동,경상사고,0,0,4,0,차대차 - 기타,중앙선침범,건조,맑음,교차로 - 교차로부근,승용,남,24세,상해없음,승용,여,44세,상해없음
2012011700100329,2012년 1월 17일 15시,화요일,충청북도 증평군 증평읍,경상사고,0,0,1,0,차대차 - 측면직각충돌,신호위반,건조,맑음,교차로 - 교차로안,승용,남,25세,상해없음,승용,남,51세,경상
2012011700100368,2012년 1월 17일 16시,화요일,충청북도 청주시 흥덕구 산남동,경상사고,0,0,1,0,차대차 - 기타,안전운전불이행,건조,맑음,교차로 - 교차로부근,승용,남,69세,상해없음,이륜,남,49세,경상
2012011700100424,2012년 1월 17일 18시,화요일,충청북도 제천시 고암동,중상사고,0,1,0,0,차대사람 - 기타,안전운전불이행,건조,맑음,교차로 - 교차로부근,승용,여,35세,상해없음,보행자,여,52세,중상
2012011700100425,2012년 1월 17일 18시,화요일,충청북도 청주시 흥덕구 분평동,경상사고,0,0,2,0,차대사람 - 기타,안전운전불이행,건조,맑음,기타 - 기타,승용,남,55세,상해없음,보행자,여,20세,경상
2012011700100478,2012년 1월 17일 19시,화요일,충청북도 청주시 상당구 대성동,중상사고,0,1,0,0,차대사람 - 기타,보행자보호의무위반,건조,맑음,단일로 - 횡단보도상,승용,기타불명,기타불명,기타불명,보행자,남,53세,중상
2012011700100479,2012년 1월 17일 19시,화요일,충청북도 청주시 흥덕구 운천동,경상사고,0,0,1,0,차대차 - 측면직각충돌,안전운전불이행,건조,맑음,교차로 - 교차로부근,승용,남,70세,상해없음,승용,남,47세,경상
2012011700100515,2012년 1월 17일 20시,화요일,충청북도 음성군 감곡면,경상사고,0,0,2,0,차대차 - 추돌 - 주정차중,안전운전불이행,건조,맑음,교차로 - 교차로부근,승용,남,65세,상해없음,승용,남,20세,경상
2012011700100543,2012년 1월 17일 21시,화요일,충청북도 충주시 교현동,중상사고,0,1,0,0,차대차 - 추돌 - 진행중,교차로운행방법위반,건조,맑음,교차로 - 교차로안,승용,남,41세,상해없음,승용,남,55세,중상
2012011700100544,2012년 1월 17일 21시,화요일,충청북도 음성군 금왕읍,중상사고,0,1,0,0,차대사람 - 횡단중,안전운전불이행,건조,맑음,단일로 - 횡단보도부근,승용,여,50세,상해없음,보행자,남,54세,중상
2012011700100569,2012년 1월 17일 22시,화요일,충청북도 청주시 상당구 금천동,경상사고,0,0,1,0,차대차 - 측면직각충돌,안전운전불이행,습기,흐림,단일로 - 기타,화물,남,40세,상해없음,자전거,남,44세,경상
2012011700100600,2012년 1월 17일 23시,화요일,충청북도 청주시 상당구 남문로2가동,경상사고,0,0,1,0,차대차 - 추돌 - 주정차중,안전운전불이행,건조,맑음,교차로 - 교차로부근,승용,남,46세,상해없음,승용,남,54세,경상
2012011700100601,2012년 1월 17일 23시,화요일,충청북도 진천군 광혜원면,경상사고,0,0,1,0,차대차 - 측면직각충돌,교차로운행방법위반,건조,맑음,교차로 - 교차로안,승용,남,29세,상해없음,자전거,남,27세,경상
2012011700100602,2012년 1월 17일 23시,화요일,충청북도 청주시 흥덕구 사창동,경상사고,0,0,2,0,차대차 - 측면직각충돌,중앙선침범,건조,맑음,교차로 - 교차로안,화물,남,46세,경상,승용,남,56세,경상
2012011800100051,2012년 1월 18일 02시,수요일,충청북도 청주시 흥덕구 산남동,경상사고,0,0,2,0,차대차 - 기타,신호위반,건조,맑음,교차로 - 교차로안,승용,남,38세,상해없음,승용,남,41세,경상
2012011800100059,2012년 1월 18일 03시,수요일,충청북도 제천시 중앙로1가,중상사고,0,2,0,0,차대차 - 기타,신호위반,건조,맑음,교차로 - 교차로안,승용,남,48세,상해없음,승용,남,33세,상해없음
2012011800100103,2012년 1월 18일 07시,수요일,충청북도 청주시 흥덕구 성화동,경상사고,0,0,3,0,차대차 - 추돌 - 진행중,안전운전불이행,건조,맑음,단일로 - 기타,승용,남,54세,상해없음,승용,여,29세,경상
2012011800100104,2012년 1월 18일 07시,수요일,충청북도 청원군 오창읍,경상사고,0,0,3,0,차대차 - 측면직각충돌,안전운전불이행,건조,맑음,단일로 - 기타,화물,남,50세,상해없음,승용,남,51세,경상
2012011800100126,2012년 1월 18일 08시,수요일,충청북도 충주시 주덕읍,중상사고,0,1,0,0,차대차 - 추돌 - 진행중,중앙선침범,습기,안개,단일로 - 기타,건설기계,남,48세,상해없음,승용,남,27세,중상
2012011800100156,2012년 1월 18일 09시,수요일,충청북도 단양군 어상천면,중상사고,0,1,0,0,차대차 - 측면직각충돌,안전운전불이행,습기,맑음,기타 - 기타,승합,남,56세,상해없음,승용,남,71세,중상
2012011800100157,2012년 1월 18일 09시,수요일,충청북도 진천군 진천읍,중상사고,0,1,0,0,차대차 - 측면직각충돌,안전운전불이행,습기,맑음,교차로 - 교차로안,승용,남,44세,상해없음,승합,여,50세,상해없음
2012011800100176,2012년 1월 18일 10시,수요일,충청북도 청원군 남이면,경상사고,0,0,2,0,차대차 - 추돌 - 주정차중,안전운전불이행,건조,맑음,기타 - 기타,화물,남,56세,상해없음,승합,남,34세,경상
2012011800100200,2012년 1월 18일 11시,수요일,충청북도 청주시 상당구 우암동,경상사고,0,0,1,0,차대차 - 측면직각충돌,중앙선침범,건조,맑음,단일로 - 기타,원동기,남,29세,경상,화물,남,62세,상해없음
2012011800100201,2012년 1월 18일 11시,수요일,충청북도 청주시 흥덕구 운천동,경상사고,0,0,2,0,차대차 - 측면직각충돌,교차로운행방법위반,건조,맑음,교차로 - 교차로안,화물,남,45세,상해없음,승용,남,25세,경상
2012011800100232,2012년 1월 18일 12시,수요일,충청북도 청주시 흥덕구 복대동,경상사고,0,0,1,0,차대차 - 측면직각충돌,중앙선침범,건조,맑음,단일로 - 기타,승용,남,49세,상해없음,승용,남,55세,경상
2012011800100253,2012년 1월 18일 13시,수요일,충청북도 충주시 앙성면,중상사고,0,1,0,0,차대차 - 기타,안전운전불이행,건조,맑음,단일로 - 기타,화물,남,37세,상해없음,특수,남,40세,중상
2012011800100254,2012년 1월 18일 13시,수요일,충청북도 음성군 대소면,경상사고,0,0,1,0,차대차 - 측면직각충돌,안전운전불이행,건조,맑음,단일로 - 기타,기타불명,기타불명,기타불명,기타불명,원동기,남,69세,경상
2012011800100255,2012년 1월 18일 13시,수요일,충청북도 청원군 현도면,중상사고,0,2,0,0,차대차 - 기타,안전운전불이행,건조,맑음,단일로 - 기타,승용,남,72세,중상,화물,남,39세,상해없음
2012011800100331,2012년 1월 18일 16시,수요일,충청북도 청원군 부용면,중상사고,0,1,0,0,차대차 - 측면직각충돌,직진우회전진행방해,건조,맑음,교차로 - 교차로안,화물,남,36세,상해없음,화물,남,57세,중상
2012011800100332,2012년 1월 18일 16시,수요일,충청북도 청주시 흥덕구 미평동,경상사고,0,0,1,0,차대차 - 측면직각충돌,안전운전불이행,건조,맑음,단일로 - 기타,기타불명,기타불명,기타불명,기타불명,자전거,남,50세,경상
2012011800100399,2012년 1월 18일 18시,수요일,충청북도 청원군 오창읍,경상사고,0,0,5,0,차대차 - 측면직각충돌,안전운전불이행,건조,맑음,단일로 - 기타,승용,남,27세,경상,승용,남,42세,경상
2012011800100400,2012년 1월 18일 18시,수요일,충청북도 충주시 대소원면,사망사고,1,0,0,0,차대사람 - 길가장자리구역통행중,안전운전불이행,건조,맑음,단일로 - 기타,승용,남,44세,상해없음,보행자,남,71세,사망
2012011800100401,2012년 1월 18일 18시,수요일,충청북도 충주시 문화동,중상사고,0,1,0,0,차대차 - 측면직각충돌,안전운전불이행,건조,맑음,교차로 - 교차로안,승용,여,55세,상해없음,원동기,남,16세,중상
2012011800100402,2012년 1월 18일 18시,수요일,충청북도 괴산군 괴산읍,중상사고,0,3,0,0,차대차 - 정면충돌,중앙선침범,건조,맑음,단일로 - 기타,승용,남,60세,상해없음,승용,남,28세,중상
2012011800100456,2012년 1월 18일 19시,수요일,충청북도 청원군 내수읍,중상사고,0,1,0,0,차대차 - 측면직각충돌,안전운전불이행,건조,맑음,단일로 - 기타,승용,남,40세,상해없음,원동기,남,21세,중상
2012011800100457,2012년 1월 18일 19시,수요일,충청북도 청주시 흥덕구 모충동,경상사고,0,0,1,0,차대차 - 측면직각충돌,안전운전불이행,건조,맑음,교차로 - 교차로부근,이륜,남,21세,상해없음,승용,남,53세,상해없음
2012011800100497,2012년 1월 18일 20시,수요일,충청북도 청주시 흥덕구 복대동,중상사고,0,1,2,0,차대차 - 측면직각충돌,안전운전불이행,건조,맑음,단일로 - 기타,승용,남,57세,상해없음,화물,남,50세,상해없음
2012011800100520,2012년 1월 18일 21시,수요일,충청북도 청주시 흥덕구 사직동,경상사고,0,0,2,0,차대차 - 측면직각충돌,안전운전불이행,건조,맑음,교차로 - 교차로부근,승용,여,51세,상해없음,승용,여,43세,경상
2012011800100545,2012년 1월 18일 22시,수요일,충청북도 제천시 하소동,사망사고,1,0,0,0,차대사람 - 기타,안전운전불이행,건조,맑음,단일로 - 기타,화물,남,71세,상해없음,보행자,여,73세,사망
2012011800100583,2012년 1월 18일 23시,수요일,충청북도 청주시 상당구 내덕동,중상사고,0,1,0,0,차대차 - 측면직각충돌,신호위반,건조,맑음,교차로 - 교차로안,승용,남,54세,상해없음,승용,여,39세,중상
2012011900100050,2012년 1월 19일 03시,목요일,충청북도 청주시 상당구 탑동,경상사고,0,0,1,0,차량단독 - 공작물충돌,안전운전불이행,습기,흐림,교차로 - 교차로안,승용,남,53세,상해없음,,,,
2012011900100051,2012년 1월 19일 03시,목요일,충청북도 충주시 연수동,경상사고,0,0,4,0,차대차 - 측면직각충돌,안전운전불이행,건조,맑음,교차로 - 교차로부근,승용,남,34세,상해없음,승용,남,28세,경상
2012011900100071,2012년 1월 19일 05시,목요일,충청북도 청주시 흥덕구 사창동,중상사고,0,1,0,0,차대사람 - 기타,안전운전불이행,건조,맑음,단일로 - 기타,승합,남,61세,상해없음,보행자,여,60세,중상
2012011900100093,2012년 1월 19일 06시,목요일,충청북도 청원군 오창읍,경상사고,0,0,1,0,차량단독 - 기타,기타,습기,비,단일로 - 기타,승합,남,54세,상해없음,,,,
2012011900100114,2012년 1월 19일 07시,목요일,충청북도 제천시 강제동,중상사고,0,1,0,0,차대사람 - 기타,안전운전불이행,습기,비,단일로 - 기타,승용,남,43세,상해없음,보행자,여,69세,중상
2012011900100149,2012년 1월 19일 08시,목요일,충청북도 청원군 미원면,경상사고,0,0,1,0,차량단독 - 공작물충돌,안전운전불이행,적설,맑음,단일로 - 기타,승합,여,43세,경상,,,,
2012011900100150,2012년 1월 19일 08시,목요일,충청북도 청주시 흥덕구 모충동,경상사고,0,0,2,0,차대차 - 기타,안전운전불이행,건조,맑음,교차로 - 교차로부근,승용,남,39세,상해없음,승용,남,28세,경상
2012011900100192,2012년 1월 19일 10시,목요일,충청북도 단양군 매포읍,중상사고,0,1,0,0,차대차 - 정면충돌,중앙선침범,습기,흐림,단일로 - 기타,승용,남,79세,중상,건설기계,남,40세,상해없음
2012011900100213,2012년 1월 19일 11시,목요일,충청북도 증평군 증평읍,중상사고,0,1,0,0,차대차 - 측면직각충돌,안전운전불이행,습기,비,교차로 - 교차로부근,이륜,남,73세,중상,승용,남,43세,상해없음
2012011900100274,2012년 1월 19일 13시,목요일,충청북도 진천군 진천읍,중상사고,0,1,0,0,차대차 - 추돌 - 진행중,중앙선침범,건조,맑음,단일로 - 기타,이륜,남,71세,중상,승용,남,64세,상해없음
2012011900100301,2012년 1월 19일 14시,목요일,충청북도 청주시 흥덕구 가경동,경상사고,0,0,1,0,차대차 - 측면직각충돌,안전운전불이행,건조,맑음,교차로 - 교차로부근,승용,남,45세,상해없음,승용,남,49세,경상
2012011900100330,2012년 1월 19일 15시,목요일,충청북도 제천시 신백동,경상사고,0,0,4,0,차대차 - 기타,직진우회전진행방해,습기,맑음,교차로 - 교차로안,승용,남,41세,상해없음,승용,남,45세,경상
2012011900100396,2012년 1월 19일 17시,목요일,충청북도 청주시 흥덕구 복대동,경상사고,0,0,3,0,차대차 - 측면직각충돌,안전운전불이행,건조,맑음,교차로 - 교차로안,승용,남,61세,상해없음,승용,남,45세,경상