사고번호,사고일시,요일,시군구,사고내용,사망자수,중상자수,경상자수,부상신고자수,사고유형,법규위반,노면상태,기상상태,도로형태,가해운전자 차종,가해운전자 성별,가해운전자 연령,가해운전자 상해정도,피해운전자 차종,피해운전자 성별,피해운전자 연령,피해운전자 상해정도
2012012500100452,2012년 1월 25일 18시,수요일,충청북도 진천군 진천읍,경상사고,0,0,3,0,차대차 - 정면충돌,중앙선침범,건조,맑음,단일로 - 기타,승용,남,59세,상해없음,승용,남,37세,경상
2012012500100487,2012년 1월 25일 19시,수요일,충청북도 옥천군 옥천읍,경상사고,0,0,1,0,차대차 - 측면직각충돌,중앙선침범,건조,맑음,단일로 - 기타,화물,남,52세,상해없음,승합,남,51세,경상
2012012500100532,2012년 1월 25일 20시,수요일,충청북도 증평군 증평읍,경상사고,0,0,1,0,차대차 - 측면직각충돌,안전거리미확보,건조,맑음,단일로 - 기타,승용,남,45세,상해없음,이륜,남,18세,경상
2012012500100533,2012년 1월 25일 20시,수요일,충청북도 청주시 상당구 용암동,경상사고,0,0,2,0,차대차 - 기타,안전운전불이행,건조,맑음,교차로 - 교차로부근,승용,남,36세,기타불명,승용,여,36세,경상
2012012500100534,2012년 1월 25일 20시,수요일,충청북도 청주시 흥덕구 산남동,중상사고,0,1,0,0,차대차 - 기타,신호위반,건조,맑음,교차로 - 교차로안,이륜,남,56세,중상,승용,남,27세,상해없음
2012012500100643,2012년 1월 25일 23시,수요일,충청북도 청주시 흥덕구 사직동,경상사고,0,0,1,0,차대차 - 추돌 - 주정차중,안전운전불이행,건조,맑음,단일로 - 기타,승용,여,39세,상해없음,화물,남,29세,상해없음
2012012600100132,2012년 1월 26일 09시,목요일,충청북도 청원군 부용면,경상사고,0,0,2,0,차대차 - 기타,신호위반,건조,맑음,교차로 - 교차로안,승용,남,37세,경상,화물,남,45세,경상
2012012600100250,2012년 1월 26일 13시,목요일,충청북도 청주시 상당구 금천동,중상사고,0,2,0,0,차대차 - 측면직각충돌,안전운전불이행,건조,맑음,단일로 - 기타,승용,남,30세,상해없음,승용,여,51세,중상
2012012600100353,2012년 1월 26일 16시,목요일,충청북도 충주시 용산동,경상사고,0,0,1,0,차대차 - 추돌 - 진행중,안전거리미확보,건조,맑음,단일로 - 기타,승용,남,63세,상해없음,화물,남,51세,상해없음
2012012600100422,2012년 1월 26일 18시,목요일,충청북도 음성군 생극면,경상사고,0,0,1,0,차대차 - 측면직각충돌,안전운전불이행,습기,흐림,교차로 - 교차로부근,승용,남,63세,상해없음,승용,여,29세,경상
2012012600100423,2012년 1월 26일 18시,목요일,충청북도 청주시 흥덕구 개신동,경상사고,0,0,1,0,차대사람 - 횡단중,보행자보호의무위반,건조,맑음,단일로 - 기타,승용,남,31세,상해없음,보행자,남,6세,경상
2012012600100463,2012년 1월 26일 19시,목요일,충청북도 청주시 상당구 북문로3가동,중상사고,0,1,0,0,차대차 - 측면직각충돌,안전거리미확보,기타,기타,교차로 - 교차로부근,승용,남,72세,상해없음,이륜,남,20세,중상
2012012600100464,2012년 1월 26일 19시,목요일,충청북도 청주시 상당구 사천동,경상사고,0,0,1,0,차대차 - 측면직각충돌,교차로운행방법위반,결빙,흐림,교차로 - 교차로안,화물,남,39세,상해없음,승용,남,50세,경상
2012012600100465,2012년 1월 26일 19시,목요일,충청북도 괴산군 사리면,중상사고,0,2,1,0,차량단독 - 공작물충돌,안전운전불이행,결빙,눈,단일로 - 기타,승용,남,42세,경상,,,,
2012012600100466,2012년 1월 26일 19시,목요일,충청북도 단양군 매포읍,중상사고,0,1,0,0,차대차 - 측면직각충돌,안전운전불이행,적설,맑음,단일로 - 기타,승용,남,40세,상해없음,승용,남,38세,중상
2012012600100467,2012년 1월 26일 19시,목요일,충청북도 청주시 흥덕구 죽림동,경상사고,0,0,1,0,차대차 - 측면직각충돌,교차로운행방법위반,건조,맑음,교차로 - 교차로안,승용,남,50세,상해없음,화물,남,49세,경상
2012012600100534,2012년 1월 26일 21시,목요일,충청북도 음성군 대소면,중상사고,0,1,0,0,차대차 - 추돌 - 진행중,차로위반,건조,맑음,단일로 - 기타,승합,남,18세,상해없음,승용,남,29세,중상
2012012600100535,2012년 1월 26일 21시,목요일,충청북도 청주시 흥덕구 송정동,중상사고,0,1,0,0,차대차 - 측면직각충돌,안전운전불이행,건조,맑음,단일로 - 기타,승용,남,27세,상해없음,승합,남,41세,중상
2012012600100557,2012년 1월 26일 22시,목요일,충청북도 청주시 흥덕구 운천동,사망사고,2,0,0,0,차대사람 - 보도통행중,안전운전불이행,건조,맑음,교차로 - 교차로부근,승용,남,52세,사망,보행자,남,47세,사망
2012012600100558,2012년 1월 26일 22시,목요일,충청북도 청주시 흥덕구 수곡동,경상사고,0,0,2,0,차대차 - 추돌 - 주정차중,안전운전불이행,건조,맑음,교차로 - 교차로부근,승용,남,59세,상해없음,승합,남,49세,경상
2012012700100028,2012년 1월 27일 01시,금요일,충청북도 충주시 교현동,경상사고,0,0,1,0,차대차 - 추돌 - 진행중,신호위반,건조,맑음,교차로 - 교차로안,승용,남,28세,상해없음,승용,남,42세,경상
2012012700100041,2012년 1월 27일 02시,금요일,충청북도 청주시 흥덕구 산남동,경상사고,0,0,1,0,차대사람 - 기타,안전운전불이행,건조,맑음,단일로 - 기타,승용,남,32세,상해없음,보행자,남,38세,경상
2012012700100101,2012년 1월 27일 08시,금요일,충청북도 청주시 상당구 수동,경상사고,0,0,1,0,차대차 - 기타,안전운전불이행,건조,맑음,교차로 - 교차로부근,승용,남,71세,상해없음,승용,여,39세,경상
2012012700100102,2012년 1월 27일 08시,금요일,충청북도 음성군 금왕읍,중상사고,0,1,0,0,차대차 - 정면충돌,신호위반,결빙,눈,교차로 - 교차로안,승용,남,28세,상해없음,승용,여,39세,중상
2012012700100103,2012년 1월 27일 08시,금요일,충청북도 음성군 대소면,중상사고,0,1,0,0,차대차 - 측면직각충돌,신호위반,건조,맑음,교차로 - 교차로안,화물,남,45세,상해없음,승용,남,32세,중상
2012012700100137,2012년 1월 27일 09시,금요일,충청북도 청주시 상당구 용암동,경상사고,0,0,1,0,차대차 - 기타,안전운전불이행,건조,맑음,기타 - 기타,승용,남,41세,기타불명,승용,여,29세,경상
2012012700100157,2012년 1월 27일 10시,금요일,충청북도 충주시 교현동,경상사고,0,0,1,0,차대사람 - 횡단중,보행자보호의무위반,건조,맑음,교차로 - 교차로부근,승용,남,66세,상해없음,보행자,남,69세,경상
2012012700100182,2012년 1월 27일 11시,금요일,충청북도 청주시 상당구 수동,경상사고,0,0,1,0,차대차 - 기타,안전운전불이행,건조,맑음,단일로 - 횡단보도부근,승용,남,51세,상해없음,자전거,남,13세,경상
2012012700100183,2012년 1월 27일 11시,금요일,충청북도 제천시 남천동,경상사고,0,0,1,0,차대사람 - 기타,기타,적설,눈,기타 - 기타,승용,여,35세,상해없음,보행자,여,51세,경상
2012012700100212,2012년 1월 27일 12시,금요일,충청북도 제천시 송학면,경상사고,0,0,2,0,차대차 - 측면직각충돌,안전거리미확보,결빙,맑음,단일로 - 기타,화물,남,44세,상해없음,승용,여,39세,경상
2012012700100234,2012년 1월 27일 13시,금요일,충청북도 충주시 봉방동,경상사고,0,0,1,0,차대차 - 기타,직진우회전진행방해,건조,맑음,교차로 - 교차로안,승합,남,60세,상해없음,원동기,남,75세,경상
2012012700100342,2012년 1월 27일 16시,금요일,충청북도 충주시 충인동,부상신고사고,0,0,0,1,차대차 - 측면직각충돌,안전운전불이행,건조,맑음,교차로 - 교차로안,승용,남,34세,상해없음,원동기,남,17세,부상신고
2012012700100362,2012년 1월 27일 17시,금요일,충청북도 옥천군 옥천읍,중상사고,0,1,1,0,차대차 - 추돌 - 진행중,안전운전불이행,건조,맑음,교차로 - 교차로부근,승용,여,14세,기타불명,승용,남,54세,중상
2012012700100363,2012년 1월 27일 17시,금요일,충청북도 청주시 흥덕구 비하동,중상사고,0,1,1,0,차대차 - 추돌 - 진행중,안전거리미확보,건조,맑음,단일로 - 기타,화물,남,21세,경상,승용,남,36세,상해없음
2012012700100404,2012년 1월 27일 18시,금요일,충청북도 청주시 흥덕구 사창동,중상사고,0,1,0,0,차대차 - 기타,안전운전불이행,건조,맑음,단일로 - 기타,승용,남,31세,상해없음,원동기,남,23세,중상
2012012700100405,2012년 1월 27일 18시,금요일,충청북도 청주시 흥덕구 모충동,경상사고,0,0,1,0,차대차 - 기타,신호위반,건조,맑음,교차로 - 교차로안,승용,남,55세,상해없음,자전거,남,13세,경상
2012012700100457,2012년 1월 27일 19시,금요일,충청북도 충주시 칠금동,중상사고,0,2,2,0,차대차 - 측면직각충돌,신호위반,습기,흐림,교차로 - 교차로안,화물,남,44세,상해없음,화물,남,59세,중상
2012012700100458,2012년 1월 27일 19시,금요일,충청북도 제천시 대랑동,경상사고,0,0,1,0,차대차 - 측면직각충돌,안전운전불이행,적설,눈,단일로 - 기타,화물,남,53세,상해없음,특수,남,56세,상해없음
2012012700100459,2012년 1월 27일 19시,금요일,충청북도 제천시 송학면,중상사고,0,1,0,0,차대사람 - 보도통행중,안전운전불이행,적설,눈,기타 - 기타,승합,남,28세,상해없음,보행자,여,26세,중상
2012012700100460,2012년 1월 27일 19시,금요일,충청북도 청주시 흥덕구 송정동,경상사고,0,0,1,0,차대차 - 측면직각충돌,교차로운행방법위반,건조,맑음,교차로 - 교차로안,승용,남,50세,상해없음,승용,남,57세,경상
2012012700100492,2012년 1월 27일 20시,금요일,충청북도 청주시 흥덕구 분평동,경상사고,0,0,1,0,차대차 - 기타,안전운전불이행,건조,맑음,교차로 - 교차로부근,승용,남,55세,상해없음,승용,여,40세,경상
2012012700100581,2012년 1월 27일 23시,금요일,충청북도 충주시 칠금동,부상신고사고,0,0,0,1,차량단독 - 공작물충돌,안전운전불이행,건조,맑음,단일로 - 기타,승용,남,39세,부상신고,,,,
2012012700100582,2012년 1월 27일 23시,금요일,충청북도 청원군 낭성면,경상사고,0,0,1,0,차량단독 - 공작물충돌,안전운전불이행,결빙,맑음,단일로 - 기타,승용,남,47세,경상,,,,
2012012800100018,2012년 1월 28일 00시,토요일,충청북도 제천시 중앙로1가,경상사고,0,0,1,0,차대사람 - 기타,안전운전불이행,건조,맑음,기타 - 기타,승용,남,24세,상해없음,보행자,남,45세,경상
2012012800100119,2012년 1월 28일 06시,토요일,충청북도 청주시 흥덕구 사직동,사망사고,1,0,1,0,차대사람 - 횡단중,안전운전불이행,건조,맑음,단일로 - 기타,승합,남,59세,상해없음,보행자,여,75세,사망
2012012800100131,2012년 1월 28일 07시,토요일,충청북도 청주시 흥덕구 향정동,중상사고,0,2,1,0,차대사람 - 횡단중,보행자보호의무위반,건조,맑음,단일로 - 횡단보도상,승용,남,34세,상해없음,보행자,여,23세,중상
2012012800100147,2012년 1월 28일 08시,토요일,충청북도 청주시 흥덕구 봉명동,중상사고,0,2,0,0,차대차 - 측면직각충돌,안전운전불이행,건조,맑음,교차로 - 교차로부근,승합,남,27세,상해없음,승용,남,27세,중상
2012012800100177,2012년 1월 28일 09시,토요일,충청북도 청주시 흥덕구 사창동,경상사고,0,0,1,0,차대차 - 측면직각충돌,차로위반,건조,맑음,교차로 - 교차로부근,승용,남,38세,상해없음,승합,남,57세,경상
2012012800100215,2012년 1월 28일 11시,토요일,충청북도 충주시 가금면,중상사고,0,1,0,0,차대사람 - 길가장자리구역통행중,안전운전불이행,건조,맑음,단일로 - 기타,승용,남,69세,상해없음,보행자,남,37세,중상
2012012800100235,2012년 1월 28일 12시,토요일,충청북도 제천시 하소동,중상사고,0,2,2,0,차대차 - 측면직각충돌,신호위반,습기,맑음,교차로 - 교차로안,승용,여,34세,상해없음,승용,여,51세,경상
2012012800100266,2012년 1월 28일 13시,토요일,충청북도 음성군 맹동면,경상사고,0,0,1,0,차대차 - 측면직각충돌,교차로운행방법위반,건조,맑음,교차로 - 교차로안,건설기계,남,45세,상해없음,승합,남,25세,경상
2012012800100285,2012년 1월 28일 14시,토요일,충청북도 청주시 흥덕구 신봉동,경상사고,0,0,2,0,차대차 - 추돌 - 주정차중,안전운전불이행,건조,맑음,교차로 - 교차로부근,승용,여,37세,상해없음,승용,남,58세,경상
2012012800100286,2012년 1월 28일 14시,토요일,충청북도 청주시 상당구 용암동,경상사고,0,0,1,0,차대차 - 추돌 - 진행중,안전운전불이행,건조,맑음,교차로 - 교차로부근,승용,여,45세,상해없음,승용,여,41세,경상
2012012800100306,2012년 1월 28일 15시,토요일,충청북도 청주시 흥덕구 봉명동,경상사고,0,0,3,0,차대차 - 기타,차로위반,건조,맑음,교차로 - 교차로부근,승용,여,45세,상해없음,승용,남,45세,경상
2012012800100326,2012년 1월 28일 16시,토요일,충청북도 제천시 화산동,중상사고,0,3,0,0,차대차 - 측면직각충돌,안전거리미확보,건조,맑음,교차로 - 교차로부근,화물,남,62세,상해없음,승용,남,33세,중상
2012012800100341,2012년 1월 28일 17시,토요일,충청북도 음성군 대소면,경상사고,0,0,1,0,차대차 - 기타,교차로운행방법위반,건조,맑음,교차로 - 교차로안,승용,남,44세,상해없음,승용,남,56세,경상
2012012800100342,2012년 1월 28일 17시,토요일,충청북도 청주시 흥덕구 사창동,경상사고,0,0,1,0,차대차 - 측면직각충돌,안전운전불이행,건조,맑음,단일로 - 기타,승용,여,54세,상해없음,승용,여,53세,경상
2012012800100367,2012년 1월 28일 18시,토요일,충청북도 청주시 흥덕구 복대동,중상사고,0,1,3,0,차대차 - 측면직각충돌,안전운전불이행,건조,맑음,단일로 - 기타,화물,남,24세,상해없음,승용,남,46세,중상
2012012800100492,2012년 1월 28일 23시,토요일,충청북도 청주시 흥덕구 사직동,경상사고,0,0,1,0,차대차 - 측면직각충돌,안전운전불이행,건조,맑음,교차로 - 교차로부근,승용,남,59세,상해없음,승용,남,35세,경상
2012012900100071,2012년 1월 29일 03시,일요일,충청북도 청주시 상당구 금천동,경상사고,0,0,1,0,차대사람 - 기타,안전운전불이행,건조,맑음,교차로 - 교차로안,승용,남,49세,상해없음,보행자,남,29세,경상
2012012900100078,2012년 1월 29일 04시,일요일,충청북도 충주시 교현동,경상사고,0,0,2,0,차대차 - 측면직각충돌,안전거리미확보,건조,맑음,단일로 - 기타,승용,남,25세,상해없음,승용,남,27세,경상
2012012900100111,2012년 1월 29일 06시,일요일,충청북도 청원군 강내면,중상사고,0,1,0,0,차대차 - 추돌 - 진행중,안전운전불이행,건조,맑음,단일로 - 기타,승용,남,23세,중상,화물,남,45세,상해없음
2012012900100209,2012년 1월 29일 13시,일요일,충청북도 청주시 흥덕구 수곡동,경상사고,0,0,3,0,차대차 - 기타,안전운전불이행,건조,맑음,교차로 - 교차로부근,승용,남,47세,상해없음,승용,남,40세,경상
2012012900100289,2012년 1월 29일 17시,일요일,충청북도 증평군 증평읍,경상사고,0,0,5,0,차대차 - 측면직각충돌,직진우회전진행방해,건조,맑음,교차로 - 교차로안,화물,남,62세,경상,승용,남,36세,경상
2012012900100322,2012년 1월 29일 18시,일요일,충청북도 청주시 상당구 용암동,사망사고,1,0,0,0,차대사람 - 기타,안전운전불이행,건조,맑음,단일로 - 기타,승용,남,65세,상해없음,보행자,남,71세,사망
2012012900100371,2012년 1월 29일 20시,일요일,충청북도 청주시 흥덕구 산남동,경상사고,0,0,3,0,차대차 - 추돌 - 진행중,교차로운행방법위반,건조,맑음,교차로 - 교차로안,승용,남,55세,경상,승용,남,40세,경상
2012012900100394,2012년 1월 29일 21시,일요일,충청북도 충주시 칠금동,부상신고사고,0,0,0,1,차대차 - 추돌 - 주정차중,안전운전불이행,건조,맑음,단일로 - 기타,승용,남,56세,상해없음,승용,여,30세,상해없음
2012012900100417,2012년 1월 29일 22시,일요일,충청북도 진천군 광혜원면,중상사고,0,1,0,0,차대차 - 측면직각충돌,신호위반,건조,맑음,교차로 - 교차로안,승용,남,37세,상해없음,승용,여,58세,중상
2012013000100120,2012년 1월 30일 09시,월요일,충청북도 괴산군 감물면,사망사고,1,0,0,0,차량단독 - 공작물충돌,안전운전불이행,건조,맑음,단일로 - 기타,특수,남,45세,사망,,,,
2012013000100121,2012년 1월 30일 09시,월요일,충청북도 청주시 흥덕구 장성동,중상사고,0,1,0,0,차대차 - 추돌 - 주정차중,안전운전불이행,건조,맑음,기타 - 기타,승용,남,49세,상해없음,승용,여,55세,중상
2012013000100138,2012년 1월 30일 10시,월요일,충청북도 청주시 상당구 용암동,경상사고,0,0,1,0,차대차 - 기타,안전운전불이행,건조,맑음,교차로 - 교차로안,화물,남,61세,상해없음,승용,여,41세,경상
2012013000100218,2012년 1월 30일 13시,월요일,충청북도 음성군 소이면,경상사고,0,0,1,0,차대차 - 기타,안전운전불이행,건조,맑음,단일로 - 기타,기타불명,기타불명,기타불명,기타불명,자전거,남,8세,경상
2012013000100242,2012년 1월 30일 14시,월요일,충청북도 청주시 상당구 금천동,경상사고,0,0,2,0,차대차 - 측면직각충돌,안전운전불이행,건조,맑음,단일로 - 기타,이륜,남,16세,경상,화물,남,62세,상해없음
2012013000100289,2012년 1월 30일 16시,월요일,충청북도 청주시 상당구 대성동,경상사고,0,0,3,0,차대차 - 추돌 - 진행중,안전거리미확보,건조,맑음,단일로 - 기타,승용,남,40세,상해없음,승용,남,61세,경상
2012013000100290,2012년 1월 30일 16시,월요일,충청북도 충주시 목행동,경상사고,0,0,2,0,차대차 - 추돌 - 진행중,직진우회전진행방해,건조,맑음,교차로 - 교차로안,승용,남,41세,상해없음,승용,남,54세,경상
2012013000100352,2012년 1월 30일 18시,월요일,충청북도 제천시 하소동,중상사고,0,1,2,0,차대차 - 기타,신호위반,건조,맑음,단일로 - 기타,승용,남,46세,상해없음,승용,남,31세,중상
2012013000100353,2012년 1월 30일 18시,월요일,충청북도 청주시 흥덕구 복대동,경상사고,0,0,1,0,차대차 - 추돌 - 주정차중,안전운전불이행,건조,맑음,교차로 - 교차로부근,승용,남,47세,상해없음,승용,여,41세,경상
2012013000100425,2012년 1월 30일 20시,월요일,충청북도 단양군 단양읍,중상사고,0,1,0,0,차대차 - 정면충돌,안전운전불이행,건조,맑음,단일로 - 기타,원동기,남,45세,중상,승용,남,39세,상해없음
2012013000100450,2012년 1월 30일 21시,월요일,충청북도 제천시 중앙로1가,중상사고,0,4,0,0,차대차 - 기타,안전운전불이행,건조,맑음,교차로 - 교차로부근,화물,남,52세,상해없음,승용,남,59세,상해없음
2012013000100471,2012년 1월 30일 22시,월요일,충청북도 청원군 옥산면,중상사고,0,1,3,0,차대차 - 측면직각충돌,신호위반,건조,맑음,교차로 - 교차로안,승용,여,51세,상해없음,승용,남,46세,중상
2012013000100472,2012년 1월 30일 22시,월요일,충청북도 청주시 흥덕구 복대동,경상사고,0,0,1,0,차대차 - 측면직각충돌,안전운전불이행,건조,맑음,단일로 - 기타,승용,남,36세,상해없음,이륜,남,17세,경상
2012013000100500,2012년 1월 30일 23시,월요일,충청북도 음성군 음성읍,중상사고,0,2,0,0,차량단독 - 공작물충돌,안전운전불이행,결빙,맑음,단일로 - 기타,승용,남,38세,중상,,,,
2012013100100078,2012년 1월 31일 06시,화요일,충청북도 증평군 증평읍,중상사고,0,1,0,0,차량단독 - 공작물충돌,안전운전불이행,건조,맑음,단일로 - 기타,승용,남,49세,중상,,,,
2012013100100094,2012년 1월 31일 07시,화요일,충청북도 청주시 상당구 내덕동,경상사고,0,0,1,0,차대차 - 측면직각충돌,교차로운행방법위반,적설,눈,교차로 - 교차로안,승용,남,51세,상해없음,승용,남,26세,경상
2012013100100095,2012년 1월 31일 07시,화요일,충청북도 청주시 흥덕구 운천동,경상사고,0,0,1,0,차대차 - 측면직각충돌,안전운전불이행,건조,맑음,단일로 - 횡단보도부근,승용,남,52세,상해없음,자전거,남,37세,경상
2012013100100116,2012년 1월 31일 08시,화요일,충청북도 충주시 대소원면,중상사고,0,1,2,0,차대차 - 측면직각충돌,직진우회전진행방해,건조,맑음,교차로 - 교차로안,승용,남,47세,중상,승용,남,48세,경상
2012013100100136,2012년 1월 31일 09시,화요일,충청북도 청주시 흥덕구 복대동,경상사고,0,0,1,0,차대차 - 추돌 - 진행중,안전거리미확보,건조,맑음,단일로 - 기타,승합,남,41세,상해없음,화물,남,51세,경상
2012013100100156,2012년 1월 31일 10시,화요일,충청북도 청원군 오창읍,사망사고,1,1,3,0,차대차 - 정면충돌,중앙선침범,건조,흐림,교차로 - 교차로부근,승용,남,28세,사망,화물,남,56세,중상
2012013100100273,2012년 1월 31일 15시,화요일,충청북도 괴산군 장연면,중상사고,0,1,0,0,차대차 - 기타,안전운전불이행,건조,흐림,단일로 - 기타,승합,남,44세,상해없음,이륜,남,80세,중상
2012013100100317,2012년 1월 31일 16시,화요일,충청북도 영동군 영동읍,경상사고,0,0,1,0,차대사람 - 횡단중,보행자보호의무위반,습기,비,단일로 - 기타,화물,남,39세,상해없음,보행자,남,9세,경상
2012013100100318,2012년 1월 31일 16시,화요일,충청북도 음성군 음성읍,중상사고,0,1,0,0,차대차 - 추돌 - 주정차중,안전운전불이행,적설,맑음,교차로 - 교차로부근,화물,남,42세,상해없음,원동기,남,53세,중상
2012013100100319,2012년 1월 31일 16시,화요일,충청북도 청주시 흥덕구 사직동,경상사고,0,0,1,0,차대사람 - 차도통행중,기타,적설,눈,단일로 - 기타,승합,남,39세,상해없음,보행자,남,55세,경상
2012013100100320,2012년 1월 31일 16시,화요일,충청북도 청원군 남이면,경상사고,0,0,1,0,차대차 - 기타,기타,적설,눈,단일로 - 기타,화물,남,58세,상해없음,승용,여,42세,경상
2012013100100365,2012년 1월 31일 17시,화요일,충청북도 제천시 송학면,사망사고,1,1,0,0,차량단독 - 전도전복,안전운전불이행,적설,눈,단일로 - 기타,승용,남,53세,중상,,,,
2012013100100366,2012년 1월 31일 17시,화요일,충청북도 진천군 덕산면,중상사고,0,1,0,0,차대차 - 정면충돌,중앙선침범,적설,눈,단일로 - 기타,승용,남,50세,상해없음,승용,남,39세,상해없음
2012013100100367,2012년 1월 31일 17시,화요일,충청북도 청원군 옥산면,경상사고,0,0,1,0,차대차 - 측면직각충돌,신호위반,결빙,눈,교차로 - 교차로안,승용,남,25세,상해없음,승용,남,35세,경상
2012013100100368,2012년 1월 31일 17시,화요일,충청북도 청원군 남이면,중상사고,0,1,3,0,차대차 - 추돌 - 진행중,안전운전불이행,적설,눈,단일로 - 기타,승용,여,51세,경상,승용,남,26세,중상
2012013100100369,2012년 1월 31일 17시,화요일,충청북도 청주시 흥덕구 분평동,경상사고,0,0,1,0,차대차 - 측면직각충돌,중앙선침범,결빙,흐림,단일로 - 기타,승용,남,33세,상해없음,승용,남,51세,경상
2012013100100403,2012년 1월 31일 18시,화요일,충청북도 제천시 동현동,중상사고,0,1,0,0,차대차 - 측면직각충돌,안전운전불이행,적설,눈,교차로 - 교차로부근,승용,남,47세,상해없음,승용,여,41세,중상
2012013100100404,2012년 1월 31일 18시,화요일,충청북도 청주시 흥덕구 사직동,경상사고,0,0,3,0,차대차 - 측면직각충돌,안전운전불이행,결빙,눈,단일로 - 기타,승합,남,59세,상해없음,승용,남,46세,경상
2012013100100405,2012년 1월 31일 18시,화요일,충청북도 청원군 옥산면,경상사고,0,0,1,0,차대차 - 추돌 - 진행중,안전운전불이행,적설,눈,단일로 - 기타,승용,남,27세,상해없음,승용,남,28세,경상
2012013100100406,2012년 1월 31일 18시,화요일,충청북도 청원군 문의면,경상사고,0,0,1,0,차대사람 - 기타,안전운전불이행,결빙,눈,교차로 - 교차로안,화물,남,46세,상해없음,보행자,남,34세,경상
2012013100100407,2012년 1월 31일 18시,화요일,충청북도 음성군 감곡면,경상사고,0,0,4,0,차대차 - 측면직각충돌,안전운전불이행,적설,눈,단일로 - 기타,승합,남,51세,경상,승합,남,50세,경상
2012013100100486,2012년 1월 31일 20시,화요일,충청북도 청주시 흥덕구 사창동,중상사고,0,1,0,0,차대사람 - 횡단중,신호위반,결빙,눈,단일로 - 기타,승합,남,29세,상해없음,보행자,여,51세,중상
2012013100100487,2012년 1월 31일 20시,화요일,충청북도 음성군 감곡면,중상사고,0,1,1,0,차대차 - 추돌 - 진행중,안전운전불이행,적설,눈,단일로 - 기타,화물,남,39세,중상,화물,남,43세,경상
2012013100100519,2012년 1월 31일 21시,화요일,충청북도 충주시 엄정면,경상사고,0,0,1,0,차량단독 - 공작물충돌,안전운전불이행,결빙,맑음,단일로 - 기타,승용,남,41세,상해없음,,,,
2012013100100558,2012년 1월 31일 22시,화요일,충청북도 제천시 남천동,중상사고,0,1,2,0,차대차 - 측면직각충돌,직진우회전진행방해,적설,눈,교차로 - 교차로안,승용,남,59세,상해없음,승용,여,32세,중상
2012013100100559,2012년 1월 31일 22시,화요일,충청북도 진천군 문백면,경상사고,0,0,1,0,차량단독 - 공작물충돌,안전운전불이행,적설,눈,단일로 - 기타,승용,남,42세,상해없음,,,,
2012020100100012,2012년 2월 1일 00시,수요일,충청북도 청주시 상당구 용담동,경상사고,0,0,1,0,차량단독 - 공작물충돌,안전운전불이행,결빙,눈,교차로 - 교차로안,승용,남,33세,상해없음,,,,
2012020100100180,2012년 2월 1일 10시,수요일,충청북도 청주시 흥덕구 가경동,경상사고,0,0,4,0,차대차 - 추돌 - 진행중,안전운전불이행,습기,흐림,교차로 - 교차로부근,승용,남,57세,상해없음,승용,여,41세,경상
2012020100100211,2012년 2월 1일 11시,수요일,충청북도 청주시 흥덕구 분평동,중상사고,0,1,0,0,차대사람 - 기타,안전운전불이행,결빙,맑음,단일로 - 횡단보도상,승용,남,55세,상해없음,보행자,여,70세,중상
2012020100100284,2012년 2월 1일 14시,수요일,충청북도 충주시 문화동,경상사고,0,0,1,0,차대차 - 추돌 - 진행중,안전운전불이행,습기,맑음,단일로 - 기타,승합,남,50세,상해없음,승용,남,43세,경상
2012020100100285,2012년 2월 1일 14시,수요일,충청북도 음성군 금왕읍,경상사고,0,0,1,0,차대차 - 추돌 - 진행중,안전운전불이행,결빙,맑음,단일로 - 기타,승용,남,48세,상해없음,화물,남,36세,경상
2012020100100341,2012년 2월 1일 16시,수요일,충청북도 청원군 오창읍,경상사고,0,0,1,0,차대차 - 기타,안전운전불이행,적설,맑음,교차로 - 교차로안,화물,남,46세,상해없음,승용,남,67세,경상
2012020100100342,2012년 2월 1일 16시,수요일,충청북도 청주시 흥덕구 가경동,경상사고,0,0,1,0,차대차 - 추돌 - 진행중,안전운전불이행,결빙,맑음,교차로 - 교차로부근,승용,여,37세,상해없음,승용,남,37세,경상
2012020100100343,2012년 2월 1일 16시,수요일,충청북도 청주시 흥덕구 사창동,경상사고,0,0,1,0,차대차 - 추돌 - 진행중,안전거리미확보,건조,맑음,단일로 - 기타,승용,남,21세,상해없음,승용,남,38세,경상
2012020100100372,2012년 2월 1일 17시,수요일,충청북도 청주시 상당구 석교동,경상사고,0,0,2,0,차대차 - 기타,안전운전불이행,습기,맑음,단일로 - 기타,승용,남,34세,경상,승용,남,28세,경상
2012020100100432,2012년 2월 1일 19시,수요일,충청북도 충주시 용산동,중상사고,0,1,0,0,차대차 - 측면직각충돌,중앙선침범,결빙,맑음,단일로 - 기타,화물,남,49세,상해없음,승용,남,49세,중상
2012020100100433,2012년 2월 1일 19시,수요일,충청북도 제천시 중앙로2가,중상사고,0,1,0,0,차대차 - 추돌 - 진행중,안전거리미확보,적설,눈,교차로 - 교차로부근,승용,남,27세,상해없음,승용,여,55세,중상
2012020100100434,2012년 2월 1일 19시,수요일,충청북도 음성군 음성읍,경상사고,0,0,1,0,차대차 - 정면충돌,중앙선침범,결빙,흐림,단일로 - 기타,승용,남,54세,상해없음,승용,남,43세,경상
2012020100100435,2012년 2월 1일 19시,수요일,충청북도 청주시 흥덕구 사직동,중상사고,0,1,0,0,차대차 - 추돌 - 주정차중,안전운전불이행,결빙,맑음,단일로 - 기타,승용,여,43세,상해없음,승용,여,43세,중상