사고번호,사고일시,요일,시군구,사고내용,사망자수,중상자수,경상자수,부상신고자수,사고유형,법규위반,노면상태,기상상태,도로형태,가해운전자 차종,가해운전자 성별,가해운전자 연령,가해운전자 상해정도,피해운전자 차종,피해운전자 성별,피해운전자 연령,피해운전자 상해정도
2012020100100436,2012년 2월 1일 19시,수요일,충청북도 청주시 흥덕구 산남동,경상사고,0,0,1,0,차대차 - 기타,중앙선침범,결빙,맑음,단일로 - 기타,승용,여,34세,상해없음,승용,여,23세,경상
2012020100100437,2012년 2월 1일 19시,수요일,충청북도 청주시 흥덕구 산남동,경상사고,0,0,1,0,차대차 - 추돌 - 진행중,안전운전불이행,적설,눈,교차로 - 교차로부근,승용,남,22세,상해없음,승용,여,33세,경상
2012020100100480,2012년 2월 1일 21시,수요일,충청북도 청주시 흥덕구 복대동,경상사고,0,0,3,0,차대차 - 측면직각충돌,안전운전불이행,결빙,눈,단일로 - 기타,승용,남,25세,상해없음,승용,남,41세,경상
2012020100100507,2012년 2월 1일 22시,수요일,충청북도 청주시 흥덕구 산남동,경상사고,0,0,1,0,차대사람 - 횡단중,안전운전불이행,결빙,눈,교차로 - 교차로안,승용,남,30세,상해없음,보행자,여,48세,경상
2012020100100533,2012년 2월 1일 23시,수요일,충청북도 청주시 흥덕구 운천동,경상사고,0,0,3,0,차대차 - 측면직각충돌,신호위반,습기,흐림,교차로 - 교차로안,승용,남,41세,상해없음,승용,남,46세,경상
2012020200100013,2012년 2월 2일 00시,목요일,충청북도 청주시 흥덕구 분평동,경상사고,0,0,1,0,차대차 - 추돌 - 주정차중,안전운전불이행,건조,맑음,교차로 - 교차로부근,승용,남,29세,상해없음,화물,남,39세,상해없음
2012020200100033,2012년 2월 2일 01시,목요일,충청북도 영동군 상촌면,중상사고,0,1,2,0,차량단독 - 도로외이탈 - 추락,안전운전불이행,결빙,눈,교차로 - 교차로안,화물,남,59세,경상,,,,
2012020200100085,2012년 2월 2일 06시,목요일,충청북도 청주시 상당구 율량동,경상사고,0,0,2,0,차대차 - 기타,안전운전불이행,결빙,맑음,단일로 - 기타,승용,여,45세,상해없음,승용,남,56세,경상
2012020200100086,2012년 2월 2일 06시,목요일,충청북도 청주시 상당구 우암동,경상사고,0,0,1,0,차대차 - 측면직각충돌,중앙선침범,건조,맑음,단일로 - 기타,승용,남,28세,상해없음,화물,남,29세,경상
2012020200100104,2012년 2월 2일 07시,목요일,충청북도 청주시 상당구 서문동,경상사고,0,0,1,0,차대차 - 기타,안전거리미확보,적설,눈,단일로 - 기타,승용,남,39세,상해없음,승용,남,39세,경상
2012020200100135,2012년 2월 2일 08시,목요일,충청북도 음성군 금왕읍,중상사고,0,1,0,0,차대차 - 측면직각충돌,안전운전불이행,결빙,맑음,단일로 - 기타,화물,남,42세,상해없음,승용,남,42세,중상
2012020200100136,2012년 2월 2일 08시,목요일,충청북도 진천군 덕산면,중상사고,0,2,0,0,차대차 - 정면충돌,안전운전불이행,적설,맑음,단일로 - 기타,승용,남,26세,중상,승합,남,39세,중상
2012020200100137,2012년 2월 2일 08시,목요일,충청북도 청주시 흥덕구 성화동,중상사고,0,1,0,0,차대사람 - 보도통행중,기타,결빙,맑음,교차로 - 교차로부근,승합,남,44세,상해없음,보행자,남,34세,중상
2012020200100164,2012년 2월 2일 09시,목요일,충청북도 충주시 노은면,경상사고,0,0,2,0,차대차 - 정면충돌,중앙선침범,결빙,맑음,단일로 - 기타,승용,여,28세,상해없음,승용,남,53세,경상
2012020200100192,2012년 2월 2일 10시,목요일,충청북도 음성군 대소면,중상사고,0,1,1,0,차대차 - 기타,안전운전불이행,건조,맑음,단일로 - 기타,화물,남,53세,상해없음,화물,남,46세,경상
2012020200100221,2012년 2월 2일 11시,목요일,충청북도 청주시 상당구 용암동,경상사고,0,0,2,0,차대차 - 측면직각충돌,교차로운행방법위반,결빙,맑음,교차로 - 교차로안,승용,남,55세,상해없음,승용,남,48세,상해없음
2012020200100320,2012년 2월 2일 14시,목요일,충청북도 제천시 장락동,경상사고,0,0,1,0,차대사람 - 기타,안전운전불이행,적설,맑음,단일로 - 기타,승용,남,57세,상해없음,보행자,여,12세,경상
2012020200100321,2012년 2월 2일 14시,목요일,충청북도 청주시 상당구 용암동,중상사고,0,1,1,0,차대차 - 추돌 - 주정차중,안전운전불이행,결빙,맑음,단일로 - 기타,승용,남,36세,상해없음,승용,여,51세,경상
2012020200100411,2012년 2월 2일 17시,목요일,충청북도 음성군 삼성면,중상사고,0,1,1,0,차대차 - 정면충돌,안전운전불이행,건조,맑음,단일로 - 기타,화물,남,41세,경상,승용,남,49세,중상
2012020200100496,2012년 2월 2일 20시,목요일,충청북도 음성군 금왕읍,경상사고,0,0,2,0,차대차 - 추돌 - 진행중,안전운전불이행,결빙,흐림,단일로 - 기타,승용,남,38세,상해없음,승용,남,27세,경상
2012020200100518,2012년 2월 2일 21시,목요일,충청북도 충주시 지현동,경상사고,0,0,1,0,차대사람 - 길가장자리구역통행중,안전운전불이행,결빙,맑음,단일로 - 기타,승용,기타불명,기타불명,기타불명,보행자,남,79세,경상
2012020200100554,2012년 2월 2일 22시,목요일,충청북도 청주시 흥덕구 봉명동,경상사고,0,0,2,0,차대차 - 측면직각충돌,안전운전불이행,결빙,맑음,교차로 - 교차로부근,승용,남,29세,경상,승용,남,34세,경상
2012020200100555,2012년 2월 2일 22시,목요일,충청북도 청주시 상당구 용암동,경상사고,0,0,2,0,차대차 - 추돌 - 주정차중,안전운전불이행,결빙,맑음,단일로 - 기타,승용,남,43세,상해없음,승용,남,47세,경상
2012020200100589,2012년 2월 2일 23시,목요일,충청북도 증평군 도안면,경상사고,0,0,4,0,차대차 - 측면직각충돌,신호위반,건조,맑음,교차로 - 교차로안,승용,남,43세,경상,승용,남,49세,경상
2012020200100590,2012년 2월 2일 23시,목요일,충청북도 청주시 상당구 용암동,경상사고,0,0,2,0,차대차 - 기타,중앙선침범,결빙,맑음,단일로 - 기타,승합,남,53세,상해없음,승용,여,34세,경상
2012020300100018,2012년 2월 3일 00시,금요일,충청북도 충주시 교현동,경상사고,0,0,1,0,차대차 - 추돌 - 주정차중,안전운전불이행,건조,맑음,교차로 - 교차로부근,승용,남,35세,상해없음,승용,남,23세,경상
2012020300100148,2012년 2월 3일 08시,금요일,충청북도 충주시 칠금동,경상사고,0,0,1,0,차대차 - 측면직각충돌,교차로운행방법위반,결빙,맑음,교차로 - 교차로안,승용,여,41세,상해없음,승용,남,33세,경상
2012020300100149,2012년 2월 3일 08시,금요일,충청북도 청주시 상당구 용암동,경상사고,0,0,1,0,차대차 - 추돌 - 진행중,안전운전불이행,건조,맑음,단일로 - 기타,승용,남,48세,상해없음,승용,남,63세,상해없음
2012020300100176,2012년 2월 3일 09시,금요일,충청북도 제천시 서부동,중상사고,0,2,1,0,차대차 - 측면직각충돌,신호위반,건조,맑음,교차로 - 교차로안,승용,남,56세,상해없음,화물,남,76세,경상
2012020300100223,2012년 2월 3일 11시,금요일,충청북도 충주시 목행동,중상사고,0,1,0,0,차대차 - 추돌 - 진행중,안전운전불이행,습기,맑음,단일로 - 기타,화물,남,56세,상해없음,승용,남,43세,중상
2012020300100286,2012년 2월 3일 13시,금요일,충청북도 충주시 봉방동,경상사고,0,0,1,0,차대차 - 측면직각충돌,안전운전불이행,건조,맑음,단일로 - 기타,승용,남,37세,상해없음,승용,남,58세,경상
2012020300100287,2012년 2월 3일 13시,금요일,충청북도 청주시 흥덕구 개신동,부상신고사고,0,0,0,1,차대사람 - 횡단중,보행자보호의무위반,건조,맑음,단일로 - 횡단보도상,기타불명,기타불명,기타불명,기타불명,보행자,여,12세,부상신고
2012020300100309,2012년 2월 3일 14시,금요일,충청북도 청주시 흥덕구 가경동,경상사고,0,0,6,0,차대차 - 측면직각충돌,안전운전불이행,건조,맑음,교차로 - 교차로부근,승용,여,24세,경상,승용,남,66세,상해없음
2012020300100344,2012년 2월 3일 15시,금요일,충청북도 제천시 백운면,경상사고,0,0,2,0,차대차 - 측면직각충돌,중앙선침범,습기,맑음,단일로 - 기타,승용,남,43세,상해없음,화물,남,53세,경상
2012020300100345,2012년 2월 3일 15시,금요일,충청북도 청원군 강내면,중상사고,0,1,1,0,차대차 - 측면직각충돌,안전거리미확보,건조,맑음,교차로 - 교차로부근,화물,남,63세,중상,화물,남,27세,경상
2012020300100387,2012년 2월 3일 16시,금요일,충청북도 청원군 오창읍,경상사고,0,0,3,0,차대차 - 측면직각충돌,안전거리미확보,결빙,흐림,단일로 - 기타,화물,남,56세,경상,화물,남,26세,경상
2012020300100388,2012년 2월 3일 16시,금요일,충청북도 청주시 상당구 사천동,경상사고,0,0,1,0,차대차 - 추돌 - 주정차중,안전운전불이행,건조,흐림,단일로 - 기타,화물,남,50세,상해없음,승용,여,34세,경상
2012020300100389,2012년 2월 3일 16시,금요일,충청북도 충주시 연수동,중상사고,0,2,5,0,차대차 - 추돌 - 주정차중,안전운전불이행,결빙,맑음,단일로 - 기타,승용,여,43세,상해없음,화물,남,47세,경상
2012020300100390,2012년 2월 3일 16시,금요일,충청북도 괴산군 청천면,중상사고,0,1,0,0,차대차 - 정면충돌,중앙선침범,적설,흐림,단일로 - 기타,승용,남,26세,중상,승용,남,56세,상해없음
2012020300100424,2012년 2월 3일 17시,금요일,충청북도 제천시 봉양읍,중상사고,0,4,0,0,차량단독 - 공작물충돌,안전운전불이행,적설,눈,단일로 - 기타,승용,남,33세,상해없음,,,,
2012020300100425,2012년 2월 3일 17시,금요일,충청북도 청주시 흥덕구 향정동,중상사고,0,1,0,0,차대차 - 추돌 - 주정차중,안전운전불이행,결빙,흐림,단일로 - 기타,승용,남,23세,상해없음,자전거,남,24세,중상
2012020300100460,2012년 2월 3일 18시,금요일,충청북도 제천시 영천동,중상사고,0,2,0,0,차대차 - 기타,중앙선침범,결빙,맑음,단일로 - 기타,승용,남,56세,상해없음,승용,여,53세,중상
2012020300100510,2012년 2월 3일 19시,금요일,충청북도 충주시 호암동,중상사고,0,1,0,0,차대차 - 측면직각충돌,신호위반,건조,맑음,단일로 - 기타,승용,남,37세,상해없음,승용,남,25세,중상
2012020300100540,2012년 2월 3일 20시,금요일,충청북도 충주시 교현동,경상사고,0,0,1,0,차대사람 - 길가장자리구역통행중,안전운전불이행,결빙,맑음,단일로 - 기타,승용,남,54세,상해없음,보행자,남,59세,경상
2012020300100541,2012년 2월 3일 20시,금요일,충청북도 제천시 남천동,경상사고,0,0,1,0,차대차 - 측면직각충돌,안전운전불이행,적설,맑음,교차로 - 교차로부근,승용,남,51세,상해없음,원동기,남,18세,경상
2012020300100584,2012년 2월 3일 21시,금요일,충청북도 제천시 영천동,중상사고,0,1,0,0,차대차 - 측면직각충돌,직진우회전진행방해,습기,맑음,교차로 - 교차로안,승용,남,64세,상해없음,승용,남,49세,중상
2012020300100621,2012년 2월 3일 22시,금요일,충청북도 청주시 흥덕구 휴암동,경상사고,0,0,1,0,차대차 - 측면직각충돌,신호위반,건조,맑음,교차로 - 교차로안,승합,남,49세,상해없음,승용,여,47세,경상
2012020300100652,2012년 2월 3일 23시,금요일,충청북도 청원군 낭성면,경상사고,0,0,1,0,차량단독 - 공작물충돌,안전운전불이행,건조,맑음,단일로 - 기타,화물,남,37세,경상,,,,
2012020400100018,2012년 2월 4일 00시,토요일,충청북도 충주시 연수동,경상사고,0,0,1,0,차대차 - 측면직각충돌,신호위반,습기,맑음,교차로 - 교차로안,승용,남,52세,상해없음,승용,남,37세,경상
2012020400100072,2012년 2월 4일 02시,토요일,충청북도 청원군 오창읍,경상사고,0,0,2,0,차대차 - 추돌 - 주정차중,안전운전불이행,건조,맑음,교차로 - 교차로부근,승용,남,34세,상해없음,승용,남,55세,경상
2012020400100073,2012년 2월 4일 02시,토요일,충청북도 제천시 의림동,경상사고,0,0,2,0,차대사람 - 기타,안전운전불이행,적설,맑음,단일로 - 기타,승용,여,47세,상해없음,보행자,남,42세,경상
2012020400100074,2012년 2월 4일 02시,토요일,충청북도 청주시 흥덕구 사직동,경상사고,0,0,2,0,차대차 - 정면충돌,신호위반,습기,맑음,교차로 - 교차로안,승용,남,31세,상해없음,승용,남,51세,경상
2012020400100173,2012년 2월 4일 08시,토요일,충청북도 청원군 내수읍,중상사고,0,1,2,0,차대차 - 기타,중앙선침범,적설,눈,단일로 - 기타,승용,남,26세,중상,승용,남,25세,경상
2012020400100174,2012년 2월 4일 08시,토요일,충청북도 옥천군 옥천읍,경상사고,0,0,2,0,차대차 - 정면충돌,안전운전불이행,습기,맑음,단일로 - 기타,화물,남,46세,경상,승합,남,37세,경상
2012020400100175,2012년 2월 4일 08시,토요일,충청북도 충주시 노은면,경상사고,0,0,3,0,차대차 - 추돌 - 진행중,안전운전불이행,건조,맑음,단일로 - 터널,승용,남,54세,상해없음,승용,남,50세,경상
2012020400100195,2012년 2월 4일 09시,토요일,충청북도 충주시 주덕읍,중상사고,0,2,0,0,차대차 - 정면충돌,중앙선침범,결빙,맑음,단일로 - 기타,화물,남,24세,상해없음,화물,남,67세,중상
2012020400100296,2012년 2월 4일 13시,토요일,충청북도 단양군 매포읍,중상사고,0,1,4,0,차대차 - 정면충돌,안전거리미확보,건조,맑음,교차로 - 교차로안,승용,기타불명,기타불명,기타불명,승용,남,30세,중상
2012020400100297,2012년 2월 4일 13시,토요일,충청북도 청주시 흥덕구 개신동,경상사고,0,0,1,0,차대차 - 측면직각충돌,안전거리미확보,건조,맑음,교차로 - 교차로안,승용,남,35세,상해없음,승합,남,49세,경상
2012020400100411,2012년 2월 4일 17시,토요일,충청북도 제천시 중앙로2가,중상사고,0,1,0,0,차대사람 - 기타,안전운전불이행,습기,맑음,교차로 - 교차로부근,화물,남,24세,상해없음,보행자,여,67세,중상
2012020400100582,2012년 2월 4일 21시,토요일,충청북도 청주시 흥덕구 복대동,중상사고,0,1,0,0,차대사람 - 횡단중,신호위반,건조,맑음,단일로 - 횡단보도상,승용,여,30세,상해없음,보행자,여,66세,중상
2012020400100604,2012년 2월 4일 22시,토요일,충청북도 청주시 상당구 내덕동,중상사고,0,1,0,0,차대사람 - 횡단중,안전운전불이행,습기,맑음,단일로 - 기타,승용,남,36세,상해없음,보행자,남,21세,중상
2012020500100023,2012년 2월 5일 00시,일요일,충청북도 청주시 흥덕구 사직동,중상사고,0,1,1,0,차대차 - 측면직각충돌,교차로운행방법위반,건조,맑음,교차로 - 교차로안,승용,남,56세,중상,승용,남,43세,경상
2012020500100091,2012년 2월 5일 03시,일요일,충청북도 청주시 상당구 대성동,경상사고,0,0,1,0,차대차 - 기타,교차로운행방법위반,기타,기타,단일로 - 기타,승용,남,51세,상해없음,이륜,남,17세,경상
2012020500100178,2012년 2월 5일 09시,일요일,충청북도 청주시 상당구 용정동,경상사고,0,0,2,0,차대차 - 추돌 - 진행중,차로위반,건조,맑음,단일로 - 기타,승용,여,39세,경상,화물,남,61세,상해없음
2012020500100207,2012년 2월 5일 11시,일요일,충청북도 괴산군 칠성면,사망사고,2,0,0,0,차량단독 - 도로외이탈 - 기타,안전운전불이행,적설,맑음,단일로 - 기타,화물,남,59세,사망,,,,
2012020500100271,2012년 2월 5일 14시,일요일,충청북도 제천시 신동,경상사고,0,0,4,0,차대차 - 기타,기타,적설,맑음,단일로 - 기타,승용,여,27세,상해없음,승용,남,26세,상해없음
2012020500100322,2012년 2월 5일 16시,일요일,충청북도 충주시 용산동,중상사고,0,1,0,0,차대차 - 측면직각충돌,안전거리미확보,건조,맑음,단일로 - 기타,승용,남,49세,상해없음,승용,남,25세,중상
2012020500100342,2012년 2월 5일 17시,일요일,충청북도 충주시 충인동,중상사고,0,1,0,0,차대사람 - 길가장자리구역통행중,안전운전불이행,건조,맑음,단일로 - 기타,승용,여,32세,상해없음,보행자,남,46세,중상
2012020500100343,2012년 2월 5일 17시,일요일,충청북도 충주시 연수동,경상사고,0,0,1,0,차대차 - 측면직각충돌,중앙선침범,건조,맑음,단일로 - 기타,승용,남,44세,상해없음,승용,남,45세,경상
2012020500100344,2012년 2월 5일 17시,일요일,충청북도 제천시 고명동,중상사고,0,1,5,0,차대차 - 기타,직진우회전진행방해,결빙,흐림,교차로 - 교차로안,승용,남,37세,상해없음,승용,남,30세,경상
2012020500100371,2012년 2월 5일 18시,일요일,충청북도 청원군 북이면,중상사고,0,1,0,0,차대사람 - 보도통행중,안전운전불이행,결빙,맑음,단일로 - 기타,화물,남,51세,상해없음,보행자,여,80세,중상
2012020500100405,2012년 2월 5일 19시,일요일,충청북도 청주시 상당구 용암동,경상사고,0,0,1,0,차대사람 - 기타,보행자보호의무위반,건조,맑음,단일로 - 횡단보도상,승용,여,42세,상해없음,보행자,남,39세,경상
2012020500100428,2012년 2월 5일 20시,일요일,충청북도 충주시 안림동,경상사고,0,0,1,0,차대차 - 측면직각충돌,안전운전불이행,건조,맑음,단일로 - 횡단보도상,승용,남,47세,상해없음,자전거,남,17세,경상
2012020500100429,2012년 2월 5일 20시,일요일,충청북도 증평군 증평읍,중상사고,0,1,0,0,차대차 - 측면직각충돌,안전운전불이행,건조,맑음,단일로 - 기타,승용,남,70세,상해없음,승용,여,55세,중상
2012020500100470,2012년 2월 5일 21시,일요일,충청북도 진천군 광혜원면,중상사고,0,1,0,0,차량단독 - 기타,안전거리미확보,건조,맑음,교차로 - 교차로부근,승용,남,42세,상해없음,,,,
2012020500100519,2012년 2월 5일 23시,일요일,충청북도 청주시 흥덕구 사창동,경상사고,0,0,1,0,차대차 - 측면직각충돌,신호위반,건조,맑음,교차로 - 교차로부근,승용,남,20세,상해없음,승용,남,24세,경상
2012020600100049,2012년 2월 6일 03시,월요일,충청북도 청주시 흥덕구 복대동,중상사고,0,1,0,0,차대사람 - 횡단중,신호위반,건조,맑음,교차로 - 교차로안,승용,남,44세,상해없음,보행자,남,20세,중상
2012020600100061,2012년 2월 6일 05시,월요일,충청북도 옥천군 군북면,경상사고,0,0,2,0,차대차 - 추돌 - 진행중,안전운전불이행,건조,맑음,단일로 - 기타,승용,남,28세,경상,화물,남,37세,경상
2012020600100102,2012년 2월 6일 07시,월요일,충청북도 청주시 흥덕구 강서동,경상사고,0,0,1,0,차대차 - 추돌 - 주정차중,안전운전불이행,건조,맑음,교차로 - 교차로안,승용,남,54세,기타불명,승용,남,51세,경상
2012020600100136,2012년 2월 6일 08시,월요일,충청북도 충주시 신니면,사망사고,1,0,0,0,차량단독 - 공작물충돌,안전운전불이행,건조,맑음,단일로 - 기타,승용,남,55세,사망,,,,
2012020600100137,2012년 2월 6일 08시,월요일,충청북도 청주시 흥덕구 복대동,경상사고,0,0,1,0,차대차 - 측면직각충돌,교차로운행방법위반,건조,맑음,교차로 - 교차로안,승용,남,36세,상해없음,승용,남,19세,상해없음
2012020600100165,2012년 2월 6일 09시,월요일,충청북도 영동군 영동읍,경상사고,0,0,1,0,차대차 - 정면충돌,중앙선침범,결빙,흐림,단일로 - 기타,승용,남,63세,상해없음,승용,여,44세,경상
2012020600100166,2012년 2월 6일 09시,월요일,충청북도 청주시 흥덕구 송정동,경상사고,0,0,3,0,차대차 - 추돌 - 진행중,교차로운행방법위반,건조,맑음,교차로 - 교차로안,승용,남,38세,경상,승용,여,52세,경상
2012020600100266,2012년 2월 6일 13시,월요일,충청북도 청원군 오창읍,경상사고,0,0,2,0,차대차 - 측면직각충돌,신호위반,건조,흐림,교차로 - 교차로안,승용,여,48세,경상,승용,남,29세,경상
2012020600100290,2012년 2월 6일 14시,월요일,충청북도 청원군 가덕면,경상사고,0,0,2,0,차량단독 - 기타,안전운전불이행,건조,맑음,기타 - 기타,승합,남,50세,상해없음,,,,
2012020600100322,2012년 2월 6일 15시,월요일,충청북도 청주시 상당구 영운동,경상사고,0,0,3,0,차대차 - 측면직각충돌,교차로운행방법위반,건조,맑음,교차로 - 교차로안,이륜,남,29세,경상,승용,여,36세,경상
2012020600100378,2012년 2월 6일 17시,월요일,충청북도 청주시 흥덕구 현암동,경상사고,0,0,2,0,차대차 - 측면직각충돌,교차로운행방법위반,건조,맑음,교차로 - 교차로안,승용,여,54세,경상,승합,여,49세,경상
2012020600100416,2012년 2월 6일 18시,월요일,충청북도 증평군 증평읍,경상사고,0,0,1,0,차대차 - 측면직각충돌,직진우회전진행방해,건조,맑음,교차로 - 교차로안,승용,남,51세,상해없음,승용,남,37세,상해없음
2012020600100468,2012년 2월 6일 19시,월요일,충청북도 청주시 상당구 율량동,중상사고,0,1,0,0,차대사람 - 횡단중,안전운전불이행,건조,맑음,단일로 - 횡단보도부근,승용,남,45세,상해없음,보행자,남,76세,중상
2012020600100469,2012년 2월 6일 19시,월요일,충청북도 충주시 연수동,경상사고,0,0,1,0,차대차 - 측면직각충돌,안전운전불이행,건조,맑음,교차로 - 교차로부근,화물,남,45세,상해없음,승용,남,54세,경상
2012020600100470,2012년 2월 6일 19시,월요일,충청북도 충주시 교현동,중상사고,0,1,0,0,차대차 - 측면직각충돌,신호위반,건조,맑음,교차로 - 교차로안,승용,여,45세,상해없음,화물,남,40세,중상
2012020600100471,2012년 2월 6일 19시,월요일,충청북도 청주시 상당구 영운동,경상사고,0,0,1,0,차량단독 - 기타,안전운전불이행,건조,맑음,단일로 - 기타,승합,남,59세,상해없음,,,,
2012020600100521,2012년 2월 6일 20시,월요일,충청북도 충주시 연수동,중상사고,0,1,0,0,차대차 - 기타,안전운전불이행,건조,맑음,단일로 - 기타,승용,남,37세,상해없음,승용,남,29세,상해없음
2012020600100558,2012년 2월 6일 21시,월요일,충청북도 충주시 안림동,경상사고,0,0,2,0,차대차 - 기타,교차로운행방법위반,건조,맑음,교차로 - 교차로안,승용,남,42세,상해없음,승용,남,44세,경상
2012020700100016,2012년 2월 7일 00시,화요일,충청북도 제천시 청전동,중상사고,0,1,0,0,차대차 - 추돌 - 진행중,직진우회전진행방해,건조,맑음,교차로 - 교차로안,승용,남,54세,상해없음,승용,남,58세,중상
2012020700100017,2012년 2월 7일 00시,화요일,충청북도 제천시 신월동,경상사고,0,0,1,0,차대차 - 추돌 - 진행중,안전운전불이행,건조,맑음,단일로 - 기타,승용,남,28세,상해없음,승용,남,58세,경상
2012020700100073,2012년 2월 7일 03시,화요일,충청북도 단양군 단양읍,중상사고,0,1,0,0,차량단독 - 도로외이탈 - 추락,안전운전불이행,건조,맑음,단일로 - 교량,승용,남,33세,중상,,,,
2012020700100083,2012년 2월 7일 04시,화요일,충청북도 청주시 흥덕구 비하동,경상사고,0,0,2,0,차대차 - 측면직각충돌,안전운전불이행,건조,맑음,교차로 - 교차로안,승용,남,63세,상해없음,승용,여,33세,경상
2012020700100133,2012년 2월 7일 07시,화요일,충청북도 청주시 흥덕구 사창동,경상사고,0,0,1,0,차대차 - 측면직각충돌,안전운전불이행,건조,맑음,단일로 - 기타,승용,남,74세,상해없음,승용,남,37세,경상
2012020700100163,2012년 2월 7일 08시,화요일,충청북도 청주시 흥덕구 성화동,경상사고,0,0,4,0,차대차 - 측면직각충돌,교차로운행방법위반,건조,맑음,교차로 - 교차로안,화물,남,32세,경상,승용,남,45세,경상
2012020700100228,2012년 2월 7일 11시,화요일,충청북도 충주시 성서동,경상사고,0,0,1,0,차대사람 - 횡단중,안전운전불이행,건조,맑음,단일로 - 횡단보도부근,승용,남,46세,상해없음,보행자,여,77세,경상
2012020700100260,2012년 2월 7일 12시,화요일,충청북도 진천군 진천읍,경상사고,0,0,1,0,차대사람 - 보도통행중,보행자보호의무위반,건조,맑음,교차로 - 교차로부근,승용,남,66세,상해없음,보행자,여,39세,경상
2012020700100371,2012년 2월 7일 17시,화요일,충청북도 청주시 상당구 금천동,경상사고,0,0,1,0,차대사람 - 횡단중,안전운전불이행,건조,맑음,교차로 - 교차로안,승용,남,40세,상해없음,보행자,남,69세,경상
2012020700100396,2012년 2월 7일 18시,화요일,충청북도 충주시 호암동,중상사고,0,1,0,0,차대사람 - 길가장자리구역통행중,안전운전불이행,건조,맑음,단일로 - 기타,승용,남,34세,상해없음,보행자,여,15세,중상
2012020700100397,2012년 2월 7일 18시,화요일,충청북도 제천시 청풍면,중상사고,0,2,4,0,차대차 - 기타,직진우회전진행방해,건조,맑음,교차로 - 교차로안,승합,남,44세,상해없음,승용,여,44세,중상
2012020700100443,2012년 2월 7일 19시,화요일,충청북도 청주시 흥덕구 사직동,경상사고,0,0,2,0,차대차 - 추돌 - 주정차중,안전운전불이행,건조,맑음,단일로 - 기타,승용,남,51세,상해없음,승용,여,44세,경상
2012020700100469,2012년 2월 7일 20시,화요일,충청북도 청주시 흥덕구 사창동,경상사고,0,0,1,0,차대차 - 측면직각충돌,안전운전불이행,건조,맑음,단일로 - 기타,원동기,남,17세,상해없음,승합,여,37세,경상
2012020700100470,2012년 2월 7일 20시,화요일,충청북도 청주시 흥덕구 사직동,경상사고,0,0,1,0,차대차 - 측면직각충돌,안전운전불이행,건조,맑음,단일로 - 기타,승용,여,38세,상해없음,승용,남,58세,상해없음
2012020700100535,2012년 2월 7일 22시,화요일,충청북도 옥천군 옥천읍,경상사고,0,0,4,0,차대차 - 측면직각충돌,교차로운행방법위반,건조,맑음,교차로 - 교차로안,승용,남,44세,상해없음,승용,여,45세,경상
2012020700100536,2012년 2월 7일 22시,화요일,충청북도 청원군 강내면,중상사고,0,2,0,0,차대차 - 측면직각충돌,신호위반,습기,흐림,교차로 - 교차로안,승용,남,48세,상해없음,승용,남,23세,중상
2012020700100557,2012년 2월 7일 23시,화요일,충청북도 청주시 상당구 용담동,중상사고,0,1,0,0,차대사람 - 횡단중,안전운전불이행,건조,흐림,교차로 - 교차로부근,승용,남,53세,상해없음,보행자,여,71세,중상
2012020700100558,2012년 2월 7일 23시,화요일,충청북도 음성군 대소면,사망사고,1,0,0,0,차량단독 - 공작물충돌,안전운전불이행,건조,맑음,단일로 - 기타,승용,남,30세,상해없음,,,,
2012020700100559,2012년 2월 7일 23시,화요일,충청북도 청주시 흥덕구 신봉동,중상사고,0,1,1,0,차대차 - 추돌 - 진행중,안전운전불이행,건조,맑음,단일로 - 기타,화물,남,31세,상해없음,승용,남,50세,상해없음
2012020800100065,2012년 2월 8일 06시,수요일,충청북도 청원군 오송읍,사망사고,1,0,0,0,차대사람 - 횡단중,보행자보호의무위반,건조,맑음,단일로 - 기타,승용,남,34세,상해없음,보행자,남,69세,사망
2012020800100103,2012년 2월 8일 08시,수요일,충청북도 청원군 문의면,경상사고,0,0,4,0,차대차 - 측면직각충돌,교차로운행방법위반,건조,맑음,교차로 - 교차로안,승용,여,36세,경상,승용,여,34세,경상
2012020800100132,2012년 2월 8일 09시,수요일,충청북도 청주시 흥덕구 봉명동,중상사고,0,1,0,0,차대차 - 측면직각충돌,교차로운행방법위반,건조,맑음,교차로 - 교차로안,승용,여,53세,상해없음,승용,여,38세,중상
2012020800100154,2012년 2월 8일 10시,수요일,충청북도 괴산군 괴산읍,중상사고,0,1,0,0,차대차 - 측면직각충돌,기타,건조,맑음,교차로 - 교차로안,이륜,남,81세,중상,화물,남,65세,상해없음
2012020800100155,2012년 2월 8일 10시,수요일,충청북도 청주시 상당구 용암동,경상사고,0,0,2,0,차대차 - 기타,안전운전불이행,건조,맑음,교차로 - 교차로부근,승합,남,66세,경상,승용,여,42세,경상
2012020800100186,2012년 2월 8일 11시,수요일,충청북도 청원군 현도면,중상사고,0,1,0,0,차대차 - 추돌 - 진행중,안전거리미확보,건조,맑음,교차로 - 교차로부근,화물,남,28세,상해없음,승용,남,45세,중상
2012020800100237,2012년 2월 8일 13시,수요일,충청북도 충주시 봉방동,경상사고,0,0,1,0,차대차 - 측면직각충돌,직진우회전진행방해,건조,맑음,교차로 - 교차로안,승용,남,25세,상해없음,승용,여,45세,경상
2012020800100238,2012년 2월 8일 13시,수요일,충청북도 제천시 장락동,중상사고,0,1,0,0,차대사람 - 기타,기타,건조,맑음,단일로 - 기타,승합,남,27세,상해없음,보행자,남,8세,중상