사고번호,사고일시,요일,시군구,사고내용,사망자수,중상자수,경상자수,부상신고자수,사고유형,법규위반,노면상태,기상상태,도로형태,가해운전자 차종,가해운전자 성별,가해운전자 연령,가해운전자 상해정도,피해운전자 차종,피해운전자 성별,피해운전자 연령,피해운전자 상해정도
2012020800100270,2012년 2월 8일 14시,수요일,충청북도 제천시 화산동,중상사고,0,1,0,0,차대사람 - 기타,보행자보호의무위반,건조,맑음,교차로 - 교차로부근,승용,여,40세,상해없음,보행자,남,19세,중상
2012020800100271,2012년 2월 8일 14시,수요일,충청북도 청주시 흥덕구 사창동,중상사고,0,1,0,0,차대사람 - 기타,안전운전불이행,건조,맑음,단일로 - 기타,승합,남,48세,상해없음,보행자,남,16세,중상
2012020800100272,2012년 2월 8일 14시,수요일,충청북도 청원군 남이면,중상사고,0,1,0,0,차대차 - 정면충돌,교차로운행방법위반,건조,맑음,교차로 - 교차로안,화물,남,30세,상해없음,승용,여,36세,중상
2012020800100412,2012년 2월 8일 18시,수요일,충청북도 청주시 흥덕구 분평동,경상사고,0,0,2,0,차대차 - 추돌 - 주정차중,안전운전불이행,건조,맑음,교차로 - 교차로부근,승용,여,37세,상해없음,승용,남,37세,경상
2012020800100506,2012년 2월 8일 20시,수요일,충청북도 청주시 흥덕구 사창동,경상사고,0,0,1,0,차대차 - 추돌 - 진행중,안전거리미확보,건조,맑음,단일로 - 기타,승용,남,57세,상해없음,승용,남,25세,경상
2012020800100507,2012년 2월 8일 20시,수요일,충청북도 청주시 흥덕구 산남동,중상사고,0,1,0,0,차대차 - 측면직각충돌,안전운전불이행,건조,맑음,교차로 - 교차로안,승용,남,43세,상해없음,원동기,남,19세,중상
2012020800100539,2012년 2월 8일 21시,수요일,충청북도 청주시 흥덕구 분평동,경상사고,0,0,1,0,차대차 - 추돌 - 주정차중,안전운전불이행,건조,맑음,교차로 - 교차로부근,승용,여,28세,상해없음,승용,남,41세,경상
2012020800100576,2012년 2월 8일 22시,수요일,충청북도 제천시 청전동,경상사고,0,0,1,0,차대차 - 기타,안전운전불이행,건조,맑음,교차로 - 교차로부근,승합,남,50세,상해없음,승합,남,39세,상해없음
2012020800100612,2012년 2월 8일 23시,수요일,충청북도 음성군 삼성면,경상사고,0,0,1,0,차대차 - 측면직각충돌,교차로운행방법위반,건조,맑음,교차로 - 교차로안,화물,남,49세,상해없음,승용,남,24세,경상
2012020900100016,2012년 2월 9일 00시,목요일,충청북도 청주시 흥덕구 사창동,경상사고,0,0,1,0,차대사람 - 길가장자리구역통행중,안전운전불이행,건조,맑음,단일로 - 기타,승용,남,37세,상해없음,보행자,남,49세,경상
2012020900100075,2012년 2월 9일 03시,목요일,충청북도 청주시 상당구 지북동,경상사고,0,0,1,0,차량단독 - 공작물충돌,안전운전불이행,결빙,눈,단일로 - 기타,승용,남,26세,경상,,,,
2012020900100154,2012년 2월 9일 08시,목요일,충청북도 제천시 명동,중상사고,0,1,0,0,차대차 - 측면직각충돌,안전운전불이행,건조,맑음,교차로 - 교차로안,승용,남,68세,상해없음,자전거,남,72세,중상
2012020900100224,2012년 2월 9일 10시,목요일,충청북도 제천시 영천동,경상사고,0,0,2,0,차대차 - 측면직각충돌,안전운전불이행,건조,맑음,교차로 - 교차로안,승용,남,61세,상해없음,승용,남,44세,경상
2012020900100225,2012년 2월 9일 10시,목요일,충청북도 청원군 강내면,경상사고,0,0,2,0,차대차 - 측면직각충돌,안전운전불이행,건조,맑음,단일로 - 기타,화물,남,57세,경상,화물,남,35세,경상
2012020900100312,2012년 2월 9일 13시,목요일,충청북도 청주시 흥덕구 산남동,중상사고,0,1,0,0,차대사람 - 횡단중,보행자보호의무위반,건조,맑음,단일로 - 횡단보도상,승용,여,30세,상해없음,보행자,남,10세,중상
2012020900100344,2012년 2월 9일 14시,목요일,충청북도 청주시 흥덕구 사직동,경상사고,0,0,1,0,차량단독 - 공작물충돌,안전운전불이행,건조,맑음,교차로 - 교차로부근,승용,남,42세,상해없음,,,,
2012020900100371,2012년 2월 9일 15시,목요일,충청북도 청주시 상당구 금천동,중상사고,0,1,0,0,차대차 - 기타,안전운전불이행,결빙,맑음,기타 - 기타,화물,남,47세,상해없음,자전거,여,63세,중상
2012020900100429,2012년 2월 9일 17시,목요일,충청북도 충주시 교현동,경상사고,0,0,1,0,차대차 - 추돌 - 진행중,안전운전불이행,건조,맑음,단일로 - 기타,승용,남,49세,상해없음,승용,남,34세,경상
2012020900100430,2012년 2월 9일 17시,목요일,충청북도 제천시 하소동,중상사고,0,1,0,0,차대사람 - 횡단중,보행자보호의무위반,건조,맑음,단일로 - 기타,승용,남,67세,상해없음,보행자,여,77세,중상
2012020900100431,2012년 2월 9일 17시,목요일,충청북도 청주시 흥덕구 산남동,경상사고,0,0,1,0,차대차 - 기타,중앙선침범,건조,맑음,교차로 - 교차로부근,승용,여,52세,기타불명,승용,남,43세,경상
2012020900100468,2012년 2월 9일 18시,목요일,충청북도 충주시 연수동,중상사고,0,2,0,0,차대차 - 측면직각충돌,신호위반,건조,맑음,교차로 - 교차로안,승용,남,25세,상해없음,승용,남,42세,중상
2012020900100469,2012년 2월 9일 18시,목요일,충청북도 제천시 봉양읍,경상사고,0,0,1,0,차대차 - 기타,안전운전불이행,건조,맑음,단일로 - 기타,승용,남,34세,기타불명,승용,여,43세,경상
2012020900100509,2012년 2월 9일 19시,목요일,충청북도 청주시 상당구 석교동,중상사고,0,1,0,0,차대사람 - 횡단중,보행자보호의무위반,건조,맑음,교차로 - 교차로안,승용,남,49세,상해없음,보행자,여,57세,중상
2012020900100510,2012년 2월 9일 19시,목요일,충청북도 청원군 내수읍,중상사고,0,2,2,0,차량단독 - 도로외이탈 - 추락,안전운전불이행,건조,흐림,단일로 - 기타,승용,남,22세,경상,,,,
2012020900100511,2012년 2월 9일 19시,목요일,충청북도 청주시 흥덕구 개신동,경상사고,0,0,1,0,차대사람 - 보도통행중,안전운전불이행,건조,맑음,교차로 - 교차로안,화물,남,51세,상해없음,보행자,남,48세,경상
2012020900100537,2012년 2월 9일 20시,목요일,충청북도 충주시 금가면,중상사고,0,2,0,0,차대차 - 정면충돌,중앙선침범,건조,맑음,단일로 - 기타,승용,남,41세,중상,승용,남,51세,중상
2012020900100575,2012년 2월 9일 21시,목요일,충청북도 충주시 엄정면,중상사고,0,1,0,0,차량단독 - 도로외이탈 - 추락,안전운전불이행,건조,맑음,단일로 - 기타,승용,남,43세,상해없음,,,,
2012020900100576,2012년 2월 9일 21시,목요일,충청북도 음성군 대소면,사망사고,1,0,0,0,차대사람 - 횡단중,안전운전불이행,습기,맑음,단일로 - 기타,화물,남,38세,상해없음,보행자,남,50세,사망
2012020900100621,2012년 2월 9일 22시,목요일,충청북도 청원군 오창읍,경상사고,0,0,1,0,차대차 - 측면직각충돌,차로위반,건조,맑음,교차로 - 교차로부근,승용,여,24세,상해없음,승용,남,24세,경상
2012020900100622,2012년 2월 9일 22시,목요일,충청북도 청주시 흥덕구 복대동,경상사고,0,0,2,0,차대차 - 측면직각충돌,안전운전불이행,건조,맑음,단일로 - 기타,승용,여,61세,상해없음,승용,남,52세,경상
2012020900100654,2012년 2월 9일 23시,목요일,충청북도 영동군 황간면,부상신고사고,0,0,0,1,차량단독 - 기타,안전운전불이행,건조,맑음,단일로 - 기타,승용,남,46세,부상신고,,,,
2012020900100655,2012년 2월 9일 23시,목요일,충청북도 청주시 흥덕구 복대동,중상사고,0,1,0,0,차대차 - 추돌 - 주정차중,안전운전불이행,건조,맑음,교차로 - 교차로부근,승용,남,49세,상해없음,승용,여,26세,중상
2012021000100060,2012년 2월 10일 03시,금요일,충청북도 청원군 강내면,중상사고,0,1,1,0,차대차 - 측면직각충돌,안전운전불이행,건조,맑음,단일로 - 기타,승용,남,28세,상해없음,화물,남,51세,경상
2012021000100097,2012년 2월 10일 06시,금요일,충청북도 청주시 흥덕구 모충동,중상사고,0,1,1,0,차대차 - 기타,신호위반,건조,맑음,교차로 - 교차로안,승용,남,51세,경상,이륜,남,67세,중상
2012021000100153,2012년 2월 10일 08시,금요일,충청북도 제천시 장락동,경상사고,0,0,4,0,차대차 - 측면직각충돌,안전운전불이행,건조,맑음,단일로 - 기타,승용,남,40세,경상,승용,여,40세,상해없음
2012021000100154,2012년 2월 10일 08시,금요일,충청북도 청주시 상당구 지북동,중상사고,0,2,1,0,차대차 - 추돌 - 진행중,과속,건조,맑음,단일로 - 기타,화물,남,33세,중상,승용,남,50세,경상
2012021000100211,2012년 2월 10일 10시,금요일,충청북도 진천군 진천읍,경상사고,0,0,1,0,차대차 - 측면직각충돌,직진우회전진행방해,건조,맑음,교차로 - 교차로안,승합,남,71세,상해없음,화물,남,60세,경상
2012021000100238,2012년 2월 10일 11시,금요일,충청북도 음성군 대소면,경상사고,0,0,1,0,차대차 - 추돌 - 진행중,안전거리미확보,건조,맑음,단일로 - 기타,승용,남,35세,상해없음,승용,남,49세,경상
2012021000100239,2012년 2월 10일 11시,금요일,충청북도 청원군 강내면,경상사고,0,0,1,0,차대차 - 측면직각충돌,중앙선침범,건조,맑음,단일로 - 기타,승용,남,22세,상해없음,화물,남,41세,경상
2012021000100262,2012년 2월 10일 12시,금요일,충청북도 충주시 금가면,중상사고,0,2,0,1,차대차 - 추돌 - 진행중,안전운전불이행,건조,맑음,교차로 - 교차로안,승합,남,50세,부상신고,화물,남,29세,중상
2012021000100263,2012년 2월 10일 12시,금요일,충청북도 음성군 금왕읍,중상사고,0,1,0,0,차대차 - 추돌 - 진행중,안전거리미확보,건조,맑음,단일로 - 기타,건설기계,남,37세,상해없음,승용,남,22세,중상
2012021000100289,2012년 2월 10일 13시,금요일,충청북도 청원군 내수읍,중상사고,0,2,4,0,차대차 - 추돌 - 진행중,안전거리미확보,습기,맑음,교차로 - 교차로부근,승합,남,23세,상해없음,화물,남,54세,경상
2012021000100290,2012년 2월 10일 13시,금요일,충청북도 청원군 옥산면,중상사고,0,1,2,0,차대차 - 추돌 - 진행중,안전운전불이행,건조,맑음,단일로 - 기타,화물,남,51세,상해없음,승용,남,42세,경상
2012021000100326,2012년 2월 10일 14시,금요일,충청북도 청주시 흥덕구 복대동,경상사고,0,0,1,0,차대사람 - 횡단중,안전운전불이행,건조,맑음,단일로 - 기타,승용,남,33세,상해없음,보행자,여,26세,경상
2012021000100327,2012년 2월 10일 14시,금요일,충청북도 청주시 흥덕구 사창동,경상사고,0,0,2,0,차대차 - 측면직각충돌,안전거리미확보,건조,맑음,단일로 - 기타,승용,남,46세,상해없음,승용,남,42세,경상
2012021000100397,2012년 2월 10일 16시,금요일,충청북도 청주시 상당구 율량동,경상사고,0,0,1,0,차대차 - 측면직각충돌,안전운전불이행,건조,맑음,단일로 - 기타,원동기,남,21세,경상,승용,남,50세,상해없음
2012021000100398,2012년 2월 10일 16시,금요일,충청북도 음성군 대소면,중상사고,0,1,1,0,차대차 - 측면직각충돌,교차로운행방법위반,건조,맑음,교차로 - 교차로안,승합,남,55세,경상,화물,남,55세,중상
2012021000100425,2012년 2월 10일 17시,금요일,충청북도 제천시 하소동,중상사고,0,1,0,0,차대사람 - 기타,안전운전불이행,습기,흐림,단일로 - 기타,기타불명,기타불명,기타불명,기타불명,보행자,남,80세,중상
2012021000100426,2012년 2월 10일 17시,금요일,충청북도 진천군 진천읍,중상사고,0,1,1,0,차대차 - 측면직각충돌,안전운전불이행,건조,맑음,교차로 - 교차로안,승용,남,44세,상해없음,승용,여,29세,경상
2012021000100427,2012년 2월 10일 17시,금요일,충청북도 청원군 옥산면,부상신고사고,0,0,0,1,차대사람 - 길가장자리구역통행중,안전운전불이행,건조,맑음,단일로 - 횡단보도부근,기타불명,기타불명,기타불명,기타불명,보행자,남,25세,부상신고
2012021000100460,2012년 2월 10일 18시,금요일,충청북도 청주시 상당구 북문로1가동,경상사고,0,0,5,0,차대차 - 측면직각충돌,안전운전불이행,건조,맑음,교차로 - 교차로부근,승용,남,29세,상해없음,승합,남,50세,상해없음
2012021000100462,2012년 2월 10일 18시,금요일,충청북도 청원군 부용면,경상사고,0,0,1,0,차대차 - 추돌 - 진행중,안전운전불이행,건조,맑음,단일로 - 기타,화물,기타불명,기타불명,기타불명,승용,남,32세,경상
2012021000100519,2012년 2월 10일 19시,금요일,충청북도 음성군 음성읍,사망사고,1,0,0,0,차대사람 - 횡단중,안전운전불이행,건조,맑음,단일로 - 기타,화물,남,37세,기타불명,보행자,여,86세,사망
2012021000100520,2012년 2월 10일 19시,금요일,충청북도 청주시 흥덕구 가경동,경상사고,0,0,1,0,차대차 - 측면직각충돌,안전거리미확보,건조,맑음,단일로 - 기타,화물,남,40세,상해없음,승용,남,31세,경상
2012021000100521,2012년 2월 10일 19시,금요일,충청북도 청주시 흥덕구 복대동,중상사고,0,1,0,0,차대사람 - 기타,중앙선침범,건조,맑음,교차로 - 교차로부근,승용,남,26세,상해없음,보행자,여,42세,중상
2012021000100570,2012년 2월 10일 20시,금요일,충청북도 제천시 봉양읍,경상사고,0,0,3,0,차대차 - 기타,안전거리미확보,건조,맑음,단일로 - 기타,승용,남,43세,상해없음,승용,남,25세,경상
2012021000100605,2012년 2월 10일 21시,금요일,충청북도 증평군 증평읍,중상사고,0,1,0,0,차대사람 - 횡단중,안전운전불이행,건조,맑음,교차로 - 교차로안,승용,남,47세,상해없음,보행자,남,14세,중상
2012021000100606,2012년 2월 10일 21시,금요일,충청북도 청주시 흥덕구 봉명동,중상사고,0,1,0,0,차대사람 - 차도통행중,안전운전불이행,건조,맑음,교차로 - 교차로안,승용,남,29세,상해없음,보행자,남,56세,중상
2012021000100607,2012년 2월 10일 21시,금요일,충청북도 청주시 흥덕구 분평동,중상사고,0,1,2,0,차대차 - 측면직각충돌,신호위반,건조,맑음,교차로 - 교차로안,화물,남,42세,상해없음,승용,남,20세,경상
2012021000100646,2012년 2월 10일 22시,금요일,충청북도 청주시 상당구 사천동,경상사고,0,0,2,0,차대차 - 측면직각충돌,안전운전불이행,건조,맑음,교차로 - 교차로안,승용,남,37세,상해없음,화물,남,57세,경상
2012021000100647,2012년 2월 10일 22시,금요일,충청북도 청주시 흥덕구 사직동,중상사고,0,1,0,0,차대차 - 측면직각충돌,교차로운행방법위반,건조,맑음,교차로 - 교차로안,원동기,남,59세,중상,승용,여,39세,상해없음
2012021000100681,2012년 2월 10일 23시,금요일,충청북도 청주시 흥덕구 비하동,경상사고,0,0,1,0,차대차 - 측면직각충돌,중앙선침범,건조,맑음,교차로 - 교차로안,승용,남,43세,상해없음,화물,남,51세,경상
2012021000100682,2012년 2월 10일 23시,금요일,충청북도 청원군 남이면,경상사고,0,0,2,0,차대차 - 추돌 - 진행중,안전운전불이행,건조,맑음,교차로 - 교차로부근,승용,남,39세,상해없음,승용,남,40세,경상
2012021100100012,2012년 2월 11일 00시,토요일,충청북도 청원군 북이면,경상사고,0,0,4,0,차대차 - 측면직각충돌,교차로운행방법위반,건조,맑음,교차로 - 교차로안,승용,여,43세,경상,승용,남,18세,경상
2012021100100053,2012년 2월 11일 01시,토요일,충청북도 충주시 문화동,경상사고,0,0,1,0,차대차 - 측면직각충돌,안전운전불이행,건조,맑음,단일로 - 기타,승용,기타불명,기타불명,기타불명,승용,남,49세,상해없음
2012021100100054,2012년 2월 11일 01시,토요일,충청북도 충주시 산척면,경상사고,0,0,5,0,차대차 - 정면충돌,중앙선침범,건조,맑음,단일로 - 기타,승용,남,26세,상해없음,승용,남,43세,경상
2012021100100055,2012년 2월 11일 01시,토요일,충청북도 청원군 오창읍,경상사고,0,0,1,0,차대차 - 추돌 - 진행중,안전운전불이행,건조,맑음,단일로 - 기타,승용,남,30세,상해없음,화물,남,44세,경상
2012021100100156,2012년 2월 11일 07시,토요일,충청북도 청주시 흥덕구 복대동,경상사고,0,0,1,0,차대차 - 측면직각충돌,안전운전불이행,건조,맑음,교차로 - 교차로안,승용,남,43세,상해없음,승용,남,28세,경상
2012021100100181,2012년 2월 11일 08시,토요일,충청북도 충주시 호암동,경상사고,0,0,2,0,차대차 - 정면충돌,중앙선침범,건조,맑음,단일로 - 기타,승용,남,54세,상해없음,화물,남,58세,경상
2012021100100291,2012년 2월 11일 12시,토요일,충청북도 음성군 감곡면,중상사고,0,2,2,0,차대차 - 측면직각충돌,교차로운행방법위반,건조,맑음,교차로 - 교차로부근,승용,여,44세,중상,승용,여,44세,경상
2012021100100292,2012년 2월 11일 12시,토요일,충청북도 옥천군 옥천읍,경상사고,0,0,2,0,차대차 - 측면직각충돌,차로위반,건조,맑음,단일로 - 횡단보도상,승용,남,52세,상해없음,화물,남,39세,경상
2012021100100326,2012년 2월 11일 13시,토요일,충청북도 청주시 상당구 용암동,중상사고,0,1,0,0,차대차 - 측면직각충돌,중앙선침범,건조,맑음,교차로 - 교차로부근,승용,여,38세,상해없음,이륜,남,57세,중상
2012021100100352,2012년 2월 11일 14시,토요일,충청북도 청주시 상당구 방서동,경상사고,0,0,1,0,차대차 - 추돌 - 진행중,안전운전불이행,건조,맑음,교차로 - 교차로안,승용,남,46세,상해없음,승용,남,41세,경상
2012021100100374,2012년 2월 11일 15시,토요일,충청북도 청주시 상당구 사천동,중상사고,0,1,2,0,차대차 - 기타,교차로운행방법위반,건조,맑음,교차로 - 교차로안,승용,여,44세,중상,승용,남,53세,상해없음
2012021100100375,2012년 2월 11일 15시,토요일,충청북도 청주시 흥덕구 가경동,중상사고,0,2,3,0,차대차 - 측면직각충돌,신호위반,건조,맑음,교차로 - 교차로부근,승용,남,26세,중상,승합,남,42세,중상
2012021100100411,2012년 2월 11일 16시,토요일,충청북도 음성군 생극면,경상사고,0,0,1,0,차대차 - 기타,안전운전불이행,건조,맑음,단일로 - 기타,원동기,남,72세,경상,화물,남,57세,상해없음
2012021100100412,2012년 2월 11일 16시,토요일,충청북도 청원군 가덕면,중상사고,0,2,3,0,차대차 - 기타,교차로운행방법위반,건조,맑음,교차로 - 교차로안,승합,남,44세,경상,승합,남,39세,중상
2012021100100455,2012년 2월 11일 17시,토요일,충청북도 청원군 오송읍,중상사고,0,4,10,0,차대차 - 측면직각충돌,신호위반,건조,맑음,교차로 - 교차로안,화물,남,48세,상해없음,승합,남,55세,경상
2012021100100489,2012년 2월 11일 18시,토요일,충청북도 제천시 봉양읍,중상사고,0,1,0,0,차대차 - 기타,안전운전불이행,건조,맑음,단일로 - 기타,승용,여,46세,상해없음,승용,남,28세,중상
2012021100100588,2012년 2월 11일 21시,토요일,충청북도 제천시 청전동,중상사고,0,1,0,0,차대사람 - 기타,안전운전불이행,건조,맑음,단일로 - 기타,승용,남,53세,기타불명,보행자,남,28세,중상
2012021100100640,2012년 2월 11일 22시,토요일,충청북도 음성군 생극면,중상사고,0,1,0,0,차량단독 - 공작물충돌,안전운전불이행,건조,맑음,단일로 - 기타,승용,남,63세,중상,,,,
2012021100100641,2012년 2월 11일 22시,토요일,충청북도 청주시 흥덕구 복대동,경상사고,0,0,1,0,차대차 - 측면직각충돌,안전운전불이행,건조,맑음,교차로 - 교차로부근,승용,남,36세,상해없음,자전거,남,22세,경상
2012021200100032,2012년 2월 12일 00시,일요일,충청북도 충주시 안림동,중상사고,0,3,0,0,차량단독 - 공작물충돌,안전운전불이행,건조,맑음,단일로 - 기타,승용,남,29세,중상,,,,
2012021200100033,2012년 2월 12일 00시,일요일,충청북도 청원군 오송읍,중상사고,0,1,0,0,차량단독 - 공작물충돌,안전운전불이행,건조,맑음,단일로 - 기타,승용,남,36세,중상,,,,
2012021200100057,2012년 2월 12일 01시,일요일,충청북도 청주시 상당구 금천동,중상사고,0,2,1,0,차대차 - 기타,안전운전불이행,건조,맑음,단일로 - 기타,승용,남,33세,상해없음,승용,남,36세,경상
2012021200100058,2012년 2월 12일 01시,일요일,충청북도 진천군 진천읍,중상사고,0,1,0,0,차량단독 - 공작물충돌,안전운전불이행,건조,맑음,단일로 - 기타,승용,남,36세,중상,,,,
2012021200100176,2012년 2월 12일 07시,일요일,충청북도 청원군 오창읍,경상사고,0,0,1,0,차대차 - 추돌 - 주정차중,안전운전불이행,건조,맑음,교차로 - 교차로부근,화물,남,40세,상해없음,승합,남,59세,경상
2012021200100243,2012년 2월 12일 11시,일요일,충청북도 청주시 상당구 금천동,경상사고,0,0,6,0,차대차 - 추돌 - 주정차중,안전거리미확보,건조,맑음,교차로 - 교차로부근,승용,여,45세,경상,승용,남,51세,상해없음
2012021200100244,2012년 2월 12일 11시,일요일,충청북도 증평군 증평읍,중상사고,0,1,1,0,차대차 - 측면직각충돌,중앙선침범,건조,맑음,단일로 - 기타,승용,여,30세,경상,화물,남,58세,중상
2012021200100245,2012년 2월 12일 11시,일요일,충청북도 청원군 오송읍,중상사고,0,1,2,2,차대차 - 측면직각충돌,신호위반,건조,맑음,교차로 - 교차로안,승용,남,31세,상해없음,승합,남,47세,경상
2012021200100262,2012년 2월 12일 12시,일요일,충청북도 충주시 용산동,경상사고,0,0,2,0,차대차 - 측면직각충돌,직진우회전진행방해,건조,맑음,교차로 - 교차로안,원동기,남,48세,상해없음,승용,남,50세,상해없음
2012021200100263,2012년 2월 12일 12시,일요일,충청북도 제천시 영천동,중상사고,0,1,0,0,차대사람 - 기타,안전운전불이행,건조,맑음,단일로 - 기타,승합,남,34세,상해없음,보행자,여,71세,중상
2012021200100264,2012년 2월 12일 12시,일요일,충청북도 청원군 남이면,중상사고,0,1,0,0,차대차 - 기타,안전거리미확보,건조,맑음,단일로 - 기타,승용,여,30세,상해없음,승용,여,53세,중상
2012021200100289,2012년 2월 12일 13시,일요일,충청북도 증평군 증평읍,경상사고,0,0,2,0,차대차 - 측면직각충돌,직진우회전진행방해,건조,맑음,교차로 - 교차로안,승용,남,37세,경상,승용,남,51세,경상
2012021200100313,2012년 2월 12일 14시,일요일,충청북도 청주시 상당구 탑동,경상사고,0,0,1,0,차대차 - 기타,안전운전불이행,건조,맑음,교차로 - 교차로부근,승용,남,41세,상해없음,승용,여,34세,경상
2012021200100314,2012년 2월 12일 14시,일요일,충청북도 증평군 증평읍,중상사고,0,1,1,0,차대차 - 추돌 - 진행중,안전운전불이행,건조,맑음,교차로 - 교차로부근,승용,여,49세,상해없음,자전거,여,6세,중상
2012021200100333,2012년 2월 12일 15시,일요일,충청북도 청주시 상당구 석교동,경상사고,0,0,1,0,차대차 - 측면직각충돌,안전운전불이행,건조,맑음,교차로 - 교차로안,승용,여,29세,상해없음,자전거,남,19세,경상
2012021200100402,2012년 2월 12일 18시,일요일,충청북도 청주시 상당구 용암동,경상사고,0,0,1,0,차대차 - 기타,안전운전불이행,건조,맑음,교차로 - 교차로부근,화물,남,49세,상해없음,이륜,남,25세,경상
2012021200100441,2012년 2월 12일 19시,일요일,충청북도 충주시 대소원면,중상사고,0,1,0,0,차대사람 - 길가장자리구역통행중,안전운전불이행,건조,맑음,교차로 - 교차로안,화물,남,51세,상해없음,보행자,남,58세,중상
2012021200100442,2012년 2월 12일 19시,일요일,충청북도 괴산군 칠성면,경상사고,0,0,1,0,차대사람 - 횡단중,보행자보호의무위반,건조,맑음,단일로 - 기타,승용,남,54세,상해없음,보행자,남,63세,경상
2012021200100475,2012년 2월 12일 20시,일요일,충청북도 청주시 상당구 내덕동,경상사고,0,0,2,0,차대차 - 측면직각충돌,신호위반,건조,흐림,교차로 - 교차로안,승용,남,21세,상해없음,승용,남,59세,경상
2012021200100476,2012년 2월 12일 20시,일요일,충청북도 괴산군 연풍면,중상사고,0,2,0,0,차대차 - 정면충돌,중앙선침범,건조,맑음,단일로 - 기타,승용,남,31세,중상,승용,남,38세,중상
2012021200100500,2012년 2월 12일 21시,일요일,충청북도 충주시 신니면,중상사고,0,2,1,0,차대차 - 측면직각충돌,안전거리미확보,건조,맑음,단일로 - 기타,승용,남,37세,상해없음,승용,남,37세,중상
2012021200100501,2012년 2월 12일 21시,일요일,충청북도 진천군 진천읍,중상사고,0,1,2,0,차대차 - 측면직각충돌,신호위반,건조,맑음,교차로 - 교차로안,승용,남,41세,상해없음,승용,남,51세,상해없음
2012021300100008,2012년 2월 13일 00시,월요일,충청북도 진천군 이월면,중상사고,0,1,0,0,차량단독 - 공작물충돌,안전운전불이행,건조,맑음,단일로 - 교량,승용,남,24세,중상,,,,
2012021300100075,2012년 2월 13일 07시,월요일,충청북도 충주시 문화동,경상사고,0,0,3,0,차대차 - 측면직각충돌,중앙선침범,건조,맑음,단일로 - 기타,승용,남,32세,상해없음,승합,남,45세,경상
2012021300100076,2012년 2월 13일 07시,월요일,충청북도 청주시 흥덕구 가경동,중상사고,0,1,0,0,차대사람 - 횡단중,안전운전불이행,건조,맑음,단일로 - 기타,승합,여,46세,상해없음,보행자,여,51세,중상
2012021300100099,2012년 2월 13일 08시,월요일,충청북도 청주시 상당구 용암동,중상사고,0,1,0,0,차대사람 - 횡단중,신호위반,건조,맑음,교차로 - 교차로부근,승용,남,44세,상해없음,보행자,여,36세,중상
2012021300100126,2012년 2월 13일 09시,월요일,충청북도 청원군 내수읍,경상사고,0,0,1,0,차대차 - 추돌 - 진행중,안전거리미확보,습기,맑음,단일로 - 기타,화물,남,32세,상해없음,화물,남,35세,경상
2012021300100127,2012년 2월 13일 09시,월요일,충청북도 제천시 하소동,중상사고,0,1,1,0,차대차 - 기타,안전운전불이행,건조,맑음,교차로 - 교차로안,승용,남,43세,경상,승용,여,55세,중상
2012021300100128,2012년 2월 13일 09시,월요일,충청북도 청주시 흥덕구 산남동,경상사고,0,0,3,0,차대차 - 측면직각충돌,교차로운행방법위반,건조,맑음,교차로 - 교차로안,승용,남,44세,경상,승용,남,40세,경상
2012021300100147,2012년 2월 13일 10시,월요일,충청북도 청원군 남이면,경상사고,0,0,2,0,차대차 - 기타,신호위반,건조,맑음,교차로 - 교차로안,화물,남,41세,기타불명,화물,남,65세,경상
2012021300100237,2012년 2월 13일 14시,월요일,충청북도 제천시 송학면,중상사고,0,2,0,0,차량단독 - 공작물충돌,안전운전불이행,건조,맑음,교차로 - 교차로부근,승용,남,26세,상해없음,,,,
2012021300100272,2012년 2월 13일 15시,월요일,충청북도 제천시 백운면,경상사고,0,0,2,0,차대차 - 추돌 - 진행중,안전운전불이행,건조,맑음,단일로 - 기타,화물,남,38세,상해없음,승용,남,57세,경상
2012021300100273,2012년 2월 13일 15시,월요일,충청북도 음성군 금왕읍,중상사고,0,1,0,0,차대차 - 추돌 - 진행중,안전운전불이행,건조,맑음,교차로 - 교차로부근,승용,남,51세,상해없음,원동기,남,71세,중상
2012021300100353,2012년 2월 13일 18시,월요일,충청북도 청주시 흥덕구 봉명동,중상사고,0,1,0,0,차대차 - 추돌 - 진행중,교차로운행방법위반,건조,맑음,교차로 - 교차로안,승용,남,27세,상해없음,승용,남,38세,상해없음
2012021300100396,2012년 2월 13일 19시,월요일,충청북도 충주시 교현동,중상사고,0,1,1,0,차대차 - 측면직각충돌,안전거리미확보,건조,맑음,단일로 - 기타,승용,남,47세,경상,승용,남,41세,중상
2012021300100494,2012년 2월 13일 22시,월요일,충청북도 충주시 교현동,경상사고,0,0,2,0,차대차 - 측면직각충돌,신호위반,건조,맑음,교차로 - 교차로안,승용,남,34세,경상,승용,남,29세,경상
2012021300100528,2012년 2월 13일 23시,월요일,충청북도 제천시 장락동,경상사고,0,0,2,0,차대차 - 기타,안전운전불이행,건조,맑음,교차로 - 교차로안,승용,여,30세,상해없음,승용,남,43세,경상
2012021300100529,2012년 2월 13일 23시,월요일,충청북도 청주시 흥덕구 비하동,경상사고,0,0,1,0,차대차 - 추돌 - 주정차중,안전운전불이행,건조,맑음,교차로 - 교차로부근,승용,여,43세,상해없음,승용,남,32세,경상