사고번호,사고일시,요일,시군구,사고내용,사망자수,중상자수,경상자수,부상신고자수,사고유형,법규위반,노면상태,기상상태,도로형태,가해운전자 차종,가해운전자 성별,가해운전자 연령,가해운전자 상해정도,피해운전자 차종,피해운전자 성별,피해운전자 연령,피해운전자 상해정도
2012021300100530,2012년 2월 13일 23시,월요일,충청북도 청주시 흥덕구 사창동,중상사고,0,1,0,0,차대차 - 측면직각충돌,안전거리미확보,건조,맑음,단일로 - 기타,화물,남,47세,중상,승용,남,22세,상해없음
2012021400100015,2012년 2월 14일 00시,화요일,충청북도 제천시 청전동,중상사고,0,1,0,0,차대차 - 기타,안전거리미확보,건조,맑음,단일로 - 기타,승용,남,46세,기타불명,승용,남,53세,중상
2012021400100088,2012년 2월 14일 06시,화요일,충청북도 충주시 봉방동,중상사고,0,1,0,0,차대사람 - 횡단중,안전운전불이행,결빙,맑음,단일로 - 기타,승용,남,29세,상해없음,보행자,남,49세,중상
2012021400100114,2012년 2월 14일 07시,화요일,충청북도 청주시 흥덕구 복대동,중상사고,0,1,0,0,차대차 - 측면직각충돌,신호위반,건조,맑음,교차로 - 교차로안,승용,남,48세,상해없음,승용,남,46세,중상
2012021400100230,2012년 2월 14일 11시,화요일,충청북도 제천시 의림동,중상사고,0,1,0,0,차대사람 - 횡단중,보행자보호의무위반,건조,맑음,기타 - 기타,승용,남,57세,상해없음,보행자,여,52세,중상
2012021400100231,2012년 2월 14일 11시,화요일,충청북도 청주시 흥덕구 분평동,경상사고,0,0,1,0,차대차 - 추돌 - 진행중,안전운전불이행,건조,맑음,교차로 - 교차로부근,이륜,남,17세,경상,승용,남,62세,상해없음
2012021400100287,2012년 2월 14일 13시,화요일,충청북도 충주시 지현동,경상사고,0,0,1,0,차대차 - 추돌 - 주정차중,안전운전불이행,건조,맑음,교차로 - 교차로부근,승용,여,26세,상해없음,승용,남,41세,경상
2012021400100288,2012년 2월 14일 13시,화요일,충청북도 영동군 영동읍,중상사고,0,1,0,0,차대차 - 기타,안전운전불이행,건조,맑음,단일로 - 기타,승용,여,53세,상해없음,이륜,남,51세,중상
2012021400100341,2012년 2월 14일 15시,화요일,충청북도 청주시 상당구 남문로1가동,경상사고,0,0,1,0,차대사람 - 기타,안전운전불이행,건조,맑음,기타 - 기타,화물,남,60세,상해없음,보행자,남,73세,경상
2012021400100342,2012년 2월 14일 15시,화요일,충청북도 음성군 음성읍,경상사고,0,0,1,0,차대차 - 기타,기타,건조,맑음,단일로 - 기타,승용,남,78세,상해없음,승용,남,37세,상해없음
2012021400100373,2012년 2월 14일 16시,화요일,충청북도 충주시 교현동,중상사고,0,1,0,0,차대차 - 측면직각충돌,중앙선침범,건조,맑음,교차로 - 교차로안,승용,남,42세,상해없음,원동기,남,71세,중상
2012021400100406,2012년 2월 14일 17시,화요일,충청북도 제천시 서부동,중상사고,0,1,0,0,차대차 - 기타,신호위반,건조,맑음,교차로 - 교차로안,화물,남,53세,상해없음,승용,여,37세,중상
2012021400100407,2012년 2월 14일 17시,화요일,충청북도 청주시 흥덕구 향정동,경상사고,0,0,2,0,차대차 - 추돌 - 주정차중,안전운전불이행,건조,맑음,단일로 - 기타,승용,남,34세,상해없음,승용,남,51세,상해없음
2012021400100408,2012년 2월 14일 17시,화요일,충청북도 청주시 흥덕구 분평동,경상사고,0,0,1,0,차대차 - 정면충돌,중앙선침범,건조,맑음,단일로 - 기타,자전거,여,61세,경상,승용,남,64세,상해없음
2012021400100438,2012년 2월 14일 18시,화요일,충청북도 청주시 상당구 영동,경상사고,0,0,1,0,차대차 - 기타,안전운전불이행,건조,맑음,단일로 - 기타,승용,남,22세,상해없음,화물,남,31세,상해없음
2012021400100439,2012년 2월 14일 18시,화요일,충청북도 음성군 금왕읍,경상사고,0,0,1,0,차대차 - 측면직각충돌,안전거리미확보,건조,맑음,단일로 - 기타,화물,남,51세,상해없음,승용,남,37세,경상
2012021400100440,2012년 2월 14일 18시,화요일,충청북도 음성군 음성읍,경상사고,0,0,2,0,차대차 - 추돌 - 진행중,안전거리미확보,건조,맑음,단일로 - 기타,승용,남,35세,상해없음,승용,여,56세,경상
2012021400100441,2012년 2월 14일 18시,화요일,충청북도 진천군 진천읍,중상사고,0,1,0,0,차대차 - 측면직각충돌,안전운전불이행,건조,맑음,교차로 - 교차로안,승용,남,40세,상해없음,이륜,남,45세,중상
2012021400100494,2012년 2월 14일 19시,화요일,충청북도 청주시 상당구 주중동,중상사고,0,1,1,0,차대차 - 기타,안전운전불이행,건조,맑음,단일로 - 횡단보도부근,승용,남,57세,상해없음,승용,여,30세,경상
2012021400100495,2012년 2월 14일 19시,화요일,충청북도 충주시 신니면,중상사고,0,2,0,0,차대차 - 측면직각충돌,신호위반,건조,맑음,교차로 - 교차로안,승용,남,46세,상해없음,승합,남,26세,중상
2012021400100523,2012년 2월 14일 20시,화요일,충청북도 충주시 문화동,경상사고,0,0,1,0,차대차 - 측면직각충돌,직진우회전진행방해,건조,맑음,교차로 - 교차로안,승용,남,36세,상해없음,원동기,남,27세,경상
2012021400100524,2012년 2월 14일 20시,화요일,충청북도 충주시 연수동,중상사고,0,1,0,0,차대사람 - 횡단중,안전운전불이행,건조,맑음,교차로 - 교차로안,승용,여,33세,상해없음,보행자,남,46세,중상
2012021400100559,2012년 2월 14일 21시,화요일,충청북도 청주시 흥덕구 분평동,경상사고,0,0,1,0,차대차 - 추돌 - 주정차중,안전운전불이행,건조,맑음,교차로 - 교차로부근,승용,남,43세,상해없음,승용,남,32세,경상
2012021400100595,2012년 2월 14일 22시,화요일,충청북도 충주시 연수동,경상사고,0,0,1,0,차대차 - 측면직각충돌,신호위반,건조,맑음,교차로 - 교차로부근,승용,여,48세,상해없음,승용,남,50세,경상
2012021500100019,2012년 2월 15일 00시,수요일,충청북도 충주시 충인동,중상사고,0,1,0,0,차대사람 - 횡단중,안전운전불이행,습기,맑음,단일로 - 기타,승용,남,51세,상해없음,보행자,여,49세,중상
2012021500100038,2012년 2월 15일 01시,수요일,충청북도 청주시 흥덕구 개신동,경상사고,0,0,3,0,차대차 - 추돌 - 진행중,안전운전불이행,건조,맑음,교차로 - 교차로부근,승용,남,19세,상해없음,승용,남,43세,상해없음
2012021500100071,2012년 2월 15일 05시,수요일,충청북도 증평군 증평읍,사망사고,1,0,0,0,차대차 - 측면직각충돌,불법유턴,건조,맑음,교차로 - 교차로안,화물,남,48세,상해없음,화물,남,71세,사망
2012021500100072,2012년 2월 15일 05시,수요일,충청북도 옥천군 옥천읍,중상사고,0,1,1,0,차대차 - 측면직각충돌,신호위반,건조,맑음,교차로 - 교차로안,화물,남,59세,경상,승합,남,43세,중상
2012021500100073,2012년 2월 15일 05시,수요일,충청북도 청주시 상당구 용암동,중상사고,0,1,0,0,차대사람 - 횡단중,보행자보호의무위반,건조,맑음,단일로 - 횡단보도상,승용,남,27세,상해없음,보행자,여,72세,중상
2012021500100074,2012년 2월 15일 05시,수요일,충청북도 음성군 감곡면,사망사고,1,10,1,0,차대차 - 추돌 - 진행중,안전운전불이행,건조,맑음,단일로 - 기타,승합,남,50세,경상,화물,남,53세,중상
2012021500100086,2012년 2월 15일 06시,수요일,충청북도 청주시 흥덕구 성화동,중상사고,0,1,0,0,차대차 - 측면직각충돌,안전운전불이행,건조,맑음,단일로 - 기타,화물,남,41세,상해없음,원동기,남,59세,중상
2012021500100100,2012년 2월 15일 07시,수요일,충청북도 옥천군 옥천읍,경상사고,0,0,2,1,차대차 - 측면직각충돌,교차로운행방법위반,건조,맑음,교차로 - 교차로안,승용,남,29세,부상신고,화물,남,28세,경상
2012021500100101,2012년 2월 15일 07시,수요일,충청북도 청주시 흥덕구 사창동,경상사고,0,0,1,0,차대차 - 추돌 - 주정차중,안전거리미확보,건조,맑음,교차로 - 교차로안,승용,남,19세,경상,승용,남,47세,상해없음
2012021500100166,2012년 2월 15일 10시,수요일,충청북도 청주시 상당구 내덕동,중상사고,0,1,0,0,차대차 - 기타,안전운전불이행,건조,맑음,교차로 - 교차로안,화물,남,53세,상해없음,자전거,남,86세,중상
2012021500100182,2012년 2월 15일 11시,수요일,충청북도 청원군 오창읍,중상사고,0,2,1,0,차대차 - 기타,신호위반,건조,맑음,교차로 - 교차로안,화물,남,23세,경상,승용,남,51세,중상
2012021500100183,2012년 2월 15일 11시,수요일,충청북도 충주시 문화동,경상사고,0,0,1,0,차대차 - 추돌 - 진행중,안전거리미확보,건조,맑음,단일로 - 기타,승용,남,64세,상해없음,승용,여,49세,경상
2012021500100204,2012년 2월 15일 12시,수요일,충청북도 음성군 대소면,중상사고,0,1,0,0,차대차 - 기타,안전운전불이행,건조,맑음,단일로 - 기타,승용,남,42세,상해없음,원동기,남,76세,중상
2012021500100205,2012년 2월 15일 12시,수요일,충청북도 진천군 진천읍,중상사고,0,1,0,0,차대차 - 기타,안전운전불이행,건조,맑음,교차로 - 교차로부근,승용,남,46세,상해없음,승용,남,56세,중상
2012021500100223,2012년 2월 15일 13시,수요일,충청북도 청주시 흥덕구 가경동,중상사고,0,1,0,0,차대차 - 측면직각충돌,안전운전불이행,건조,맑음,교차로 - 교차로안,승용,여,51세,상해없음,이륜,남,25세,중상
2012021500100237,2012년 2월 15일 14시,수요일,충청북도 진천군 진천읍,중상사고,0,1,0,0,차대사람 - 차도통행중,안전운전불이행,건조,맑음,단일로 - 기타,승용,남,51세,상해없음,보행자,여,13세,중상
2012021500100238,2012년 2월 15일 14시,수요일,충청북도 충주시 가금면,경상사고,0,0,3,0,차대차 - 측면직각충돌,안전운전불이행,건조,맑음,단일로 - 기타,승용,여,24세,상해없음,승합,남,31세,경상
2012021500100338,2012년 2월 15일 18시,수요일,충청북도 충주시 봉방동,경상사고,0,0,1,0,차대차 - 기타,직진우회전진행방해,건조,맑음,교차로 - 교차로안,승용,남,46세,상해없음,원동기,남,23세,경상
2012021500100339,2012년 2월 15일 18시,수요일,충청북도 충주시 금릉동,중상사고,0,1,0,1,차대차 - 기타,직진우회전진행방해,건조,맑음,단일로 - 기타,승용,여,41세,부상신고,승용,남,42세,중상
2012021500100377,2012년 2월 15일 19시,수요일,충청북도 청주시 상당구 금천동,경상사고,0,0,3,0,차대차 - 추돌 - 주정차중,안전운전불이행,건조,맑음,교차로 - 교차로부근,승용,남,23세,경상,승용,남,58세,경상
2012021500100378,2012년 2월 15일 19시,수요일,충청북도 제천시 봉양읍,경상사고,0,0,1,0,차대차 - 기타,안전운전불이행,건조,맑음,단일로 - 기타,승용,남,35세,상해없음,승용,여,39세,경상
2012021500100379,2012년 2월 15일 19시,수요일,충청북도 보은군 보은읍,중상사고,0,1,1,0,차량단독 - 공작물충돌,안전운전불이행,건조,맑음,기타 - 기타,원동기,남,17세,경상,,,,
2012021500100380,2012년 2월 15일 19시,수요일,충청북도 청주시 흥덕구 개신동,경상사고,0,0,1,0,차대차 - 측면직각충돌,안전운전불이행,건조,맑음,기타 - 기타,승용,남,30세,상해없음,자전거,남,16세,경상
2012021500100451,2012년 2월 15일 21시,수요일,충청북도 충주시 지현동,중상사고,0,1,0,0,차대차 - 기타,직진우회전진행방해,건조,맑음,교차로 - 교차로안,승용,남,54세,기타불명,원동기,남,41세,중상
2012021500100452,2012년 2월 15일 21시,수요일,충청북도 청주시 흥덕구 봉명동,경상사고,0,0,2,0,차대차 - 측면직각충돌,교차로운행방법위반,건조,맑음,단일로 - 기타,승용,남,56세,상해없음,이륜,남,19세,경상
2012021500100473,2012년 2월 15일 22시,수요일,충청북도 청주시 흥덕구 봉명동,중상사고,0,1,0,0,차대사람 - 기타,안전운전불이행,건조,맑음,단일로 - 기타,화물,남,35세,상해없음,보행자,남,28세,중상
2012021500100503,2012년 2월 15일 23시,수요일,충청북도 음성군 금왕읍,경상사고,0,0,1,0,차대사람 - 기타,안전운전불이행,건조,맑음,단일로 - 기타,승용,남,26세,상해없음,보행자,남,32세,경상
2012021500100504,2012년 2월 15일 23시,수요일,충청북도 청주시 흥덕구 산남동,중상사고,0,1,0,0,차대차 - 측면직각충돌,안전운전불이행,건조,맑음,교차로 - 교차로안,승용,남,56세,상해없음,이륜,남,16세,중상
2012021600100009,2012년 2월 16일 00시,목요일,충청북도 괴산군 괴산읍,경상사고,0,0,1,0,차대차 - 정면충돌,중앙선침범,건조,맑음,단일로 - 기타,승용,남,50세,상해없음,승용,남,41세,경상
2012021600100028,2012년 2월 16일 02시,목요일,충청북도 음성군 대소면,경상사고,0,0,1,0,차량단독 - 기타,안전운전불이행,건조,맑음,교차로 - 교차로안,승용,남,43세,경상,,,,
2012021600100186,2012년 2월 16일 11시,목요일,충청북도 제천시 의림동,중상사고,0,1,0,0,차대차 - 측면직각충돌,기타,건조,맑음,교차로 - 교차로안,승합,남,47세,상해없음,원동기,남,70세,중상
2012021600100187,2012년 2월 16일 11시,목요일,충청북도 음성군 대소면,중상사고,0,3,0,0,차대차 - 추돌 - 주정차중,안전거리미확보,건조,맑음,교차로 - 교차로부근,화물,여,67세,중상,승용,남,62세,중상
2012021600100211,2012년 2월 16일 12시,목요일,충청북도 청주시 흥덕구 비하동,중상사고,0,1,3,2,차대차 - 측면직각충돌,안전운전불이행,건조,맑음,교차로 - 교차로부근,승용,남,33세,상해없음,승용,남,27세,중상
2012021600100259,2012년 2월 16일 14시,목요일,충청북도 보은군 보은읍,경상사고,0,0,1,0,차대사람 - 차도통행중,안전운전불이행,건조,맑음,단일로 - 기타,승용,여,24세,상해없음,보행자,남,56세,경상
2012021600100305,2012년 2월 16일 16시,목요일,충청북도 청주시 흥덕구 성화동,경상사고,0,0,2,0,차대차 - 추돌 - 진행중,안전운전불이행,건조,맑음,교차로 - 교차로부근,승용,남,43세,상해없음,승용,여,45세,경상
2012021600100329,2012년 2월 16일 17시,목요일,충청북도 청주시 흥덕구 수곡동,중상사고,0,1,0,0,차대사람 - 횡단중,안전운전불이행,건조,맑음,교차로 - 교차로안,승용,남,44세,상해없음,보행자,남,67세,중상
2012021600100366,2012년 2월 16일 18시,목요일,충청북도 청주시 흥덕구 복대동,중상사고,0,1,0,0,차대사람 - 횡단중,안전운전불이행,건조,맑음,단일로 - 기타,승용,남,29세,상해없음,보행자,남,22세,중상
2012021600100367,2012년 2월 16일 18시,목요일,충청북도 청주시 흥덕구 복대동,경상사고,0,0,2,0,차대차 - 추돌 - 진행중,안전거리미확보,건조,맑음,단일로 - 기타,승용,남,52세,상해없음,승용,남,27세,경상
2012021600100368,2012년 2월 16일 18시,목요일,충청북도 청주시 상당구 용암동,경상사고,0,0,3,0,차대차 - 추돌 - 진행중,안전운전불이행,건조,맑음,단일로 - 기타,화물,남,49세,상해없음,승용,남,25세,경상
2012021600100401,2012년 2월 16일 19시,목요일,충청북도 청원군 문의면,경상사고,0,0,2,0,차대차 - 정면충돌,중앙선침범,건조,맑음,교차로 - 교차로부근,화물,남,52세,상해없음,화물,남,69세,경상
2012021600100402,2012년 2월 16일 19시,목요일,충청북도 청주시 흥덕구 모충동,경상사고,0,0,2,0,차대차 - 기타,안전운전불이행,건조,맑음,단일로 - 기타,승용,남,51세,상해없음,화물,남,39세,경상
2012021600100442,2012년 2월 16일 20시,목요일,충청북도 청주시 흥덕구 사직동,경상사고,0,0,3,0,차대차 - 측면직각충돌,교차로운행방법위반,건조,맑음,교차로 - 교차로안,승용,남,27세,경상,승용,남,28세,경상
2012021600100482,2012년 2월 16일 21시,목요일,충청북도 충주시 금릉동,중상사고,0,1,0,0,차대차 - 측면직각충돌,안전운전불이행,건조,맑음,교차로 - 교차로안,승용,남,58세,상해없음,이륜,남,17세,중상
2012021600100483,2012년 2월 16일 21시,목요일,충청북도 청원군 옥산면,경상사고,0,0,11,0,차대차 - 추돌 - 진행중,안전운전불이행,건조,맑음,단일로 - 기타,승용,남,58세,상해없음,승용,남,50세,경상
2012021600100504,2012년 2월 16일 22시,목요일,충청북도 청주시 흥덕구 복대동,경상사고,0,0,1,0,차대사람 - 길가장자리구역통행중,안전운전불이행,건조,맑음,단일로 - 기타,승용,남,46세,상해없음,보행자,여,41세,경상
2012021600100533,2012년 2월 16일 23시,목요일,충청북도 청원군 내수읍,경상사고,0,0,1,0,차대차 - 측면직각충돌,중앙선침범,건조,맑음,단일로 - 기타,화물,남,30세,상해없음,승용,남,40세,경상
2012021600100534,2012년 2월 16일 23시,목요일,충청북도 충주시 대소원면,중상사고,0,1,1,0,차대차 - 추돌 - 주정차중,안전운전불이행,건조,맑음,단일로 - 기타,승용,남,33세,중상,특수,남,31세,경상
2012021700100018,2012년 2월 17일 00시,금요일,충청북도 청주시 흥덕구 복대동,중상사고,0,1,1,0,차대차 - 측면직각충돌,교차로운행방법위반,건조,맑음,교차로 - 교차로안,승용,남,43세,경상,승용,남,35세,중상
2012021700100019,2012년 2월 17일 00시,금요일,충청북도 청원군 부용면,중상사고,0,1,0,0,차대차 - 추돌 - 주정차중,안전운전불이행,건조,맑음,기타 - 기타,승합,여,50세,중상,화물,남,48세,상해없음
2012021700100030,2012년 2월 17일 01시,금요일,충청북도 음성군 금왕읍,중상사고,0,1,0,0,차대차 - 측면직각충돌,안전운전불이행,건조,맑음,단일로 - 기타,특수,남,59세,상해없음,승용,남,44세,중상
2012021700100071,2012년 2월 17일 05시,금요일,충청북도 청주시 흥덕구 죽림동,경상사고,0,0,1,0,차대차 - 정면충돌,교차로운행방법위반,건조,맑음,교차로 - 교차로안,승용,남,39세,상해없음,승합,남,52세,경상
2012021700100173,2012년 2월 17일 10시,금요일,충청북도 음성군 맹동면,중상사고,0,1,0,0,차대차 - 측면직각충돌,교차로운행방법위반,건조,맑음,교차로 - 교차로안,건설기계,남,33세,상해없음,화물,남,63세,중상
2012021700100190,2012년 2월 17일 11시,금요일,충청북도 청주시 흥덕구 복대동,중상사고,0,1,2,0,차대차 - 추돌 - 주정차중,안전운전불이행,건조,맑음,단일로 - 기타,기타불명,기타불명,기타불명,기타불명,승용,여,49세,중상
2012021700100203,2012년 2월 17일 12시,금요일,충청북도 청주시 흥덕구 사창동,중상사고,0,1,0,0,차대차 - 측면직각충돌,중앙선침범,건조,맑음,단일로 - 기타,승용,여,27세,상해없음,이륜,남,36세,중상
2012021700100227,2012년 2월 17일 13시,금요일,충청북도 청원군 오송읍,경상사고,0,0,1,0,차대차 - 측면직각충돌,교차로운행방법위반,건조,맑음,교차로 - 교차로안,승용,여,44세,경상,승용,남,27세,상해없음
2012021700100250,2012년 2월 17일 14시,금요일,충청북도 청주시 상당구 용암동,중상사고,0,1,0,0,차대사람 - 횡단중,안전운전불이행,건조,맑음,교차로 - 교차로안,승용,여,22세,상해없음,보행자,여,9세,중상
2012021700100345,2012년 2월 17일 18시,금요일,충청북도 청원군 북이면,중상사고,0,1,0,0,차량단독 - 기타,안전운전불이행,건조,맑음,단일로 - 기타,원동기,남,60세,중상,,,,
2012021700100346,2012년 2월 17일 18시,금요일,충청북도 제천시 의림동,경상사고,0,0,1,0,차대차 - 측면직각충돌,직진우회전진행방해,건조,맑음,교차로 - 교차로안,승용,남,62세,상해없음,승용,여,39세,경상
2012021700100381,2012년 2월 17일 19시,금요일,충청북도 청주시 상당구 용암동,경상사고,0,0,4,0,차대차 - 측면직각충돌,교차로운행방법위반,건조,맑음,교차로 - 교차로안,승용,여,43세,경상,승용,여,31세,경상
2012021700100409,2012년 2월 17일 20시,금요일,충청북도 충주시 주덕읍,중상사고,0,1,0,0,차대차 - 추돌 - 주정차중,안전운전불이행,건조,맑음,단일로 - 기타,승용,남,29세,상해없음,승용,남,34세,중상
2012021800100112,2012년 2월 18일 05시,토요일,충청북도 청주시 상당구 내덕동,경상사고,0,0,1,0,차대차 - 정면충돌,안전운전불이행,건조,맑음,단일로 - 횡단보도부근,승용,남,29세,상해없음,승용,남,49세,경상
2012021800100147,2012년 2월 18일 07시,토요일,충청북도 청원군 현도면,중상사고,0,1,1,0,차대차 - 기타,신호위반,건조,맑음,교차로 - 교차로안,승용,남,45세,중상,승용,남,36세,경상
2012021800100192,2012년 2월 18일 10시,토요일,충청북도 청주시 흥덕구 산남동,경상사고,0,0,1,0,차대사람 - 기타,안전운전불이행,건조,맑음,기타 - 기타,승용,여,48세,상해없음,보행자,여,49세,경상
2012021800100220,2012년 2월 18일 11시,토요일,충청북도 음성군 대소면,경상사고,0,0,3,0,차대차 - 측면직각충돌,안전거리미확보,건조,맑음,단일로 - 기타,승용,남,81세,경상,승용,남,49세,경상
2012021800100268,2012년 2월 18일 13시,토요일,충청북도 충주시 주덕읍,경상사고,0,0,2,0,차대차 - 측면직각충돌,신호위반,건조,맑음,단일로 - 기타,승용,여,55세,상해없음,화물,남,70세,경상
2012021800100296,2012년 2월 18일 14시,토요일,충청북도 충주시 목행동,사망사고,1,0,0,0,차대차 - 측면직각충돌,신호위반,건조,맑음,교차로 - 교차로안,특수,남,50세,상해없음,자전거,남,79세,사망
2012021800100297,2012년 2월 18일 14시,토요일,충청북도 음성군 대소면,경상사고,0,0,1,0,차대차 - 측면직각충돌,중앙선침범,건조,맑음,단일로 - 기타,승용,남,21세,상해없음,원동기,남,41세,경상
2012021800100321,2012년 2월 18일 15시,토요일,충청북도 옥천군 옥천읍,중상사고,0,1,0,0,차대차 - 추돌 - 진행중,안전운전불이행,건조,맑음,단일로 - 횡단보도상,이륜,남,65세,중상,승용,남,53세,상해없음
2012021800100452,2012년 2월 18일 19시,토요일,충청북도 청주시 상당구 남문로1가동,경상사고,0,0,1,0,차대사람 - 기타,안전운전불이행,건조,맑음,단일로 - 기타,승용,여,32세,상해없음,보행자,남,61세,경상
2012021800100453,2012년 2월 18일 19시,토요일,충청북도 청주시 흥덕구 봉명동,사망사고,1,0,0,0,차대차 - 측면직각충돌,안전운전불이행,건조,맑음,단일로 - 기타,승용,여,60세,상해없음,자전거,남,67세,사망
2012021800100491,2012년 2월 18일 20시,토요일,충청북도 청원군 현도면,중상사고,0,1,2,0,차대차 - 기타,안전운전불이행,건조,맑음,단일로 - 기타,승용,남,29세,상해없음,승용,남,57세,경상
2012021800100518,2012년 2월 18일 21시,토요일,충청북도 청주시 흥덕구 산남동,경상사고,0,0,1,0,차대차 - 기타,안전운전불이행,건조,맑음,단일로 - 기타,승용,남,38세,상해없음,승용,남,41세,경상
2012021800100580,2012년 2월 18일 23시,토요일,충청북도 충주시 봉방동,경상사고,0,0,1,0,차대차 - 정면충돌,중앙선침범,건조,맑음,단일로 - 기타,승용,남,48세,상해없음,승용,남,42세,경상
2012021800100581,2012년 2월 18일 23시,토요일,충청북도 청주시 상당구 용암동,경상사고,0,0,1,0,차대사람 - 기타,불법유턴,건조,맑음,교차로 - 교차로안,승용,남,30세,상해없음,보행자,남,20세,경상
2012021900100012,2012년 2월 19일 00시,일요일,충청북도 제천시 청전동,중상사고,0,1,0,0,차대차 - 기타,안전운전불이행,건조,맑음,단일로 - 기타,승용,남,45세,상해없음,승용,남,62세,중상
2012021900100013,2012년 2월 19일 00시,일요일,충청북도 청주시 상당구 용암동,경상사고,0,0,1,0,차대사람 - 기타,안전운전불이행,적설,눈,교차로 - 교차로부근,승용,남,52세,상해없음,보행자,남,40세,경상
2012021900100041,2012년 2월 19일 01시,일요일,충청북도 청주시 상당구 영운동,경상사고,0,0,3,0,차대차 - 기타,안전운전불이행,적설,눈,교차로 - 교차로부근,승용,남,46세,상해없음,승용,남,57세,경상
2012021900100061,2012년 2월 19일 02시,일요일,충청북도 청주시 흥덕구 분평동,경상사고,0,0,4,0,차대차 - 기타,안전운전불이행,적설,눈,단일로 - 기타,승용,여,52세,상해없음,승용,남,32세,경상
2012021900100084,2012년 2월 19일 04시,일요일,충청북도 청주시 상당구 내덕동,경상사고,0,0,2,0,차대차 - 측면직각충돌,교차로운행방법위반,건조,맑음,교차로 - 교차로안,승용,남,29세,경상,승용,남,69세,경상
2012021900100155,2012년 2월 19일 10시,일요일,충청북도 충주시 금가면,중상사고,0,1,1,0,차대차 - 측면직각충돌,신호위반,건조,맑음,교차로 - 교차로안,승용,남,43세,경상,화물,남,46세,중상
2012021900100173,2012년 2월 19일 11시,일요일,충청북도 청원군 오송읍,중상사고,0,1,0,0,차대차 - 추돌 - 진행중,안전운전불이행,건조,맑음,단일로 - 기타,승합,남,51세,상해없음,원동기,남,74세,중상
2012021900100187,2012년 2월 19일 12시,일요일,충청북도 음성군 금왕읍,경상사고,0,0,2,0,차대사람 - 차도통행중,안전운전불이행,건조,맑음,교차로 - 교차로부근,화물,남,41세,상해없음,보행자,남,22세,경상
2012021900100188,2012년 2월 19일 12시,일요일,충청북도 청주시 상당구 산성동,경상사고,0,0,1,0,차대사람 - 기타,안전운전불이행,건조,맑음,단일로 - 기타,승용,남,48세,상해없음,보행자,여,47세,경상
2012021900100271,2012년 2월 19일 16시,일요일,충청북도 영동군 양강면,중상사고,0,1,0,0,차대사람 - 기타,안전운전불이행,건조,맑음,단일로 - 기타,승합,남,41세,상해없음,보행자,남,84세,중상
2012021900100272,2012년 2월 19일 16시,일요일,충청북도 청주시 흥덕구 가경동,중상사고,0,1,0,0,차대차 - 기타,안전거리미확보,건조,맑음,단일로 - 기타,승용,남,77세,상해없음,원동기,남,31세,중상
2012021900100329,2012년 2월 19일 18시,일요일,충청북도 제천시 교동,중상사고,0,1,3,0,차대차 - 측면직각충돌,직진우회전진행방해,건조,맑음,교차로 - 교차로안,승용,남,34세,상해없음,승용,여,29세,중상
2012021900100353,2012년 2월 19일 19시,일요일,충청북도 진천군 이월면,중상사고,0,1,0,0,차대사람 - 횡단중,안전운전불이행,건조,맑음,단일로 - 기타,승용,남,38세,상해없음,보행자,남,53세,중상
2012021900100423,2012년 2월 19일 21시,일요일,충청북도 충주시 연수동,중상사고,0,1,0,0,차대사람 - 횡단중,안전운전불이행,건조,맑음,단일로 - 기타,승용,남,32세,상해없음,보행자,남,51세,중상
2012021900100447,2012년 2월 19일 22시,일요일,충청북도 청주시 흥덕구 복대동,경상사고,0,0,1,0,차대차 - 측면직각충돌,중앙선침범,건조,맑음,교차로 - 교차로부근,승용,남,31세,상해없음,원동기,남,43세,경상
2012021900100448,2012년 2월 19일 22시,일요일,충청북도 청주시 흥덕구 복대동,중상사고,0,2,0,1,차대차 - 측면직각충돌,교차로운행방법위반,건조,맑음,교차로 - 교차로안,승용,남,58세,부상신고,승용,남,26세,중상
2012021900100477,2012년 2월 19일 23시,일요일,충청북도 청주시 상당구 금천동,경상사고,0,0,2,0,차대차 - 측면직각충돌,중앙선침범,건조,맑음,교차로 - 교차로부근,승용,남,30세,상해없음,승용,남,26세,경상
2012022000100014,2012년 2월 20일 01시,월요일,충청북도 청주시 상당구 용담동,경상사고,0,0,1,0,차대차 - 추돌 - 진행중,안전운전불이행,건조,맑음,단일로 - 기타,승용,기타불명,기타불명,기타불명,승용,남,46세,경상
2012022000100065,2012년 2월 20일 06시,월요일,충청북도 청주시 흥덕구 성화동,중상사고,0,1,0,0,차대차 - 측면직각충돌,신호위반,건조,맑음,교차로 - 교차로안,승합,남,47세,상해없음,승용,남,45세,중상
2012022000100114,2012년 2월 20일 08시,월요일,충청북도 제천시 봉양읍,중상사고,0,1,1,0,차대차 - 기타,직진우회전진행방해,건조,맑음,교차로 - 교차로안,화물,남,39세,상해없음,화물,남,72세,중상
2012022000100115,2012년 2월 20일 08시,월요일,충청북도 청원군 강내면,중상사고,0,1,0,0,차대차 - 추돌 - 진행중,안전거리미확보,건조,맑음,교차로 - 교차로부근,화물,남,38세,상해없음,승용,여,39세,중상
2012022000100116,2012년 2월 20일 08시,월요일,충청북도 청원군 오송읍,중상사고,0,1,0,0,차대사람 - 기타,기타,건조,맑음,기타 - 기타,승합,남,43세,상해없음,보행자,여,69세,중상