사고번호,사고일시,요일,시군구,사고내용,사망자수,중상자수,경상자수,부상신고자수,사고유형,법규위반,노면상태,기상상태,도로형태,가해운전자 차종,가해운전자 성별,가해운전자 연령,가해운전자 상해정도,피해운전자 차종,피해운전자 성별,피해운전자 연령,피해운전자 상해정도
2012022000100173,2012년 2월 20일 10시,월요일,충청북도 청원군 내수읍,경상사고,0,0,1,0,차대차 - 기타,교차로운행방법위반,건조,맑음,교차로 - 교차로안,화물,남,51세,상해없음,승용,여,40세,경상
2012022000100174,2012년 2월 20일 10시,월요일,충청북도 충주시 봉방동,중상사고,0,1,0,0,차대사람 - 기타,안전운전불이행,건조,맑음,교차로 - 교차로안,승용,여,47세,상해없음,보행자,남,83세,중상
2012022000100203,2012년 2월 20일 11시,월요일,충청북도 제천시 의림동,경상사고,0,0,2,0,차대차 - 측면직각충돌,신호위반,건조,맑음,교차로 - 교차로안,승용,남,43세,상해없음,승용,남,52세,경상
2012022000100220,2012년 2월 20일 12시,월요일,충청북도 영동군 영동읍,중상사고,0,1,0,0,차대사람 - 기타,안전운전불이행,건조,맑음,단일로 - 기타,승용,남,54세,상해없음,보행자,여,66세,중상
2012022000100276,2012년 2월 20일 14시,월요일,충청북도 제천시 백운면,경상사고,0,0,1,0,차대차 - 측면직각충돌,안전거리미확보,건조,맑음,단일로 - 기타,승용,여,64세,상해없음,화물,남,63세,상해없음
2012022000100277,2012년 2월 20일 14시,월요일,충청북도 청주시 흥덕구 분평동,경상사고,0,0,1,0,차대차 - 추돌 - 진행중,안전운전불이행,건조,맑음,단일로 - 기타,승용,남,38세,상해없음,승용,남,69세,경상
2012022000100308,2012년 2월 20일 15시,월요일,충청북도 청주시 흥덕구 복대동,중상사고,0,1,1,0,차대차 - 추돌 - 주정차중,안전운전불이행,건조,맑음,교차로 - 교차로부근,승용,여,42세,상해없음,승용,남,49세,경상
2012022000100340,2012년 2월 20일 16시,월요일,충청북도 청주시 흥덕구 복대동,경상사고,0,0,3,0,차대차 - 측면직각충돌,교차로운행방법위반,건조,맑음,교차로 - 교차로안,화물,남,42세,경상,승용,남,45세,경상
2012022000100394,2012년 2월 20일 18시,월요일,충청북도 청주시 상당구 우암동,경상사고,0,0,2,0,차대차 - 추돌 - 진행중,안전운전불이행,건조,맑음,기타 - 기타,화물,남,51세,상해없음,승용,여,27세,경상
2012022000100395,2012년 2월 20일 18시,월요일,충청북도 청주시 상당구 사천동,경상사고,0,0,2,0,차대차 - 측면직각충돌,교차로운행방법위반,건조,맑음,교차로 - 교차로안,승용,여,41세,경상,승용,남,34세,경상
2012022000100441,2012년 2월 20일 19시,월요일,충청북도 청원군 내수읍,중상사고,0,1,2,0,차대차 - 측면직각충돌,안전운전불이행,건조,맑음,단일로 - 기타,승용,남,39세,경상,승합,남,67세,중상
2012022000100521,2012년 2월 20일 21시,월요일,충청북도 청주시 흥덕구 사창동,중상사고,0,1,0,0,차대차 - 측면직각충돌,신호위반,건조,맑음,교차로 - 교차로안,이륜,남,36세,중상,승용,남,55세,상해없음
2012022000100522,2012년 2월 20일 21시,월요일,충청북도 청주시 흥덕구 산남동,중상사고,0,1,0,0,차대차 - 추돌 - 진행중,차로위반,건조,맑음,교차로 - 교차로부근,승용,남,23세,상해없음,승용,남,32세,상해없음
2012022000100569,2012년 2월 20일 22시,월요일,충청북도 보은군 탄부면,중상사고,0,1,0,0,차량단독 - 공작물충돌,안전운전불이행,건조,맑음,교차로 - 교차로안,승용,남,39세,중상,,,,
2012022000100609,2012년 2월 20일 23시,월요일,충청북도 음성군 대소면,중상사고,0,1,0,0,차대차 - 측면직각충돌,중앙선침범,건조,맑음,단일로 - 기타,특수,남,67세,상해없음,승용,남,25세,중상
2012022000100610,2012년 2월 20일 23시,월요일,충청북도 청주시 흥덕구 사창동,경상사고,0,0,2,0,차대차 - 측면직각충돌,안전운전불이행,건조,맑음,교차로 - 교차로안,승용,여,47세,상해없음,승용,남,38세,경상
2012022000100611,2012년 2월 20일 23시,월요일,충청북도 청주시 흥덕구 사창동,경상사고,0,0,2,0,차대차 - 측면직각충돌,안전운전불이행,건조,맑음,단일로 - 기타,승용,남,25세,상해없음,승용,남,32세,경상
2012022100100024,2012년 2월 21일 00시,화요일,충청북도 청주시 흥덕구 송정동,중상사고,0,1,3,0,차대차 - 측면직각충돌,교차로운행방법위반,건조,맑음,교차로 - 교차로안,승용,여,25세,경상,승용,남,52세,중상
2012022100100041,2012년 2월 21일 01시,화요일,충청북도 단양군 대강면,경상사고,0,0,1,0,차량단독 - 공작물충돌,안전운전불이행,건조,흐림,단일로 - 기타,승용,남,37세,상해없음,,,,
2012022100100042,2012년 2월 21일 01시,화요일,충청북도 증평군 도안면,경상사고,0,0,2,0,차대차 - 정면충돌,중앙선침범,건조,맑음,교차로 - 교차로안,승용,남,39세,상해없음,승용,남,24세,경상
2012022100100045,2012년 2월 21일 01시,화요일,충청북도 청원군 옥산면,사망사고,1,1,0,0,차대차 - 추돌 - 주정차중,안전운전불이행,건조,맑음,단일로 - 기타,승용,남,29세,중상,승용,남,35세,상해없음
2012022100100089,2012년 2월 21일 04시,화요일,충청북도 영동군 용산면,경상사고,0,0,1,0,차량단독 - 기타,안전거리미확보,건조,맑음,단일로 - 기타,승용,남,30세,경상,,,,
2012022100100119,2012년 2월 21일 06시,화요일,충청북도 영동군 영동읍,경상사고,0,0,2,0,차량단독 - 기타,안전운전불이행,건조,맑음,단일로 - 기타,승용,남,46세,상해없음,,,,
2012022100100120,2012년 2월 21일 06시,화요일,충청북도 청주시 흥덕구 사직동,경상사고,0,0,3,0,차대차 - 측면직각충돌,교차로운행방법위반,건조,맑음,교차로 - 교차로안,승용,여,45세,경상,승용,남,49세,경상
2012022100100138,2012년 2월 21일 07시,화요일,충청북도 청주시 상당구 남문로1가동,경상사고,0,0,1,0,차대차 - 기타,안전운전불이행,건조,맑음,교차로 - 교차로안,화물,남,55세,상해없음,승용,남,29세,경상
2012022100100139,2012년 2월 21일 07시,화요일,충청북도 음성군 금왕읍,중상사고,0,1,0,0,차대차 - 측면직각충돌,안전운전불이행,건조,맑음,단일로 - 기타,승용,남,24세,중상,특수,남,46세,상해없음
2012022100100175,2012년 2월 21일 08시,화요일,충청북도 청원군 오송읍,경상사고,0,0,1,0,차대차 - 추돌 - 진행중,안전운전불이행,건조,맑음,단일로 - 기타,승용,남,53세,상해없음,승용,남,57세,경상
2012022100100296,2012년 2월 21일 13시,화요일,충청북도 청원군 내수읍,경상사고,0,0,1,0,차대차 - 기타,안전운전불이행,건조,맑음,단일로 - 기타,화물,남,40세,상해없음,승용,남,67세,경상
2012022100100451,2012년 2월 21일 18시,화요일,충청북도 진천군 진천읍,경상사고,0,0,4,0,차대차 - 추돌 - 진행중,안전운전불이행,습기,맑음,교차로 - 교차로부근,승용,여,36세,상해없음,승용,남,43세,경상
2012022100100497,2012년 2월 21일 19시,화요일,충청북도 청주시 흥덕구 외북동,경상사고,0,0,2,0,차대차 - 추돌 - 진행중,안전운전불이행,건조,맑음,교차로 - 교차로부근,승용,남,74세,상해없음,승합,남,43세,상해없음
2012022100100583,2012년 2월 21일 21시,화요일,충청북도 제천시 청전동,중상사고,0,2,1,0,차대차 - 추돌 - 주정차중,안전운전불이행,건조,맑음,교차로 - 교차로부근,승용,여,35세,상해없음,승용,남,55세,중상
2012022100100665,2012년 2월 21일 23시,화요일,충청북도 청주시 흥덕구 복대동,경상사고,0,0,2,0,차대차 - 추돌 - 진행중,안전운전불이행,건조,맑음,단일로 - 기타,승용,남,27세,상해없음,승용,남,27세,경상
2012022200100020,2012년 2월 22일 00시,수요일,충청북도 청주시 흥덕구 개신동,중상사고,0,1,0,0,차대차 - 측면직각충돌,중앙선침범,건조,맑음,단일로 - 기타,승용,남,30세,상해없음,원동기,남,18세,중상
2012022200100063,2012년 2월 22일 02시,수요일,충청북도 제천시 봉양읍,사망사고,1,0,0,0,차량단독 - 공작물충돌,안전운전불이행,건조,맑음,단일로 - 기타,승용,남,24세,사망,,,,
2012022200100064,2012년 2월 22일 02시,수요일,충청북도 옥천군 군서면,중상사고,0,1,0,0,차량단독 - 공작물충돌,안전운전불이행,건조,맑음,단일로 - 기타,화물,남,57세,중상,,,,
2012022200100065,2012년 2월 22일 02시,수요일,충청북도 청주시 흥덕구 봉명동,부상신고사고,0,0,0,1,차대사람 - 길가장자리구역통행중,안전운전불이행,건조,맑음,단일로 - 기타,승용,기타불명,기타불명,기타불명,보행자,남,26세,부상신고
2012022200100082,2012년 2월 22일 04시,수요일,충청북도 청주시 흥덕구 가경동,중상사고,0,3,0,0,차대차 - 측면직각충돌,신호위반,건조,맑음,교차로 - 교차로안,승용,남,29세,상해없음,승용,남,57세,중상
2012022200100110,2012년 2월 22일 06시,수요일,충청북도 청주시 흥덕구 송정동,중상사고,0,1,0,0,차대사람 - 횡단중,신호위반,건조,맑음,단일로 - 횡단보도상,화물,남,37세,상해없음,보행자,남,24세,중상
2012022200100111,2012년 2월 22일 06시,수요일,충청북도 청주시 흥덕구 향정동,경상사고,0,0,3,0,차대차 - 측면직각충돌,교차로운행방법위반,건조,맑음,교차로 - 교차로안,승용,남,28세,경상,승용,남,44세,경상
2012022200100129,2012년 2월 22일 07시,수요일,충청북도 충주시 호암동,중상사고,0,2,0,0,차량단독 - 공작물충돌,안전운전불이행,결빙,맑음,단일로 - 기타,승용,남,49세,중상,,,,
2012022200100130,2012년 2월 22일 07시,수요일,충청북도 충주시 가금면,중상사고,0,2,0,0,차대차 - 추돌 - 진행중,중앙선침범,건조,맑음,단일로 - 기타,승합,남,47세,중상,화물,남,45세,중상
2012022200100131,2012년 2월 22일 07시,수요일,충청북도 청주시 흥덕구 비하동,경상사고,0,0,2,0,차대차 - 기타,안전운전불이행,건조,맑음,교차로 - 교차로안,화물,남,55세,경상,승용,남,47세,경상
2012022200100164,2012년 2월 22일 08시,수요일,충청북도 청원군 오창읍,중상사고,0,1,0,0,차대차 - 측면직각충돌,신호위반,건조,맑음,교차로 - 교차로안,승용,남,28세,상해없음,승용,여,40세,중상
2012022200100165,2012년 2월 22일 08시,수요일,충청북도 옥천군 옥천읍,중상사고,0,1,0,0,차대차 - 측면직각충돌,직진우회전진행방해,건조,맑음,교차로 - 교차로안,화물,남,42세,상해없음,승용,여,40세,중상
2012022200100166,2012년 2월 22일 08시,수요일,충청북도 청원군 오송읍,중상사고,0,3,0,0,차대차 - 측면직각충돌,신호위반,건조,맑음,교차로 - 교차로안,승합,남,29세,상해없음,승용,남,33세,중상
2012022200100167,2012년 2월 22일 08시,수요일,충청북도 청주시 흥덕구 사직동,중상사고,0,1,0,0,차대차 - 측면직각충돌,신호위반,건조,맑음,교차로 - 교차로부근,자전거,남,56세,중상,승용,여,38세,상해없음
2012022200100221,2012년 2월 22일 10시,수요일,충청북도 음성군 대소면,경상사고,0,0,1,0,차대차 - 측면직각충돌,교차로운행방법위반,건조,맑음,교차로 - 교차로안,승용,여,38세,경상,승용,남,49세,상해없음
2012022200100238,2012년 2월 22일 11시,수요일,충청북도 청주시 흥덕구 모충동,경상사고,0,0,3,0,차대차 - 기타,교차로운행방법위반,건조,맑음,교차로 - 교차로안,승용,여,43세,경상,승용,남,53세,경상
2012022200100296,2012년 2월 22일 14시,수요일,충청북도 단양군 단양읍,중상사고,0,1,0,0,차대사람 - 길가장자리구역통행중,안전운전불이행,건조,맑음,단일로 - 기타,승용,남,39세,상해없음,보행자,여,63세,중상
2012022200100297,2012년 2월 22일 14시,수요일,충청북도 청원군 강내면,중상사고,0,1,0,0,차대사람 - 횡단중,안전운전불이행,건조,맑음,단일로 - 기타,승용,남,37세,상해없음,보행자,여,67세,중상
2012022200100326,2012년 2월 22일 15시,수요일,충청북도 청주시 흥덕구 운천동,경상사고,0,0,1,0,차대차 - 추돌 - 진행중,안전운전불이행,건조,맑음,교차로 - 교차로부근,승용,남,43세,상해없음,승합,남,38세,경상
2012022200100406,2012년 2월 22일 18시,수요일,충청북도 청주시 흥덕구 미평동,경상사고,0,0,1,0,차대차 - 기타,안전운전불이행,건조,맑음,교차로 - 교차로부근,승용,여,52세,상해없음,승용,여,35세,경상
2012022200100407,2012년 2월 22일 18시,수요일,충청북도 청주시 흥덕구 분평동,경상사고,0,0,1,0,차량단독 - 기타,기타,건조,맑음,단일로 - 기타,승합,남,58세,상해없음,,,,
2012022200100435,2012년 2월 22일 19시,수요일,충청북도 제천시 왕암동,중상사고,0,1,0,0,차대차 - 측면직각충돌,안전운전불이행,건조,맑음,교차로 - 교차로안,승용,남,26세,상해없음,승용,남,31세,중상
2012022200100436,2012년 2월 22일 19시,수요일,충청북도 청주시 흥덕구 복대동,중상사고,0,1,0,0,차대차 - 측면직각충돌,신호위반,건조,맑음,교차로 - 교차로안,승용,여,57세,상해없음,원동기,남,52세,중상
2012022200100437,2012년 2월 22일 19시,수요일,충청북도 청주시 흥덕구 사직동,경상사고,0,0,1,0,차대사람 - 횡단중,보행자보호의무위반,건조,맑음,단일로 - 기타,승용,남,51세,상해없음,보행자,남,47세,경상
2012022200100476,2012년 2월 22일 20시,수요일,충청북도 청주시 상당구 문화동,경상사고,0,0,1,0,차대차 - 측면직각충돌,안전운전불이행,건조,맑음,교차로 - 교차로부근,이륜,남,63세,경상,승합,남,59세,상해없음
2012022200100559,2012년 2월 22일 23시,수요일,충청북도 청주시 흥덕구 분평동,경상사고,0,0,2,0,차대차 - 추돌 - 진행중,안전운전불이행,건조,맑음,교차로 - 교차로부근,승용,남,44세,경상,승용,남,39세,경상
2012022300100012,2012년 2월 23일 00시,목요일,충청북도 청주시 흥덕구 봉명동,경상사고,0,0,2,0,차대차 - 측면직각충돌,교차로운행방법위반,건조,맑음,교차로 - 교차로안,승용,남,49세,상해없음,승용,남,27세,경상
2012022300100039,2012년 2월 23일 01시,목요일,충청북도 청주시 흥덕구 수곡동,중상사고,0,2,0,0,차대차 - 기타,신호위반,건조,맑음,교차로 - 교차로안,승용,여,44세,중상,승용,여,44세,중상
2012022300100105,2012년 2월 23일 07시,목요일,충청북도 청주시 흥덕구 모충동,중상사고,0,1,1,0,차대차 - 측면직각충돌,교차로운행방법위반,건조,맑음,교차로 - 교차로안,승용,남,46세,중상,승용,남,50세,경상
2012022300100128,2012년 2월 23일 08시,목요일,충청북도 진천군 진천읍,중상사고,0,1,0,0,차대차 - 측면직각충돌,교차로운행방법위반,건조,맑음,교차로 - 교차로안,승용,남,58세,상해없음,승용,여,33세,중상
2012022300100129,2012년 2월 23일 08시,목요일,충청북도 청주시 흥덕구 사직동,경상사고,0,0,2,0,차대차 - 추돌 - 진행중,안전거리미확보,건조,맑음,단일로 - 기타,승용,여,48세,상해없음,승용,여,32세,경상
2012022300100130,2012년 2월 23일 08시,목요일,충청북도 청주시 흥덕구 복대동,경상사고,0,0,2,0,차대차 - 측면직각충돌,중앙선침범,건조,맑음,단일로 - 기타,승용,남,19세,상해없음,승용,남,47세,경상
2012022300100183,2012년 2월 23일 10시,목요일,충청북도 음성군 대소면,경상사고,0,0,1,0,차대차 - 측면직각충돌,교차로운행방법위반,건조,맑음,교차로 - 교차로안,승용,남,22세,상해없음,화물,남,52세,경상
2012022300100273,2012년 2월 23일 14시,목요일,충청북도 음성군 소이면,경상사고,0,0,1,0,차대차 - 정면충돌,교차로운행방법위반,건조,맑음,교차로 - 교차로안,승용,남,75세,상해없음,원동기,여,54세,경상
2012022300100274,2012년 2월 23일 14시,목요일,충청북도 옥천군 옥천읍,경상사고,0,0,1,0,차대차 - 측면직각충돌,직진우회전진행방해,건조,맑음,교차로 - 교차로안,승용,여,29세,상해없음,이륜,여,46세,경상
2012022300100275,2012년 2월 23일 14시,목요일,충청북도 청주시 흥덕구 송정동,경상사고,0,0,2,0,차대차 - 추돌 - 주정차중,안전운전불이행,건조,맑음,교차로 - 교차로부근,승합,남,36세,상해없음,승용,남,63세,경상
2012022300100371,2012년 2월 23일 18시,목요일,충청북도 청주시 흥덕구 분평동,경상사고,0,0,1,0,차대차 - 기타,안전운전불이행,건조,맑음,교차로 - 교차로부근,이륜,남,18세,경상,승용,남,49세,상해없음
2012022300100393,2012년 2월 23일 19시,목요일,충청북도 청주시 상당구 율량동,경상사고,0,0,1,0,차대차 - 기타,안전운전불이행,건조,맑음,교차로 - 교차로안,화물,남,41세,상해없음,자전거,남,46세,경상
2012022300100394,2012년 2월 23일 19시,목요일,충청북도 충주시 칠금동,사망사고,1,0,0,0,차대사람 - 횡단중,안전운전불이행,건조,맑음,단일로 - 기타,승용,남,46세,상해없음,보행자,남,73세,사망
2012022300100417,2012년 2월 23일 20시,목요일,충청북도 제천시 대랑동,경상사고,0,0,4,0,차대차 - 기타,신호위반,건조,맑음,교차로 - 교차로안,승용,남,59세,상해없음,승용,남,34세,경상
2012022300100445,2012년 2월 23일 21시,목요일,충청북도 충주시 교현동,경상사고,0,0,2,0,차대차 - 추돌 - 진행중,안전운전불이행,건조,맑음,교차로 - 교차로안,승용,남,43세,상해없음,승합,여,53세,경상
2012022400100013,2012년 2월 24일 00시,금요일,충청북도 청주시 흥덕구 복대동,중상사고,0,1,0,0,차대사람 - 횡단중,안전운전불이행,건조,맑음,단일로 - 기타,승용,여,25세,상해없음,보행자,여,29세,중상
2012022400100072,2012년 2월 24일 03시,금요일,충청북도 청원군 현도면,중상사고,0,1,0,0,차대차 - 기타,안전운전불이행,건조,맑음,단일로 - 기타,승용,남,28세,상해없음,승용,남,48세,상해없음
2012022400100087,2012년 2월 24일 04시,금요일,충청북도 음성군 삼성면,경상사고,0,0,1,0,차대차 - 추돌 - 진행중,안전운전불이행,건조,맑음,교차로 - 교차로안,승용,남,22세,상해없음,승용,남,43세,경상
2012022400100100,2012년 2월 24일 05시,금요일,충청북도 청원군 강내면,경상사고,0,0,1,0,차대차 - 측면직각충돌,신호위반,건조,맑음,교차로 - 교차로안,화물,남,59세,상해없음,승용,여,27세,상해없음
2012022400100101,2012년 2월 24일 05시,금요일,충청북도 청주시 흥덕구 복대동,중상사고,0,1,0,0,차대차 - 기타,안전운전불이행,건조,맑음,단일로 - 기타,승용,남,42세,상해없음,승용,남,62세,중상
2012022400100111,2012년 2월 24일 06시,금요일,충청북도 청원군 내수읍,중상사고,0,1,0,0,차대차 - 기타,신호위반,건조,맑음,교차로 - 교차로안,화물,남,44세,상해없음,화물,남,55세,중상
2012022400100133,2012년 2월 24일 07시,금요일,충청북도 충주시 봉방동,부상신고사고,0,0,0,1,차대차 - 정면충돌,중앙선침범,건조,맑음,교차로 - 교차로안,승용,남,58세,상해없음,승용,남,40세,부상신고
2012022400100134,2012년 2월 24일 07시,금요일,충청북도 청주시 흥덕구 송정동,경상사고,0,0,1,0,차대차 - 측면직각충돌,안전운전불이행,건조,맑음,단일로 - 기타,승용,남,47세,상해없음,승용,남,51세,경상
2012022400100194,2012년 2월 24일 09시,금요일,충청북도 충주시 봉방동,경상사고,0,0,3,0,차대차 - 측면직각충돌,교차로운행방법위반,건조,맑음,교차로 - 교차로안,승합,여,58세,경상,화물,남,32세,경상
2012022400100195,2012년 2월 24일 09시,금요일,충청북도 증평군 도안면,중상사고,0,1,1,0,차대차 - 추돌 - 주정차중,안전운전불이행,건조,맑음,교차로 - 교차로부근,승용,여,56세,상해없음,승용,남,26세,중상
2012022400100196,2012년 2월 24일 09시,금요일,충청북도 청주시 흥덕구 수곡동,부상신고사고,0,0,0,1,차대차 - 기타,안전운전불이행,건조,맑음,단일로 - 기타,원동기,남,72세,부상신고,승합,여,40세,상해없음
2012022400100274,2012년 2월 24일 13시,금요일,충청북도 충주시 문화동,경상사고,0,0,3,0,차대차 - 기타,신호위반,건조,맑음,교차로 - 교차로안,승용,여,33세,경상,승용,남,52세,경상
2012022400100344,2012년 2월 24일 16시,금요일,충청북도 옥천군 옥천읍,경상사고,0,0,1,0,차대차 - 측면직각충돌,기타,건조,맑음,단일로 - 기타,화물,남,42세,상해없음,승용,남,40세,경상
2012022400100373,2012년 2월 24일 17시,금요일,충청북도 옥천군 옥천읍,중상사고,0,3,9,0,차대차 - 측면직각충돌,직진우회전진행방해,건조,맑음,교차로 - 교차로안,승용,남,54세,중상,승합,남,69세,상해없음
2012022400100374,2012년 2월 24일 17시,금요일,충청북도 청원군 부용면,경상사고,0,0,1,0,차대차 - 측면직각충돌,안전운전불이행,건조,맑음,단일로 - 기타,화물,남,45세,상해없음,화물,남,33세,경상
2012022400100409,2012년 2월 24일 18시,금요일,충청북도 청주시 상당구 대성동,경상사고,0,0,1,0,차대차 - 측면직각충돌,교차로운행방법위반,건조,맑음,교차로 - 교차로안,승용,여,34세,상해없음,이륜,남,36세,경상
2012022400100410,2012년 2월 24일 18시,금요일,충청북도 충주시 충인동,경상사고,0,0,2,0,차대차 - 기타,안전거리미확보,건조,맑음,단일로 - 기타,승용,남,59세,상해없음,승용,남,33세,경상
2012022400100490,2012년 2월 24일 20시,금요일,충청북도 청주시 흥덕구 가경동,경상사고,0,0,2,0,차대차 - 추돌 - 진행중,안전거리미확보,건조,맑음,기타 - 기타,승용,남,49세,상해없음,화물,남,53세,상해없음
2012022400100536,2012년 2월 24일 21시,금요일,충청북도 음성군 원남면,중상사고,0,1,1,0,차대차 - 추돌 - 진행중,안전운전불이행,건조,맑음,단일로 - 기타,승용,남,72세,상해없음,농기계,남,50세,중상
2012022400100612,2012년 2월 24일 23시,금요일,충청북도 청원군 강내면,중상사고,0,1,6,0,차대차 - 추돌 - 주정차중,안전운전불이행,건조,맑음,교차로 - 교차로부근,승용,남,37세,상해없음,승용,남,37세,중상
2012022500100019,2012년 2월 25일 00시,토요일,충청북도 제천시 화산동,경상사고,0,0,1,0,차대차 - 추돌 - 진행중,안전운전불이행,습기,비,단일로 - 기타,승합,남,51세,상해없음,승용,남,46세,경상
2012022500100020,2012년 2월 25일 00시,토요일,충청북도 청주시 흥덕구 개신동,경상사고,0,0,2,0,차대차 - 추돌 - 주정차중,안전운전불이행,건조,맑음,단일로 - 기타,승합,남,36세,상해없음,승용,남,39세,경상
2012022500100129,2012년 2월 25일 04시,토요일,충청북도 충주시 연수동,중상사고,0,1,0,0,차대차 - 정면충돌,신호위반,건조,맑음,교차로 - 교차로안,승용,남,32세,상해없음,승용,남,32세,중상
2012022500100146,2012년 2월 25일 05시,토요일,충청북도 충주시 교현동,경상사고,0,0,3,0,차대차 - 추돌 - 주정차중,안전거리미확보,습기,비,단일로 - 기타,승용,남,25세,상해없음,승용,남,39세,상해없음
2012022500100188,2012년 2월 25일 07시,토요일,충청북도 청원군 오창읍,경상사고,0,0,1,0,차대차 - 기타,안전운전불이행,건조,맑음,단일로 - 기타,승용,남,32세,경상,화물,남,35세,상해없음
2012022500100206,2012년 2월 25일 08시,토요일,충청북도 청원군 오창읍,경상사고,0,0,3,0,차대차 - 측면직각충돌,신호위반,건조,맑음,교차로 - 교차로부근,승용,남,54세,상해없음,승용,여,46세,경상
2012022500100207,2012년 2월 25일 08시,토요일,충청북도 괴산군 칠성면,중상사고,0,3,2,0,차대차 - 정면충돌,중앙선침범,습기,흐림,단일로 - 기타,승용,남,34세,경상,화물,남,34세,중상
2012022500100208,2012년 2월 25일 08시,토요일,충청북도 청주시 흥덕구 복대동,경상사고,0,0,1,0,차대차 - 측면직각충돌,안전운전불이행,건조,맑음,단일로 - 기타,승용,남,25세,상해없음,승용,남,56세,경상
2012022500100243,2012년 2월 25일 10시,토요일,충청북도 음성군 대소면,중상사고,0,2,0,0,차대차 - 측면직각충돌,교차로운행방법위반,건조,맑음,교차로 - 교차로안,승용,여,52세,중상,승용,남,59세,중상
2012022500100244,2012년 2월 25일 10시,토요일,충청북도 청주시 흥덕구 가경동,경상사고,0,0,2,0,차대차 - 정면충돌,중앙선침범,건조,맑음,교차로 - 교차로안,승용,남,26세,상해없음,승용,남,30세,경상
2012022500100296,2012년 2월 25일 13시,토요일,충청북도 청주시 상당구 주성동,중상사고,0,1,4,0,차대차 - 기타,안전운전불이행,건조,맑음,교차로 - 교차로부근,건설기계,남,43세,상해없음,승용,남,30세,경상
2012022500100297,2012년 2월 25일 13시,토요일,충청북도 제천시 교동,경상사고,0,0,1,0,차대차 - 측면직각충돌,안전거리미확보,건조,맑음,단일로 - 기타,화물,남,49세,상해없음,원동기,남,17세,경상
2012022500100319,2012년 2월 25일 14시,토요일,충청북도 영동군 양강면,사망사고,1,0,0,0,차대사람 - 기타,안전운전불이행,건조,맑음,교차로 - 교차로안,화물,남,39세,상해없음,보행자,여,77세,사망
2012022500100364,2012년 2월 25일 16시,토요일,충청북도 청원군 내수읍,중상사고,0,1,0,0,차대차 - 측면직각충돌,중앙선침범,습기,흐림,교차로 - 교차로부근,화물,남,45세,상해없음,승용,남,24세,중상
2012022500100365,2012년 2월 25일 16시,토요일,충청북도 청원군 내수읍,중상사고,0,1,0,0,차대사람 - 길가장자리구역통행중,안전운전불이행,건조,맑음,단일로 - 기타,승용,여,56세,상해없음,보행자,여,69세,중상
2012022500100397,2012년 2월 25일 17시,토요일,충청북도 진천군 광혜원면,중상사고,0,1,0,0,차대차 - 측면직각충돌,교차로운행방법위반,건조,맑음,교차로 - 교차로안,승용,남,57세,상해없음,승용,남,48세,중상
2012022500100421,2012년 2월 25일 18시,토요일,충청북도 충주시 달천동,경상사고,0,0,4,0,차대차 - 기타,안전운전불이행,건조,맑음,단일로 - 교량,승용,남,28세,상해없음,승용,남,62세,경상
2012022500100422,2012년 2월 25일 18시,토요일,충청북도 괴산군 괴산읍,중상사고,0,1,4,0,차대차 - 측면직각충돌,직진우회전진행방해,건조,맑음,교차로 - 교차로안,승용,여,46세,상해없음,승용,남,38세,경상
2012022500100423,2012년 2월 25일 18시,토요일,충청북도 보은군 탄부면,중상사고,0,1,0,0,차대차 - 추돌 - 진행중,안전운전불이행,건조,맑음,단일로 - 기타,화물,남,50세,중상,농기계,남,45세,상해없음
2012022500100424,2012년 2월 25일 18시,토요일,충청북도 청주시 흥덕구 봉명동,중상사고,0,1,0,0,차대차 - 추돌 - 주정차중,안전운전불이행,건조,맑음,교차로 - 교차로안,승용,남,39세,상해없음,승용,남,48세,상해없음
2012022500100470,2012년 2월 25일 19시,토요일,충청북도 청주시 상당구 용암동,경상사고,0,0,1,0,차대차 - 정면충돌,중앙선침범,건조,맑음,단일로 - 기타,이륜,남,20세,상해없음,승용,남,53세,경상
2012022500100512,2012년 2월 25일 20시,토요일,충청북도 청주시 상당구 우암동,경상사고,0,0,1,0,차대차 - 추돌 - 진행중,안전운전불이행,건조,맑음,단일로 - 기타,승용,남,53세,상해없음,승용,여,43세,경상
2012022500100513,2012년 2월 25일 20시,토요일,충청북도 충주시 교현동,경상사고,0,0,1,0,차대차 - 측면직각충돌,안전운전불이행,건조,맑음,단일로 - 기타,승용,여,36세,경상,승합,남,42세,상해없음
2012022500100552,2012년 2월 25일 21시,토요일,충청북도 충주시 문화동,중상사고,0,1,0,0,차대사람 - 기타,안전운전불이행,건조,맑음,단일로 - 기타,승용,남,51세,상해없음,보행자,여,56세,중상
2012022500100553,2012년 2월 25일 21시,토요일,충청북도 진천군 진천읍,경상사고,0,0,3,0,차대차 - 추돌 - 주정차중,안전운전불이행,건조,맑음,교차로 - 교차로부근,승용,남,44세,상해없음,승용,남,28세,경상
2012022500100583,2012년 2월 25일 22시,토요일,충청북도 충주시 용산동,중상사고,0,2,0,0,차대차 - 기타,직진우회전진행방해,건조,맑음,교차로 - 교차로안,승용,여,30세,상해없음,승용,남,46세,중상
2012022500100584,2012년 2월 25일 22시,토요일,충청북도 음성군 대소면,중상사고,0,1,0,0,차대차 - 추돌 - 진행중,안전운전불이행,건조,맑음,단일로 - 기타,승용,남,43세,상해없음,승용,남,35세,중상