사고번호,사고일시,요일,시군구,사고내용,사망자수,중상자수,경상자수,부상신고자수,사고유형,법규위반,노면상태,기상상태,도로형태,가해운전자 차종,가해운전자 성별,가해운전자 연령,가해운전자 상해정도,피해운전자 차종,피해운전자 성별,피해운전자 연령,피해운전자 상해정도
2012031300100407,2012년 3월 13일 18시,화요일,충청북도 청주시 흥덕구 봉명동,경상사고,0,0,1,0,차대사람 - 횡단중,신호위반,건조,맑음,단일로 - 횡단보도상,승용,남,58세,상해없음,보행자,남,52세,경상
2012031300100470,2012년 3월 13일 20시,화요일,충청북도 충주시 살미면,경상사고,0,0,4,0,차대차 - 기타,신호위반,건조,맑음,교차로 - 교차로안,화물,여,43세,상해없음,승용,남,25세,경상
2012031300100502,2012년 3월 13일 21시,화요일,충청북도 충주시 연수동,중상사고,0,1,0,0,차대차 - 측면직각충돌,기타,건조,맑음,교차로 - 교차로안,승용,남,55세,상해없음,이륜,남,16세,중상
2012031300100503,2012년 3월 13일 21시,화요일,충청북도 진천군 덕산면,중상사고,0,1,0,0,차대사람 - 길가장자리구역통행중,안전운전불이행,건조,맑음,단일로 - 기타,화물,남,58세,기타불명,보행자,남,55세,중상
2012031300100540,2012년 3월 13일 22시,화요일,충청북도 옥천군 옥천읍,중상사고,0,1,0,0,차대차 - 추돌 - 주정차중,안전운전불이행,건조,맑음,단일로 - 기타,승용,남,33세,중상,특수,남,43세,상해없음
2012031300100541,2012년 3월 13일 22시,화요일,충청북도 청주시 흥덕구 송정동,경상사고,0,0,1,0,차대차 - 기타,안전운전불이행,건조,맑음,교차로 - 교차로부근,승용,남,49세,상해없음,승용,여,53세,경상
2012031300100569,2012년 3월 13일 23시,화요일,충청북도 충주시 목행동,중상사고,0,1,0,0,차대차 - 정면충돌,안전운전불이행,건조,맑음,교차로 - 교차로안,화물,남,49세,상해없음,승용,남,57세,상해없음
2012031300100570,2012년 3월 13일 23시,화요일,충청북도 청주시 상당구 용암동,경상사고,0,0,1,0,차대차 - 추돌 - 주정차중,안전운전불이행,건조,맑음,교차로 - 교차로안,승용,남,42세,상해없음,승용,남,48세,경상
2012031400100073,2012년 3월 14일 06시,수요일,충청북도 청주시 흥덕구 신촌동,경상사고,0,0,1,0,차대사람 - 길가장자리구역통행중,안전운전불이행,건조,맑음,단일로 - 기타,승용,여,36세,상해없음,보행자,남,50세,경상
2012031400100121,2012년 3월 14일 08시,수요일,충청북도 청주시 흥덕구 사직동,경상사고,0,0,3,0,차대차 - 기타,안전거리미확보,건조,맑음,교차로 - 교차로안,승용,여,28세,상해없음,승용,여,41세,경상
2012031400100122,2012년 3월 14일 08시,수요일,충청북도 청주시 흥덕구 송정동,경상사고,0,0,1,0,차대사람 - 횡단중,안전운전불이행,건조,맑음,단일로 - 기타,승용,남,53세,상해없음,보행자,여,46세,경상
2012031400100154,2012년 3월 14일 09시,수요일,충청북도 청주시 상당구 용암동,중상사고,0,1,0,0,차대차 - 측면직각충돌,안전운전불이행,건조,맑음,단일로 - 기타,승합,남,43세,상해없음,자전거,남,79세,중상
2012031400100176,2012년 3월 14일 10시,수요일,충청북도 청주시 흥덕구 복대동,경상사고,0,0,1,0,차대차 - 측면직각충돌,신호위반,건조,맑음,교차로 - 교차로부근,승용,남,53세,상해없음,이륜,남,31세,경상
2012031400100218,2012년 3월 14일 12시,수요일,충청북도 청주시 상당구 율량동,경상사고,0,0,1,0,차대차 - 기타,안전운전불이행,건조,맑음,교차로 - 교차로안,승용,남,48세,상해없음,승용,남,39세,경상
2012031400100219,2012년 3월 14일 12시,수요일,충청북도 청주시 흥덕구 봉명동,경상사고,0,0,3,0,차대차 - 측면직각충돌,기타,건조,맑음,단일로 - 기타,승용,남,44세,경상,승용,남,46세,경상
2012031400100271,2012년 3월 14일 14시,수요일,충청북도 청주시 상당구 수동,중상사고,0,1,0,0,차대차 - 기타,중앙선침범,건조,맑음,단일로 - 기타,승용,남,48세,상해없음,승용,여,34세,중상
2012031400100298,2012년 3월 14일 15시,수요일,충청북도 청주시 흥덕구 복대동,중상사고,0,1,1,0,차대차 - 측면직각충돌,안전운전불이행,건조,맑음,교차로 - 교차로부근,승용,남,54세,상해없음,승용,여,31세,중상
2012031400100299,2012년 3월 14일 15시,수요일,충청북도 청주시 흥덕구 신봉동,경상사고,0,0,2,0,차대차 - 측면직각충돌,안전운전불이행,건조,맑음,단일로 - 기타,승용,여,37세,경상,승용,남,45세,경상
2012031400100329,2012년 3월 14일 16시,수요일,충청북도 청주시 흥덕구 신봉동,경상사고,0,0,1,0,차대차 - 측면직각충돌,안전운전불이행,건조,맑음,교차로 - 교차로안,승용,남,68세,상해없음,승용,여,51세,경상
2012031400100330,2012년 3월 14일 16시,수요일,충청북도 청주시 흥덕구 분평동,경상사고,0,0,1,0,차대차 - 추돌 - 주정차중,안전운전불이행,건조,맑음,단일로 - 기타,승용,남,46세,상해없음,승용,남,53세,경상
2012031400100354,2012년 3월 14일 17시,수요일,충청북도 청주시 상당구 주중동,경상사고,0,0,9,0,차대차 - 기타,안전거리미확보,건조,맑음,단일로 - 기타,화물,남,54세,경상,화물,남,43세,상해없음
2012031400100355,2012년 3월 14일 17시,수요일,충청북도 제천시 봉양읍,경상사고,0,0,1,0,차대차 - 기타,안전거리미확보,건조,맑음,단일로 - 기타,승용,여,62세,상해없음,승용,남,27세,경상
2012031400100356,2012년 3월 14일 17시,수요일,충청북도 청주시 흥덕구 복대동,경상사고,0,0,2,0,차대차 - 기타,신호위반,건조,맑음,단일로 - 횡단보도상,승용,남,56세,상해없음,자전거,남,41세,경상
2012031400100421,2012년 3월 14일 19시,수요일,충청북도 충주시 목행동,중상사고,0,1,0,0,차대차 - 추돌 - 진행중,안전거리미확보,건조,맑음,단일로 - 기타,승용,남,26세,중상,승용,남,45세,상해없음
2012031400100422,2012년 3월 14일 19시,수요일,충청북도 제천시 청전동,중상사고,0,1,2,0,차대차 - 기타,안전거리미확보,건조,맑음,단일로 - 기타,승용,남,47세,상해없음,승용,남,64세,중상
2012031400100423,2012년 3월 14일 19시,수요일,충청북도 청주시 흥덕구 복대동,경상사고,0,0,1,0,차대차 - 추돌 - 주정차중,교차로운행방법위반,건조,맑음,교차로 - 교차로안,기타불명,기타불명,기타불명,기타불명,승용,여,43세,경상
2012031400100496,2012년 3월 14일 21시,수요일,충청북도 청주시 흥덕구 산남동,경상사고,0,0,1,0,차대사람 - 차도통행중,안전운전불이행,건조,맑음,단일로 - 기타,승용,남,33세,상해없음,보행자,남,17세,경상
2012031400100497,2012년 3월 14일 21시,수요일,충청북도 청주시 흥덕구 수곡동,경상사고,0,0,1,0,차대사람 - 차도통행중,안전운전불이행,건조,맑음,단일로 - 기타,승용,남,51세,상해없음,보행자,남,41세,경상
2012031400100529,2012년 3월 14일 22시,수요일,충청북도 청원군 오창읍,중상사고,0,2,1,0,차대차 - 기타,신호위반,건조,맑음,교차로 - 교차로안,승용,남,28세,경상,승용,남,57세,중상
2012031400100530,2012년 3월 14일 22시,수요일,충청북도 청원군 내수읍,경상사고,0,0,1,0,차대차 - 기타,교차로운행방법위반,건조,맑음,교차로 - 교차로부근,승용,여,28세,상해없음,승용,여,50세,경상
2012031400100531,2012년 3월 14일 22시,수요일,충청북도 청주시 흥덕구 사창동,경상사고,0,0,3,0,차대차 - 측면직각충돌,안전운전불이행,건조,맑음,교차로 - 교차로부근,승용,남,33세,상해없음,승용,남,44세,상해없음
2012031400100562,2012년 3월 14일 23시,수요일,충청북도 음성군 금왕읍,경상사고,0,0,2,0,차대차 - 측면직각충돌,교차로운행방법위반,건조,맑음,교차로 - 교차로안,승용,남,28세,상해없음,승용,남,45세,경상
2012031500100011,2012년 3월 15일 00시,목요일,충청북도 청주시 흥덕구 복대동,경상사고,0,0,1,0,차대사람 - 횡단중,안전운전불이행,건조,맑음,교차로 - 교차로부근,승합,남,42세,상해없음,보행자,남,64세,경상
2012031500100146,2012년 3월 15일 08시,목요일,충청북도 음성군 음성읍,경상사고,0,0,2,0,차대차 - 측면직각충돌,교차로운행방법위반,건조,맑음,교차로 - 교차로안,화물,남,32세,상해없음,승용,여,43세,경상
2012031500100147,2012년 3월 15일 08시,목요일,충청북도 단양군 영춘면,중상사고,0,3,0,0,차대차 - 정면충돌,직진우회전진행방해,건조,맑음,교차로 - 교차로안,화물,여,43세,중상,건설기계,남,39세,중상
2012031500100148,2012년 3월 15일 08시,목요일,충청북도 청주시 흥덕구 사창동,경상사고,0,0,1,0,차대사람 - 횡단중,보행자보호의무위반,건조,맑음,단일로 - 횡단보도상,승합,남,31세,상해없음,보행자,여,47세,경상
2012031500100275,2012년 3월 15일 12시,목요일,충청북도 청주시 상당구 율량동,중상사고,0,2,1,0,차대차 - 추돌 - 주정차중,안전운전불이행,건조,맑음,교차로 - 교차로부근,승용,남,44세,상해없음,승용,여,40세,중상
2012031500100276,2012년 3월 15일 12시,목요일,충청북도 청주시 흥덕구 사창동,경상사고,0,0,1,0,차대차 - 측면직각충돌,안전운전불이행,건조,맑음,교차로 - 교차로안,승용,남,77세,상해없음,이륜,남,31세,경상
2012031500100277,2012년 3월 15일 12시,목요일,충청북도 청주시 흥덕구 성화동,중상사고,0,1,3,0,차대차 - 측면직각충돌,교차로운행방법위반,건조,맑음,교차로 - 교차로안,승용,남,26세,중상,승용,남,31세,경상
2012031500100293,2012년 3월 15일 13시,목요일,충청북도 제천시 의림동,경상사고,0,0,1,0,차대차 - 측면직각충돌,직진우회전진행방해,건조,맑음,교차로 - 교차로안,화물,남,75세,상해없음,승용,여,24세,경상
2012031500100317,2012년 3월 15일 14시,목요일,충청북도 청주시 상당구 우암동,경상사고,0,0,2,0,차대차 - 기타,안전거리미확보,건조,맑음,미분류 - 미분류,승용,남,57세,상해없음,승용,남,57세,경상
2012031500100318,2012년 3월 15일 14시,목요일,충청북도 제천시 청전동,경상사고,0,0,1,0,차대차 - 측면직각충돌,신호위반,건조,맑음,교차로 - 교차로안,이륜,남,28세,경상,승합,남,26세,상해없음
2012031500100379,2012년 3월 15일 16시,목요일,충청북도 청주시 흥덕구 산남동,중상사고,0,3,0,0,차대차 - 추돌 - 진행중,안전운전불이행,건조,맑음,교차로 - 교차로부근,승용,남,57세,중상,승용,여,49세,중상
2012031500100409,2012년 3월 15일 17시,목요일,충청북도 제천시 서부동,경상사고,0,0,2,0,차대차 - 측면직각충돌,신호위반,건조,맑음,교차로 - 교차로안,승용,남,51세,경상,승용,남,46세,상해없음
2012031500100410,2012년 3월 15일 17시,목요일,충청북도 영동군 황간면,경상사고,0,0,1,0,차대사람 - 길가장자리구역통행중,안전운전불이행,건조,맑음,단일로 - 기타,승용,여,47세,상해없음,보행자,남,11세,경상
2012031500100477,2012년 3월 15일 20시,목요일,충청북도 옥천군 옥천읍,중상사고,0,1,0,0,차대사람 - 횡단중,안전운전불이행,건조,맑음,단일로 - 기타,원동기,남,16세,상해없음,보행자,남,24세,중상
2012031500100511,2012년 3월 15일 21시,목요일,충청북도 제천시 의림동,부상신고사고,0,0,0,1,차대차 - 기타,직진우회전진행방해,건조,흐림,교차로 - 교차로안,승용,남,56세,상해없음,승용,남,44세,부상신고
2012031500100538,2012년 3월 15일 22시,목요일,충청북도 음성군 삼성면,중상사고,0,2,0,0,차대차 - 추돌 - 진행중,중앙선침범,건조,맑음,단일로 - 기타,승용,남,70세,상해없음,승용,남,29세,중상
2012031500100561,2012년 3월 15일 23시,목요일,충청북도 충주시 칠금동,경상사고,0,0,1,0,차대차 - 측면직각충돌,안전운전불이행,건조,맑음,교차로 - 교차로부근,승용,남,46세,상해없음,승용,남,40세,경상
2012031500100562,2012년 3월 15일 23시,목요일,충청북도 충주시 대소원면,중상사고,0,1,0,0,차량단독 - 전도전복,안전운전불이행,건조,맑음,단일로 - 기타,승용,남,47세,중상,,,,
2012031500100565,2012년 3월 15일 23시,목요일,충청북도 옥천군 동이면,중상사고,0,1,0,0,차대차 - 추돌 - 진행중,안전운전불이행,건조,맑음,단일로 - 기타,승용,남,18세,상해없음,화물,남,32세,중상
2012031600100012,2012년 3월 16일 00시,금요일,충청북도 청주시 흥덕구 사창동,경상사고,0,0,1,0,차대사람 - 기타,안전운전불이행,건조,맑음,단일로 - 기타,원동기,남,22세,상해없음,보행자,남,24세,경상
2012031600100072,2012년 3월 16일 04시,금요일,충청북도 청원군 오송읍,중상사고,0,2,0,0,차대차 - 추돌 - 주정차중,안전운전불이행,건조,맑음,교차로 - 교차로부근,화물,남,32세,중상,승용,여,56세,중상
2012031600100121,2012년 3월 16일 07시,금요일,충청북도 청주시 상당구 율량동,경상사고,0,0,1,0,차대사람 - 기타,안전운전불이행,건조,맑음,단일로 - 기타,화물,기타불명,기타불명,기타불명,보행자,남,17세,경상
2012031600100122,2012년 3월 16일 07시,금요일,충청북도 청주시 흥덕구 복대동,중상사고,0,1,0,0,차대차 - 추돌 - 진행중,안전운전불이행,건조,맑음,단일로 - 기타,승용,여,49세,상해없음,자전거,여,64세,중상
2012031600100152,2012년 3월 16일 08시,금요일,충청북도 청주시 상당구 용암동,경상사고,0,0,1,0,차대차 - 측면직각충돌,신호위반,습기,맑음,교차로 - 교차로안,화물,남,43세,상해없음,승용,여,61세,경상
2012031600100195,2012년 3월 16일 10시,금요일,충청북도 청주시 상당구 문화동,경상사고,0,0,2,0,차대차 - 추돌 - 진행중,안전운전불이행,건조,맑음,단일로 - 기타,승용,남,27세,상해없음,승용,남,51세,상해없음
2012031600100196,2012년 3월 16일 10시,금요일,충청북도 청주시 흥덕구 수곡동,중상사고,0,1,0,0,차대차 - 추돌 - 주정차중,안전운전불이행,건조,맑음,교차로 - 교차로부근,승용,남,34세,상해없음,승용,남,42세,중상
2012031600100239,2012년 3월 16일 12시,금요일,충청북도 음성군 음성읍,경상사고,0,0,1,0,차대사람 - 횡단중,안전운전불이행,건조,맑음,교차로 - 교차로안,승합,남,52세,상해없음,보행자,남,44세,경상
2012031600100240,2012년 3월 16일 12시,금요일,충청북도 단양군 어상천면,중상사고,0,1,0,0,차대차 - 정면충돌,안전운전불이행,건조,맑음,교차로 - 교차로부근,원동기,남,50세,중상,승용,여,53세,상해없음
2012031600100267,2012년 3월 16일 13시,금요일,충청북도 제천시 봉양읍,경상사고,0,0,1,0,차대차 - 측면직각충돌,중앙선침범,건조,맑음,단일로 - 기타,승합,남,44세,상해없음,승용,남,59세,경상
2012031600100295,2012년 3월 16일 14시,금요일,충청북도 보은군 수한면,부상신고사고,0,0,0,1,차량단독 - 기타,안전운전불이행,건조,맑음,단일로 - 기타,원동기,남,79세,부상신고,,,,
2012031600100317,2012년 3월 16일 15시,금요일,충청북도 충주시 교현동,중상사고,0,3,1,0,차대차 - 추돌 - 진행중,안전거리미확보,건조,맑음,단일로 - 기타,승용,남,45세,경상,승용,남,32세,중상
2012031600100350,2012년 3월 16일 16시,금요일,충청북도 충주시 호암동,중상사고,0,1,0,0,차대차 - 추돌 - 주정차중,안전거리미확보,건조,맑음,단일로 - 기타,화물,남,62세,상해없음,승용,여,45세,중상
2012031600100351,2012년 3월 16일 16시,금요일,충청북도 영동군 심천면,중상사고,0,1,0,0,차대차 - 기타,안전운전불이행,습기,비,교차로 - 교차로안,화물,남,65세,상해없음,이륜,남,74세,중상
2012031600100352,2012년 3월 16일 16시,금요일,충청북도 청원군 오송읍,중상사고,0,1,2,0,차대차 - 측면직각충돌,교차로운행방법위반,습기,비,교차로 - 교차로안,승용,여,46세,중상,화물,남,69세,경상
2012031600100387,2012년 3월 16일 17시,금요일,충청북도 음성군 삼성면,경상사고,0,0,1,0,차대차 - 기타,교차로운행방법위반,습기,비,교차로 - 교차로안,화물,남,45세,상해없음,원동기,남,26세,경상
2012031600100388,2012년 3월 16일 17시,금요일,충청북도 단양군 매포읍,중상사고,0,1,0,0,차대차 - 측면직각충돌,직진우회전진행방해,습기,비,교차로 - 교차로안,승합,여,34세,중상,승용,남,47세,상해없음
2012031600100426,2012년 3월 16일 18시,금요일,충청북도 청주시 상당구 탑동,중상사고,0,1,0,0,차대사람 - 횡단중,보행자보호의무위반,건조,맑음,단일로 - 횡단보도상,승용,남,40세,상해없음,보행자,여,72세,중상
2012031600100427,2012년 3월 16일 18시,금요일,충청북도 청주시 흥덕구 성화동,중상사고,0,1,0,0,차대차 - 측면직각충돌,안전운전불이행,습기,비,단일로 - 기타,승용,기타불명,기타불명,기타불명,자전거,남,47세,중상
2012031600100428,2012년 3월 16일 18시,금요일,충청북도 청주시 흥덕구 복대동,중상사고,0,1,0,0,차대사람 - 횡단중,안전운전불이행,건조,맑음,단일로 - 기타,승용,남,34세,상해없음,보행자,여,10세,중상
2012031600100477,2012년 3월 16일 19시,금요일,충청북도 청주시 상당구 남주동,경상사고,0,0,1,0,차대차 - 측면직각충돌,교차로운행방법위반,습기,비,교차로 - 교차로안,화물,남,43세,경상,화물,남,46세,상해없음
2012031600100478,2012년 3월 16일 19시,금요일,충청북도 청주시 상당구 우암동,경상사고,0,0,1,0,차대차 - 측면직각충돌,신호위반,습기,비,교차로 - 교차로안,승용,여,33세,상해없음,승용,남,28세,경상
2012031600100479,2012년 3월 16일 19시,금요일,충청북도 제천시 청전동,경상사고,0,0,1,0,차대차 - 기타,안전거리미확보,습기,비,단일로 - 기타,화물,남,49세,상해없음,원동기,남,16세,경상
2012031600100480,2012년 3월 16일 19시,금요일,충청북도 진천군 진천읍,경상사고,0,0,1,0,차대차 - 측면직각충돌,신호위반,습기,비,교차로 - 교차로안,승용,여,48세,상해없음,승용,남,48세,경상
2012031600100539,2012년 3월 16일 20시,금요일,충청북도 청주시 상당구 우암동,중상사고,0,1,0,0,차대사람 - 횡단중,보행자보호의무위반,습기,비,단일로 - 횡단보도상,승용,남,23세,상해없음,보행자,여,19세,중상
2012031600100540,2012년 3월 16일 20시,금요일,충청북도 충주시 달천동,중상사고,0,1,1,0,차대차 - 기타,안전운전불이행,습기,비,교차로 - 교차로부근,승용,남,57세,기타불명,승용,남,33세,중상
2012031600100593,2012년 3월 16일 21시,금요일,충청북도 진천군 진천읍,중상사고,0,2,1,0,차대차 - 측면직각충돌,신호위반,건조,맑음,교차로 - 교차로안,승용,남,24세,중상,승용,여,43세,중상
2012031600100594,2012년 3월 16일 21시,금요일,충청북도 청주시 상당구 용암동,중상사고,0,1,0,0,차대사람 - 횡단중,안전운전불이행,습기,비,교차로 - 교차로부근,승용,여,19세,상해없음,보행자,남,54세,중상
2012031600100723,2012년 3월 16일 23시,금요일,충청북도 증평군 증평읍,중상사고,0,1,0,0,차대차 - 측면직각충돌,안전운전불이행,습기,비,교차로 - 교차로안,화물,남,53세,상해없음,승용,남,51세,중상
2012031600100724,2012년 3월 16일 23시,금요일,충청북도 청주시 흥덕구 복대동,경상사고,0,0,1,0,차대차 - 추돌 - 진행중,안전운전불이행,건조,맑음,단일로 - 기타,승용,남,25세,상해없음,승용,남,43세,경상
2012031600100725,2012년 3월 16일 23시,금요일,충청북도 청원군 옥산면,중상사고,0,1,0,0,차량단독 - 공작물충돌,안전운전불이행,습기,비,단일로 - 기타,승합,남,30세,중상,,,,
2012031600100726,2012년 3월 16일 23시,금요일,충청북도 청주시 흥덕구 분평동,중상사고,0,1,1,0,차대차 - 추돌 - 주정차중,안전운전불이행,건조,맑음,교차로 - 교차로부근,화물,남,34세,상해없음,승용,남,34세,중상
2012031700100033,2012년 3월 17일 00시,토요일,충청북도 청주시 흥덕구 수곡동,경상사고,0,0,1,0,차대사람 - 횡단중,안전운전불이행,건조,맑음,교차로 - 교차로부근,승용,여,57세,상해없음,보행자,여,48세,경상
2012031700100214,2012년 3월 17일 05시,토요일,충청북도 청주시 상당구 우암동,경상사고,0,0,2,0,차대차 - 기타,안전운전불이행,건조,맑음,단일로 - 기타,승용,남,56세,상해없음,승합,남,53세,경상
2012031700100229,2012년 3월 17일 06시,토요일,충청북도 옥천군 옥천읍,경상사고,0,0,1,1,차량단독 - 공작물충돌,안전운전불이행,건조,맑음,단일로 - 기타,승용,남,18세,부상신고,,,,
2012031700100245,2012년 3월 17일 07시,토요일,충청북도 청주시 상당구 영동,경상사고,0,0,1,0,차대차 - 측면직각충돌,신호위반,건조,맑음,교차로 - 교차로안,승용,남,56세,상해없음,승용,남,31세,경상
2012031700100246,2012년 3월 17일 07시,토요일,충청북도 충주시 목행동,중상사고,0,2,0,0,차대차 - 측면직각충돌,안전운전불이행,습기,비,교차로 - 교차로안,승용,남,52세,상해없음,승용,남,51세,중상
2012031700100262,2012년 3월 17일 08시,토요일,충청북도 청주시 흥덕구 복대동,중상사고,0,1,1,0,차대차 - 측면직각충돌,교차로운행방법위반,습기,비,교차로 - 교차로안,승용,남,19세,경상,승용,남,34세,중상
2012031700100263,2012년 3월 17일 08시,토요일,충청북도 청주시 흥덕구 모충동,경상사고,0,0,1,0,차대차 - 측면직각충돌,안전운전불이행,습기,비,단일로 - 기타,승용,남,40세,상해없음,화물,남,63세,경상
2012031700100327,2012년 3월 17일 11시,토요일,충청북도 음성군 금왕읍,중상사고,0,1,0,0,차대차 - 정면충돌,교차로운행방법위반,건조,맑음,교차로 - 교차로안,원동기,남,42세,중상,승용,여,28세,상해없음
2012031700100353,2012년 3월 17일 12시,토요일,충청북도 청주시 흥덕구 사창동,중상사고,0,1,1,0,차대차 - 측면직각충돌,신호위반,건조,맑음,교차로 - 교차로안,화물,남,64세,상해없음,이륜,남,23세,중상
2012031700100354,2012년 3월 17일 12시,토요일,충청북도 청주시 흥덕구 문암동,경상사고,0,0,1,0,차대사람 - 기타,안전운전불이행,건조,맑음,단일로 - 기타,화물,남,37세,상해없음,보행자,남,18세,경상
2012031700100395,2012년 3월 17일 13시,토요일,충청북도 제천시 청전동,부상신고사고,0,0,0,1,차대사람 - 기타,안전운전불이행,건조,흐림,교차로 - 교차로안,승용,여,54세,상해없음,보행자,남,72세,부상신고
2012031700100396,2012년 3월 17일 13시,토요일,충청북도 영동군 영동읍,중상사고,0,1,0,0,차대사람 - 기타,안전운전불이행,건조,흐림,단일로 - 기타,승용,남,38세,상해없음,보행자,여,68세,중상
2012031700100424,2012년 3월 17일 14시,토요일,충청북도 충주시 대소원면,경상사고,0,0,7,0,차량단독 - 공작물충돌,안전운전불이행,건조,맑음,단일로 - 기타,승합,남,44세,상해없음,,,,
2012031700100543,2012년 3월 17일 18시,토요일,충청북도 청주시 흥덕구 수곡동,중상사고,0,1,0,0,차대차 - 측면직각충돌,교차로운행방법위반,습기,흐림,교차로 - 교차로부근,화물,남,46세,상해없음,이륜,여,56세,중상
2012031700100582,2012년 3월 17일 19시,토요일,충청북도 충주시 산척면,사망사고,2,0,0,0,차대사람 - 기타,안전운전불이행,건조,맑음,단일로 - 기타,승용,여,47세,상해없음,보행자,남,70세,사망
2012031700100583,2012년 3월 17일 19시,토요일,충청북도 청주시 흥덕구 사창동,경상사고,0,0,1,0,차대차 - 측면직각충돌,안전운전불이행,건조,맑음,교차로 - 교차로부근,승용,여,27세,상해없음,원동기,남,21세,경상
2012031700100584,2012년 3월 17일 19시,토요일,충청북도 청주시 흥덕구 성화동,경상사고,0,0,3,0,차대차 - 측면직각충돌,신호위반,건조,맑음,교차로 - 교차로안,승용,여,36세,상해없음,승용,남,55세,경상
2012031700100585,2012년 3월 17일 19시,토요일,충청북도 청주시 흥덕구 가경동,중상사고,0,2,0,0,차대차 - 측면직각충돌,교차로운행방법위반,건조,맑음,교차로 - 교차로안,원동기,남,18세,중상,승용,남,55세,상해없음
2012031700100625,2012년 3월 17일 20시,토요일,충청북도 청주시 흥덕구 수곡동,경상사고,0,0,1,0,차대차 - 측면직각충돌,안전운전불이행,습기,비,교차로 - 교차로부근,승합,남,41세,상해없음,이륜,남,18세,경상
2012031700100733,2012년 3월 17일 23시,토요일,충청북도 음성군 대소면,경상사고,0,0,1,0,차대차 - 추돌 - 진행중,안전운전불이행,습기,비,단일로 - 교량,기타불명,기타불명,기타불명,기타불명,원동기,남,44세,경상
2012031800100011,2012년 3월 18일 00시,일요일,충청북도 청주시 상당구 우암동,경상사고,0,0,1,0,차대사람 - 기타,안전운전불이행,건조,맑음,단일로 - 기타,승용,남,25세,상해없음,보행자,남,25세,경상
2012031800100012,2012년 3월 18일 00시,일요일,충청북도 충주시 성서동,중상사고,0,2,0,0,차대차 - 추돌 - 주정차중,안전운전불이행,건조,맑음,단일로 - 기타,화물,남,24세,상해없음,승용,여,36세,기타불명
2012031800100040,2012년 3월 18일 01시,일요일,충청북도 제천시 중앙로1가,경상사고,0,0,1,0,차대사람 - 기타,중앙선침범,습기,안개,단일로 - 기타,승용,남,58세,기타불명,보행자,여,49세,경상
2012031800100041,2012년 3월 18일 01시,일요일,충청북도 청주시 흥덕구 송정동,경상사고,0,0,1,0,차대차 - 측면직각충돌,교차로운행방법위반,건조,맑음,교차로 - 교차로안,승용,여,47세,상해없음,승용,남,28세,경상
2012031800100064,2012년 3월 18일 02시,일요일,충청북도 제천시 중앙로1가,경상사고,0,0,2,0,차대차 - 추돌 - 진행중,안전운전불이행,습기,안개,교차로 - 교차로부근,승용,남,26세,상해없음,승용,남,42세,경상
2012031800100065,2012년 3월 18일 02시,일요일,충청북도 옥천군 옥천읍,중상사고,0,1,1,0,차대차 - 측면직각충돌,안전운전불이행,건조,맑음,교차로 - 교차로부근,승용,남,23세,상해없음,원동기,남,26세,중상
2012031800100083,2012년 3월 18일 03시,일요일,충청북도 충주시 금릉동,경상사고,0,0,2,0,차대차 - 측면직각충돌,신호위반,건조,맑음,교차로 - 교차로안,승용,남,31세,상해없음,승용,남,63세,경상
2012031800100084,2012년 3월 18일 03시,일요일,충청북도 청주시 흥덕구 가경동,경상사고,0,0,1,0,차대차 - 측면직각충돌,안전운전불이행,건조,맑음,단일로 - 기타,승용,남,40세,상해없음,승용,남,39세,경상
2012031800100085,2012년 3월 18일 03시,일요일,충청북도 충주시 가금면,사망사고,1,0,0,0,차대차 - 추돌 - 진행중,안전운전불이행,건조,맑음,단일로 - 기타,승용,남,50세,사망,화물,남,43세,상해없음
2012031800100099,2012년 3월 18일 04시,일요일,충청북도 청주시 흥덕구 모충동,중상사고,0,1,0,0,차대차 - 추돌 - 주정차중,안전운전불이행,습기,흐림,단일로 - 기타,승용,남,28세,중상,승합,남,39세,상해없음
2012031800100140,2012년 3월 18일 07시,일요일,충청북도 단양군 단양읍,중상사고,0,1,3,0,차대사람 - 길가장자리구역통행중,안전운전불이행,습기,비,교차로 - 교차로부근,승용,여,46세,경상,보행자,여,38세,중상
2012031800100155,2012년 3월 18일 08시,일요일,충청북도 제천시 서부동,중상사고,0,2,0,0,차대차 - 정면충돌,중앙선침범,건조,맑음,단일로 - 기타,승용,남,23세,상해없음,승용,남,64세,중상
2012031800100156,2012년 3월 18일 08시,일요일,충청북도 음성군 삼성면,중상사고,0,1,1,0,차대차 - 기타,안전운전불이행,건조,맑음,단일로 - 기타,승합,남,35세,상해없음,승용,남,32세,중상
2012031800100167,2012년 3월 18일 09시,일요일,충청북도 청원군 오창읍,경상사고,0,0,2,0,차대차 - 정면충돌,중앙선침범,건조,맑음,단일로 - 기타,승용,남,25세,경상,이륜,남,62세,경상
2012031800100177,2012년 3월 18일 10시,일요일,충청북도 청주시 상당구 북문로1가동,경상사고,0,0,1,0,차대차 - 기타,신호위반,건조,맑음,단일로 - 기타,승용,남,47세,상해없음,자전거,남,58세,경상
2012031800100216,2012년 3월 18일 12시,일요일,충청북도 청주시 상당구 내덕동,경상사고,0,0,3,0,차대차 - 측면직각충돌,중앙선침범,습기,맑음,단일로 - 기타,승용,남,51세,상해없음,승용,남,63세,경상