사고번호,사고일시,요일,시군구,사고내용,사망자수,중상자수,경상자수,부상신고자수,사고유형,법규위반,노면상태,기상상태,도로형태,가해운전자 차종,가해운전자 성별,가해운전자 연령,가해운전자 상해정도,피해운전자 차종,피해운전자 성별,피해운전자 연령,피해운전자 상해정도
2012031800100217,2012년 3월 18일 12시,일요일,충청북도 청주시 흥덕구 송정동,경상사고,0,0,5,0,차대차 - 측면직각충돌,안전운전불이행,건조,맑음,교차로 - 교차로안,승용,남,36세,상해없음,승합,남,37세,경상
2012031800100218,2012년 3월 18일 12시,일요일,충청북도 청주시 흥덕구 분평동,경상사고,0,0,5,0,차대차 - 기타,안전운전불이행,건조,맑음,단일로 - 기타,승용,남,34세,상해없음,승용,여,38세,경상
2012031800100232,2012년 3월 18일 13시,일요일,충청북도 청주시 상당구 오동동,경상사고,0,0,7,0,차대차 - 기타,안전운전불이행,건조,맑음,교차로 - 교차로부근,승용,여,57세,상해없음,승용,남,51세,경상
2012031800100254,2012년 3월 18일 14시,일요일,충청북도 충주시 연수동,경상사고,0,0,3,0,차대차 - 추돌 - 진행중,직진우회전진행방해,건조,맑음,교차로 - 교차로안,승용,여,55세,경상,승용,남,42세,경상
2012031800100255,2012년 3월 18일 14시,일요일,충청북도 단양군 단양읍,중상사고,0,1,2,0,차대차 - 정면충돌,안전운전불이행,건조,맑음,단일로 - 기타,승용,남,55세,상해없음,승용,여,52세,경상
2012031800100276,2012년 3월 18일 15시,일요일,충청북도 청주시 상당구 용암동,경상사고,0,0,1,0,차대차 - 기타,중앙선침범,건조,맑음,교차로 - 교차로부근,승용,남,50세,상해없음,승용,여,48세,경상
2012031800100329,2012년 3월 18일 17시,일요일,충청북도 청주시 흥덕구 사창동,경상사고,0,0,3,0,차대차 - 측면직각충돌,안전운전불이행,건조,맑음,단일로 - 기타,승용,여,45세,상해없음,승용,여,66세,경상
2012031800100359,2012년 3월 18일 18시,일요일,충청북도 청주시 흥덕구 사직동,경상사고,0,0,1,0,차대차 - 측면직각충돌,안전운전불이행,건조,맑음,단일로 - 기타,승용,여,41세,상해없음,자전거,남,12세,경상
2012031800100386,2012년 3월 18일 19시,일요일,충청북도 청주시 상당구 내덕동,경상사고,0,0,1,0,차대차 - 측면직각충돌,안전거리미확보,건조,맑음,교차로 - 교차로부근,화물,남,53세,상해없음,승용,남,28세,경상
2012031800100406,2012년 3월 18일 20시,일요일,충청북도 청주시 상당구 금천동,경상사고,0,0,3,0,차대차 - 기타,안전운전불이행,건조,맑음,단일로 - 기타,승용,남,46세,상해없음,승용,남,26세,경상
2012031800100407,2012년 3월 18일 20시,일요일,충청북도 음성군 금왕읍,경상사고,0,0,1,0,차대차 - 추돌 - 진행중,안전운전불이행,건조,맑음,교차로 - 교차로안,승용,남,25세,상해없음,승용,여,40세,경상
2012031800100408,2012년 3월 18일 20시,일요일,충청북도 청주시 흥덕구 복대동,경상사고,0,0,3,0,차대차 - 추돌 - 주정차중,안전운전불이행,건조,맑음,교차로 - 교차로부근,승용,여,33세,상해없음,승용,남,25세,상해없음
2012031900100003,2012년 3월 19일 00시,월요일,충청북도 청주시 흥덕구 사창동,경상사고,0,0,1,0,차대차 - 추돌 - 진행중,안전운전불이행,건조,맑음,단일로 - 기타,승용,남,56세,상해없음,승용,여,51세,경상
2012031900100034,2012년 3월 19일 04시,월요일,충청북도 음성군 금왕읍,중상사고,0,1,0,0,차량단독 - 공작물충돌,안전운전불이행,건조,맑음,단일로 - 기타,승용,여,57세,중상,,,,
2012031900100054,2012년 3월 19일 06시,월요일,충청북도 청원군 낭성면,사망사고,1,0,0,0,차대사람 - 기타,안전운전불이행,건조,맑음,교차로 - 교차로안,승합,남,57세,상해없음,보행자,여,81세,사망
2012031900100069,2012년 3월 19일 07시,월요일,충청북도 청주시 흥덕구 석곡동,경상사고,0,0,1,0,차대차 - 추돌 - 진행중,안전운전불이행,건조,맑음,단일로 - 기타,승용,남,32세,상해없음,승용,남,52세,경상
2012031900100070,2012년 3월 19일 07시,월요일,충청북도 청원군 강내면,경상사고,0,0,6,0,차대차 - 측면직각충돌,교차로운행방법위반,건조,맑음,교차로 - 교차로안,승합,남,55세,상해없음,화물,여,40세,경상
2012031900100071,2012년 3월 19일 07시,월요일,충청북도 청주시 상당구 용암동,중상사고,0,1,1,0,차대차 - 기타,안전운전불이행,건조,맑음,단일로 - 기타,승용,남,45세,상해없음,승용,남,41세,중상
2012031900100101,2012년 3월 19일 08시,월요일,충청북도 증평군 증평읍,경상사고,0,0,3,0,차대차 - 측면직각충돌,교차로운행방법위반,건조,맑음,단일로 - 기타,승용,남,40세,경상,승용,여,41세,경상
2012031900100138,2012년 3월 19일 09시,월요일,충청북도 청주시 흥덕구 사직동,중상사고,0,2,0,0,차대차 - 추돌 - 주정차중,안전운전불이행,건조,맑음,단일로 - 기타,화물,남,46세,상해없음,승용,남,56세,중상
2012031900100170,2012년 3월 19일 10시,월요일,충청북도 청주시 상당구 우암동,부상신고사고,0,0,0,1,차량단독 - 기타,안전운전불이행,건조,맑음,단일로 - 기타,이륜,남,49세,부상신고,,,,
2012031900100196,2012년 3월 19일 11시,월요일,충청북도 옥천군 옥천읍,경상사고,0,0,1,0,차대차 - 측면직각충돌,중앙선침범,건조,맑음,단일로 - 기타,이륜,남,78세,경상,승용,남,25세,상해없음
2012031900100197,2012년 3월 19일 11시,월요일,충청북도 단양군 매포읍,중상사고,0,1,0,0,차대차 - 추돌 - 진행중,안전거리미확보,건조,맑음,단일로 - 기타,화물,남,49세,상해없음,화물,남,68세,중상
2012031900100213,2012년 3월 19일 12시,월요일,충청북도 청주시 상당구 영운동,중상사고,0,1,0,0,차대차 - 기타,교차로운행방법위반,건조,맑음,교차로 - 교차로안,승용,여,47세,상해없음,자전거,남,63세,중상
2012031900100276,2012년 3월 19일 14시,월요일,충청북도 청원군 오창읍,경상사고,0,0,3,0,차대차 - 기타,교차로운행방법위반,건조,맑음,교차로 - 교차로안,화물,남,35세,상해없음,승용,남,34세,경상
2012031900100277,2012년 3월 19일 14시,월요일,충청북도 충주시 신니면,중상사고,0,1,0,0,차대차 - 측면직각충돌,교차로운행방법위반,건조,맑음,교차로 - 교차로안,승용,남,36세,상해없음,원동기,남,63세,중상
2012031900100278,2012년 3월 19일 14시,월요일,충청북도 제천시 화산동,경상사고,0,0,1,0,차대사람 - 기타,안전운전불이행,건조,맑음,교차로 - 교차로안,승용,여,28세,기타불명,보행자,여,7세,경상
2012031900100328,2012년 3월 19일 16시,월요일,충청북도 청주시 흥덕구 개신동,경상사고,0,0,1,0,차대차 - 추돌 - 진행중,안전운전불이행,건조,맑음,단일로 - 교량,승용,남,48세,상해없음,승용,남,43세,경상
2012031900100360,2012년 3월 19일 17시,월요일,충청북도 청주시 흥덕구 사창동,경상사고,0,0,2,0,차대차 - 측면직각충돌,신호위반,건조,맑음,교차로 - 교차로안,승합,남,49세,상해없음,승용,남,23세,경상
2012031900100388,2012년 3월 19일 18시,월요일,충청북도 옥천군 군북면,경상사고,0,0,2,0,차대차 - 측면직각충돌,안전운전불이행,건조,맑음,단일로 - 기타,승용,여,40세,상해없음,승용,여,52세,경상
2012031900100420,2012년 3월 19일 19시,월요일,충청북도 청주시 상당구 영동,경상사고,0,0,1,0,차대사람 - 횡단중,보행자보호의무위반,건조,맑음,단일로 - 횡단보도상,화물,남,59세,상해없음,보행자,여,21세,경상
2012031900100421,2012년 3월 19일 19시,월요일,충청북도 청주시 흥덕구 산남동,중상사고,0,1,0,0,차대차 - 기타,안전운전불이행,건조,맑음,단일로 - 기타,이륜,남,37세,중상,승용,남,44세,상해없음
2012031900100458,2012년 3월 19일 20시,월요일,충청북도 청원군 오창읍,경상사고,0,0,1,0,차대차 - 측면직각충돌,신호위반,건조,맑음,교차로 - 교차로안,원동기,남,21세,경상,승용,남,43세,상해없음
2012031900100459,2012년 3월 19일 20시,월요일,충청북도 충주시 금릉동,경상사고,0,0,2,0,차대차 - 측면직각충돌,안전운전불이행,건조,맑음,교차로 - 교차로부근,승용,남,27세,상해없음,승용,남,27세,경상
2012031900100521,2012년 3월 19일 22시,월요일,충청북도 청주시 흥덕구 봉명동,경상사고,0,0,3,0,차대사람 - 기타,안전운전불이행,건조,맑음,단일로 - 기타,승용,여,30세,상해없음,보행자,남,20세,경상
2012031900100522,2012년 3월 19일 22시,월요일,충청북도 청주시 흥덕구 수곡동,중상사고,0,1,0,0,차대차 - 기타,안전운전불이행,건조,맑음,교차로 - 교차로안,승용,남,55세,상해없음,이륜,남,21세,중상
2012032000100077,2012년 3월 20일 05시,화요일,충청북도 청주시 상당구 금천동,경상사고,0,0,1,0,차대차 - 기타,안전운전불이행,건조,맑음,단일로 - 기타,기타불명,기타불명,기타불명,기타불명,승용,남,69세,경상
2012032000100078,2012년 3월 20일 05시,화요일,충청북도 청주시 흥덕구 송정동,경상사고,0,0,1,0,차대차 - 측면직각충돌,안전거리미확보,건조,맑음,단일로 - 기타,승용,남,48세,상해없음,이륜,남,42세,경상
2012032000100079,2012년 3월 20일 05시,화요일,충청북도 청주시 흥덕구 신봉동,중상사고,0,1,1,0,차대차 - 측면직각충돌,안전운전불이행,건조,맑음,교차로 - 교차로안,승용,남,34세,경상,승용,여,52세,중상
2012032000100092,2012년 3월 20일 06시,화요일,충청북도 제천시 의림동,중상사고,0,1,0,0,차대차 - 측면직각충돌,신호위반,건조,맑음,교차로 - 교차로안,화물,남,63세,상해없음,화물,남,51세,중상
2012032000100112,2012년 3월 20일 07시,화요일,충청북도 보은군 보은읍,경상사고,0,0,1,0,차대차 - 측면직각충돌,교차로운행방법위반,건조,맑음,교차로 - 교차로안,화물,남,53세,상해없음,화물,남,40세,경상
2012032000100143,2012년 3월 20일 08시,화요일,충청북도 제천시 청전동,중상사고,0,1,1,0,차대차 - 측면직각충돌,직진우회전진행방해,건조,맑음,교차로 - 교차로안,승용,남,27세,경상,승용,여,40세,중상
2012032000100182,2012년 3월 20일 09시,화요일,충청북도 충주시 가금면,경상사고,0,0,1,0,차대차 - 측면직각충돌,교차로운행방법위반,건조,맑음,교차로 - 교차로안,화물,남,57세,상해없음,승용,여,39세,경상
2012032000100206,2012년 3월 20일 10시,화요일,충청북도 옥천군 청산면,경상사고,0,0,1,0,차대차 - 추돌 - 진행중,안전운전불이행,건조,맑음,단일로 - 기타,승합,남,51세,상해없음,승용,여,46세,경상
2012032000100207,2012년 3월 20일 10시,화요일,충청북도 청주시 흥덕구 사창동,경상사고,0,0,1,0,차대차 - 추돌 - 주정차중,안전거리미확보,건조,맑음,교차로 - 교차로부근,승용,여,72세,상해없음,승용,여,32세,경상
2012032000100208,2012년 3월 20일 10시,화요일,충청북도 청원군 옥산면,중상사고,0,1,1,0,차대차 - 측면직각충돌,교차로운행방법위반,건조,맑음,교차로 - 교차로안,화물,남,22세,경상,화물,여,49세,중상
2012032000100281,2012년 3월 20일 13시,화요일,충청북도 청원군 내수읍,경상사고,0,0,1,0,차대차 - 측면직각충돌,차로위반,건조,맑음,교차로 - 교차로안,승용,여,21세,경상,승용,여,50세,상해없음
2012032000100305,2012년 3월 20일 14시,화요일,충청북도 충주시 대소원면,중상사고,0,1,0,0,차대사람 - 길가장자리구역통행중,안전운전불이행,건조,맑음,단일로 - 기타,승용,여,52세,상해없음,보행자,여,49세,중상
2012032000100386,2012년 3월 20일 17시,화요일,충청북도 청주시 상당구 내덕동,경상사고,0,0,2,0,차대차 - 기타,안전운전불이행,건조,맑음,단일로 - 기타,승용,여,40세,상해없음,승용,남,38세,경상
2012032000100387,2012년 3월 20일 17시,화요일,충청북도 청주시 상당구 율량동,경상사고,0,0,1,0,차대차 - 기타,안전운전불이행,건조,흐림,단일로 - 기타,승용,남,31세,상해없음,승용,여,48세,경상
2012032000100470,2012년 3월 20일 19시,화요일,충청북도 청주시 상당구 우암동,경상사고,0,0,3,0,차대차 - 측면직각충돌,신호위반,건조,맑음,교차로 - 교차로안,승용,여,41세,상해없음,승용,남,44세,경상
2012032000100471,2012년 3월 20일 19시,화요일,충청북도 제천시 송학면,중상사고,0,1,0,0,차대사람 - 횡단중,중앙선침범,건조,맑음,교차로 - 교차로부근,화물,남,49세,상해없음,보행자,남,56세,중상
2012032000100472,2012년 3월 20일 19시,화요일,충청북도 청원군 옥산면,사망사고,1,0,0,0,차대차 - 추돌 - 진행중,안전운전불이행,건조,맑음,단일로 - 기타,화물,남,43세,상해없음,자전거,남,63세,사망
2012032000100543,2012년 3월 20일 21시,화요일,충청북도 청주시 상당구 율량동,경상사고,0,0,1,0,차대차 - 기타,안전운전불이행,건조,맑음,단일로 - 기타,승용,남,43세,상해없음,승용,남,68세,상해없음
2012032000100570,2012년 3월 20일 22시,화요일,충청북도 청주시 상당구 대성동,경상사고,0,0,1,0,차대차 - 기타,안전운전불이행,건조,맑음,교차로 - 교차로안,이륜,남,16세,경상,승용,남,32세,상해없음
2012032000100571,2012년 3월 20일 22시,화요일,충청북도 충주시 문화동,경상사고,0,0,1,0,차대사람 - 차도통행중,안전운전불이행,건조,맑음,단일로 - 기타,승용,남,38세,상해없음,보행자,남,61세,경상
2012032000100572,2012년 3월 20일 22시,화요일,충청북도 청주시 흥덕구 수의동,중상사고,0,1,0,0,차대차 - 측면직각충돌,신호위반,건조,맑음,교차로 - 교차로안,원동기,남,22세,중상,승용,남,32세,상해없음
2012032000100602,2012년 3월 20일 23시,화요일,충청북도 음성군 금왕읍,중상사고,0,1,0,0,차대사람 - 횡단중,안전운전불이행,건조,맑음,단일로 - 기타,승용,남,45세,상해없음,보행자,여,45세,중상
2012032100100079,2012년 3월 21일 06시,수요일,충청북도 청주시 흥덕구 가경동,경상사고,0,0,1,0,차대차 - 추돌 - 진행중,안전거리미확보,건조,맑음,단일로 - 기타,기타불명,기타불명,기타불명,기타불명,승용,남,57세,경상
2012032100100160,2012년 3월 21일 09시,수요일,충청북도 청주시 흥덕구 복대동,경상사고,0,0,1,0,차대차 - 추돌 - 주정차중,안전운전불이행,건조,맑음,단일로 - 기타,승용,남,24세,상해없음,승용,여,26세,경상
2012032100100177,2012년 3월 21일 10시,수요일,충청북도 제천시 화산동,중상사고,0,1,0,0,차대차 - 측면직각충돌,교차로운행방법위반,건조,맑음,교차로 - 교차로안,승용,남,71세,상해없음,승용,남,44세,중상
2012032100100208,2012년 3월 21일 11시,수요일,충청북도 제천시 남천동,중상사고,0,1,0,0,차대차 - 기타,안전운전불이행,건조,맑음,단일로 - 기타,승용,여,44세,상해없음,승용,여,56세,중상
2012032100100209,2012년 3월 21일 11시,수요일,충청북도 청주시 흥덕구 복대동,중상사고,0,1,0,0,차대차 - 측면직각충돌,중앙선침범,건조,맑음,단일로 - 기타,자전거,남,65세,중상,승용,남,32세,상해없음
2012032100100210,2012년 3월 21일 11시,수요일,충청북도 청원군 강내면,중상사고,0,1,0,0,차대차 - 추돌 - 진행중,안전거리미확보,건조,맑음,단일로 - 기타,화물,남,50세,상해없음,화물,남,34세,중상
2012032100100306,2012년 3월 21일 15시,수요일,충청북도 보은군 산외면,중상사고,0,1,0,0,차대사람 - 차도통행중,안전운전불이행,건조,맑음,단일로 - 기타,승용,남,19세,상해없음,보행자,여,19세,중상
2012032100100307,2012년 3월 21일 15시,수요일,충청북도 청원군 강내면,경상사고,0,0,1,0,차대차 - 측면직각충돌,신호위반,건조,맑음,교차로 - 교차로안,승용,남,18세,상해없음,승용,여,41세,경상
2012032100100398,2012년 3월 21일 18시,수요일,충청북도 증평군 증평읍,경상사고,0,0,1,0,차대사람 - 기타,교차로운행방법위반,건조,맑음,교차로 - 교차로안,이륜,남,43세,상해없음,보행자,여,15세,경상
2012032100100426,2012년 3월 21일 19시,수요일,충청북도 제천시 강제동,중상사고,0,1,0,0,차대차 - 기타,안전운전불이행,건조,맑음,교차로 - 교차로안,건설기계,남,47세,상해없음,승용,남,54세,중상
2012032100100427,2012년 3월 21일 19시,수요일,충청북도 제천시 중앙로2가,경상사고,0,0,1,0,차대차 - 측면직각충돌,안전운전불이행,건조,맑음,단일로 - 기타,화물,남,28세,상해없음,승합,남,29세,경상
2012032100100460,2012년 3월 21일 20시,수요일,충청북도 청원군 낭성면,사망사고,1,0,0,0,차대차 - 정면충돌,신호위반,건조,맑음,교차로 - 교차로안,승용,남,28세,상해없음,이륜,남,55세,사망
2012032100100492,2012년 3월 21일 21시,수요일,충청북도 청주시 상당구 우암동,경상사고,0,0,1,0,차대사람 - 기타,안전운전불이행,건조,맑음,단일로 - 기타,승용,남,41세,상해없음,보행자,남,58세,경상
2012032100100523,2012년 3월 21일 22시,수요일,충청북도 청주시 상당구 우암동,경상사고,0,0,1,0,차대사람 - 기타,안전운전불이행,건조,맑음,단일로 - 기타,승합,남,43세,상해없음,보행자,남,39세,경상
2012032100100524,2012년 3월 21일 22시,수요일,충청북도 청주시 상당구 용암동,중상사고,0,1,0,0,차대사람 - 횡단중,안전운전불이행,건조,맑음,교차로 - 교차로안,기타불명,기타불명,기타불명,기타불명,보행자,남,48세,중상
2012032100100557,2012년 3월 21일 23시,수요일,충청북도 청주시 흥덕구 복대동,경상사고,0,0,1,0,차대차 - 측면직각충돌,안전운전불이행,건조,맑음,교차로 - 교차로부근,이륜,남,18세,경상,승용,남,36세,상해없음
2012032200100047,2012년 3월 22일 03시,목요일,충청북도 충주시 연수동,중상사고,0,1,0,0,차대사람 - 기타,안전운전불이행,건조,맑음,교차로 - 교차로부근,승용,남,22세,상해없음,보행자,남,41세,중상
2012032200100056,2012년 3월 22일 04시,목요일,충청북도 청주시 흥덕구 사직동,중상사고,0,1,0,0,차대사람 - 기타,안전운전불이행,건조,맑음,교차로 - 교차로부근,기타불명,기타불명,기타불명,기타불명,보행자,남,52세,중상
2012032200100088,2012년 3월 22일 07시,목요일,충청북도 괴산군 연풍면,경상사고,0,0,1,0,차대차 - 추돌 - 진행중,안전운전불이행,건조,맑음,단일로 - 터널,승용,남,24세,상해없음,화물,남,55세,상해없음
2012032200100113,2012년 3월 22일 08시,목요일,충청북도 청원군 남이면,경상사고,0,0,4,0,차대차 - 추돌 - 주정차중,안전거리미확보,습기,비,교차로 - 교차로부근,화물,남,48세,상해없음,승용,남,43세,경상
2012032200100114,2012년 3월 22일 08시,목요일,충청북도 청주시 상당구 용암동,경상사고,0,0,1,0,차대사람 - 기타,불법유턴,건조,맑음,단일로 - 기타,기타불명,기타불명,기타불명,기타불명,보행자,남,11세,경상
2012032200100145,2012년 3월 22일 09시,목요일,충청북도 청주시 상당구 북문로1가동,중상사고,0,1,0,0,차대차 - 측면직각충돌,교차로운행방법위반,습기,흐림,교차로 - 교차로안,화물,남,40세,상해없음,자전거,남,17세,중상
2012032200100146,2012년 3월 22일 09시,목요일,충청북도 증평군 증평읍,중상사고,0,2,0,0,차대차 - 측면직각충돌,안전운전불이행,건조,맑음,교차로 - 교차로안,승합,남,53세,상해없음,건설기계,남,56세,상해없음
2012032200100219,2012년 3월 22일 13시,목요일,충청북도 충주시 살미면,경상사고,0,0,2,0,차대차 - 추돌 - 진행중,안전거리미확보,건조,맑음,단일로 - 기타,승용,남,54세,경상,화물,남,41세,상해없음
2012032200100252,2012년 3월 22일 14시,목요일,충청북도 청주시 흥덕구 가경동,경상사고,0,0,3,0,차대차 - 측면직각충돌,안전운전불이행,건조,맑음,교차로 - 교차로안,승용,여,37세,경상,승용,남,28세,경상
2012032200100287,2012년 3월 22일 15시,목요일,충청북도 증평군 증평읍,중상사고,0,1,0,0,차대차 - 기타,직진우회전진행방해,건조,맑음,교차로 - 교차로안,승용,남,45세,상해없음,이륜,남,35세,중상
2012032200100309,2012년 3월 22일 16시,목요일,충청북도 충주시 성내동,중상사고,0,1,0,0,차대차 - 기타,직진우회전진행방해,건조,흐림,교차로 - 교차로안,화물,남,23세,상해없음,화물,남,46세,중상
2012032200100341,2012년 3월 22일 17시,목요일,충청북도 충주시 문화동,경상사고,0,0,1,0,차대차 - 기타,안전운전불이행,건조,맑음,단일로 - 기타,승용,남,41세,상해없음,원동기,여,65세,경상
2012032200100380,2012년 3월 22일 18시,목요일,충청북도 옥천군 옥천읍,경상사고,0,0,2,0,차대차 - 측면직각충돌,중앙선침범,건조,맑음,교차로 - 교차로안,승용,남,48세,상해없음,승용,남,34세,경상
2012032200100421,2012년 3월 22일 19시,목요일,충청북도 진천군 진천읍,경상사고,0,0,1,0,차대차 - 추돌 - 주정차중,안전운전불이행,건조,맑음,기타 - 기타,화물,남,55세,상해없음,승용,남,44세,경상
2012032200100422,2012년 3월 22일 19시,목요일,충청북도 청주시 흥덕구 봉명동,중상사고,0,1,0,0,차대사람 - 길가장자리구역통행중,교차로운행방법위반,건조,맑음,교차로 - 교차로안,승용,기타불명,기타불명,기타불명,보행자,여,46세,중상
2012032200100423,2012년 3월 22일 19시,목요일,충청북도 청주시 흥덕구 봉명동,경상사고,0,0,2,0,차대차 - 기타,교차로운행방법위반,건조,맑음,교차로 - 교차로안,승용,남,48세,경상,승용,남,44세,경상
2012032200100450,2012년 3월 22일 20시,목요일,충청북도 제천시 두학동,중상사고,0,1,1,0,차대차 - 측면직각충돌,기타,건조,맑음,교차로 - 교차로안,승용,남,22세,상해없음,승용,남,46세,경상
2012032200100451,2012년 3월 22일 20시,목요일,충청북도 진천군 이월면,사망사고,1,0,0,0,차대차 - 추돌 - 진행중,안전운전불이행,습기,비,단일로 - 기타,승용,남,47세,상해없음,이륜,남,51세,사망
2012032200100499,2012년 3월 22일 21시,목요일,충청북도 청원군 오창읍,중상사고,0,1,0,0,차량단독 - 공작물충돌,안전운전불이행,건조,흐림,교차로 - 교차로부근,승용,남,47세,중상,,,,
2012032200100500,2012년 3월 22일 21시,목요일,충청북도 영동군 추풍령면,중상사고,0,1,0,0,차대사람 - 기타,안전운전불이행,건조,맑음,단일로 - 기타,화물,남,54세,상해없음,보행자,여,26세,중상
2012032200100543,2012년 3월 22일 22시,목요일,충청북도 청주시 상당구 율량동,중상사고,0,1,0,0,차대차 - 기타,안전운전불이행,습기,비,교차로 - 교차로부근,승용,남,35세,상해없음,화물,남,46세,중상
2012032200100544,2012년 3월 22일 22시,목요일,충청북도 청원군 강내면,경상사고,0,0,2,0,차대사람 - 횡단중,신호위반,습기,비,단일로 - 횡단보도상,승용,남,50세,상해없음,보행자,남,40세,경상
2012032200100545,2012년 3월 22일 22시,목요일,충청북도 청주시 흥덕구 수곡동,경상사고,0,0,1,0,차대차 - 기타,교차로운행방법위반,건조,맑음,교차로 - 교차로안,승용,여,46세,상해없음,승용,남,41세,경상
2012032200100592,2012년 3월 22일 23시,목요일,충청북도 청주시 상당구 내덕동,경상사고,0,0,2,0,차대차 - 측면직각충돌,안전운전불이행,습기,비,단일로 - 기타,승용,남,30세,상해없음,승용,남,64세,경상
2012032200100593,2012년 3월 22일 23시,목요일,충청북도 청주시 흥덕구 정봉동,경상사고,0,0,1,0,차대차 - 측면직각충돌,교차로운행방법위반,건조,맑음,교차로 - 교차로안,승용,남,58세,상해없음,승용,남,51세,경상
2012032200100594,2012년 3월 22일 23시,목요일,충청북도 충주시 대소원면,경상사고,0,0,1,0,차대차 - 추돌 - 진행중,안전운전불이행,습기,비,단일로 - 기타,화물,남,42세,상해없음,화물,남,63세,경상
2012032300100015,2012년 3월 23일 00시,금요일,충청북도 제천시 서부동,중상사고,0,1,0,0,차대차 - 기타,신호위반,습기,비,교차로 - 교차로안,화물,남,60세,상해없음,승용,여,30세,중상
2012032300100016,2012년 3월 23일 00시,금요일,충청북도 청주시 흥덕구 가경동,경상사고,0,0,1,0,차대차 - 측면직각충돌,안전운전불이행,습기,비,단일로 - 기타,승용,남,40세,상해없음,승용,남,26세,경상
2012032300100017,2012년 3월 23일 00시,금요일,충청북도 청주시 흥덕구 향정동,중상사고,0,1,0,0,차대차 - 측면직각충돌,안전운전불이행,습기,비,교차로 - 교차로부근,승합,남,28세,상해없음,승용,여,55세,중상
2012032300100043,2012년 3월 23일 01시,금요일,충청북도 옥천군 옥천읍,경상사고,0,0,1,0,차대차 - 측면직각충돌,직진우회전진행방해,습기,비,교차로 - 교차로안,승용,남,39세,상해없음,승용,남,46세,상해없음
2012032300100069,2012년 3월 23일 02시,금요일,충청북도 청원군 강내면,경상사고,0,0,1,0,차대사람 - 길가장자리구역통행중,안전운전불이행,건조,맑음,단일로 - 기타,승용,여,29세,상해없음,보행자,남,44세,경상
2012032300100080,2012년 3월 23일 03시,금요일,충청북도 청주시 상당구 석교동,중상사고,0,1,0,0,차대차 - 추돌 - 주정차중,안전운전불이행,건조,맑음,단일로 - 기타,승용,여,47세,상해없음,승용,남,28세,중상
2012032300100081,2012년 3월 23일 03시,금요일,충청북도 청주시 흥덕구 봉명동,중상사고,0,1,0,0,차대사람 - 횡단중,안전운전불이행,습기,비,단일로 - 기타,승용,남,24세,상해없음,보행자,남,30세,중상
2012032300100090,2012년 3월 23일 04시,금요일,충청북도 진천군 이월면,중상사고,0,1,0,0,차대사람 - 길가장자리구역통행중,안전운전불이행,건조,맑음,단일로 - 기타,승용,남,29세,상해없음,보행자,남,29세,중상
2012032300100101,2012년 3월 23일 05시,금요일,충청북도 음성군 감곡면,사망사고,1,2,0,0,차량단독 - 공작물충돌,안전운전불이행,습기,비,단일로 - 기타,승용,남,39세,중상,,,,
2012032300100113,2012년 3월 23일 06시,금요일,충청북도 옥천군 군북면,중상사고,0,1,0,0,차대차 - 추돌 - 진행중,안전운전불이행,습기,비,단일로 - 기타,승용,남,39세,중상,화물,남,41세,상해없음
2012032300100191,2012년 3월 23일 09시,금요일,충청북도 영동군 심천면,중상사고,0,1,1,0,차대차 - 기타,안전거리미확보,습기,비,단일로 - 기타,화물,남,63세,기타불명,승용,남,47세,중상
2012032300100220,2012년 3월 23일 10시,금요일,충청북도 청주시 흥덕구 가경동,경상사고,0,0,1,0,차대차 - 측면직각충돌,안전운전불이행,습기,비,교차로 - 교차로안,승용,남,29세,상해없음,승용,여,25세,경상
2012032300100221,2012년 3월 23일 10시,금요일,충청북도 청주시 흥덕구 사창동,경상사고,0,0,2,0,차대차 - 측면직각충돌,안전운전불이행,습기,맑음,단일로 - 기타,승용,여,31세,상해없음,승용,남,31세,경상
2012032300100249,2012년 3월 23일 11시,금요일,충청북도 음성군 음성읍,경상사고,0,0,1,0,차대차 - 기타,안전운전불이행,건조,맑음,단일로 - 기타,승용,남,74세,상해없음,자전거,남,56세,경상
2012032300100250,2012년 3월 23일 11시,금요일,충청북도 청주시 흥덕구 산남동,중상사고,0,1,2,0,차대차 - 측면직각충돌,중앙선침범,습기,비,단일로 - 기타,승용,여,53세,중상,승합,남,51세,경상
2012032300100288,2012년 3월 23일 12시,금요일,충청북도 충주시 교현동,중상사고,0,1,1,0,차대차 - 추돌 - 진행중,교차로운행방법위반,습기,비,교차로 - 교차로안,승용,여,30세,상해없음,승용,여,36세,상해없음
2012032300100289,2012년 3월 23일 12시,금요일,충청북도 제천시 대랑동,중상사고,0,2,0,0,차대차 - 측면직각충돌,안전운전불이행,습기,비,교차로 - 교차로안,승용,남,54세,상해없음,승용,여,35세,중상
2012032300100290,2012년 3월 23일 12시,금요일,충청북도 음성군 금왕읍,중상사고,0,1,0,0,차대차 - 기타,안전운전불이행,건조,맑음,단일로 - 기타,승용,여,31세,상해없음,원동기,남,42세,중상
2012032300100322,2012년 3월 23일 13시,금요일,충청북도 음성군 대소면,경상사고,0,0,2,0,차대차 - 기타,신호위반,습기,비,교차로 - 교차로안,승합,남,21세,상해없음,승용,남,34세,경상
2012032300100385,2012년 3월 23일 15시,금요일,충청북도 청주시 흥덕구 수곡동,경상사고,0,0,2,0,차대차 - 측면직각충돌,교차로운행방법위반,건조,맑음,교차로 - 교차로안,승용,여,43세,경상,승용,남,48세,경상