사고번호,사고일시,요일,시군구,사고내용,사망자수,중상자수,경상자수,부상신고자수,사고유형,법규위반,노면상태,기상상태,도로형태,가해운전자 차종,가해운전자 성별,가해운전자 연령,가해운전자 상해정도,피해운전자 차종,피해운전자 성별,피해운전자 연령,피해운전자 상해정도
2012032300100444,2012년 3월 23일 17시,금요일,충청북도 충주시 용산동,중상사고,0,2,0,0,차대차 - 측면직각충돌,직진우회전진행방해,습기,비,교차로 - 교차로안,승용,남,53세,중상,화물,남,51세,중상
2012032300100482,2012년 3월 23일 18시,금요일,충청북도 충주시 동량면,중상사고,0,2,0,0,차대차 - 추돌 - 주정차중,안전운전불이행,습기,비,단일로 - 기타,승합,남,61세,상해없음,승용,여,55세,중상
2012032300100483,2012년 3월 23일 18시,금요일,충청북도 제천시 청전동,경상사고,0,0,1,0,차대차 - 측면직각충돌,직진우회전진행방해,건조,맑음,교차로 - 교차로안,승용,남,35세,상해없음,승용,남,55세,상해없음
2012032300100484,2012년 3월 23일 18시,금요일,충청북도 제천시 왕암동,중상사고,0,2,0,0,차대차 - 측면직각충돌,직진우회전진행방해,습기,비,교차로 - 교차로안,승용,남,47세,상해없음,승용,여,58세,중상
2012032300100485,2012년 3월 23일 18시,금요일,충청북도 청주시 흥덕구 수곡동,경상사고,0,0,1,0,차대차 - 추돌 - 주정차중,안전운전불이행,습기,비,단일로 - 기타,승용,남,44세,상해없음,승용,남,38세,경상
2012032300100550,2012년 3월 23일 19시,금요일,충청북도 청주시 흥덕구 개신동,경상사고,0,0,4,0,차대차 - 기타,안전운전불이행,건조,맑음,교차로 - 교차로부근,승용,남,41세,상해없음,승합,남,44세,경상
2012032300100551,2012년 3월 23일 19시,금요일,충청북도 청주시 상당구 용정동,경상사고,0,0,1,0,차대차 - 측면직각충돌,안전운전불이행,습기,비,단일로 - 기타,승용,남,49세,상해없음,승용,남,46세,경상
2012032300100626,2012년 3월 23일 20시,금요일,충청북도 청원군 오창읍,경상사고,0,0,2,0,차대차 - 측면직각충돌,신호위반,습기,비,교차로 - 교차로안,승용,남,46세,상해없음,승용,여,33세,경상
2012032300100627,2012년 3월 23일 20시,금요일,충청북도 충주시 교현동,경상사고,0,0,1,0,차대차 - 측면직각충돌,신호위반,습기,비,교차로 - 교차로안,승용,남,60세,상해없음,승용,남,40세,경상
2012032300100686,2012년 3월 23일 21시,금요일,충청북도 청주시 상당구 내덕동,경상사고,0,0,1,0,차대차 - 기타,신호위반,건조,맑음,단일로 - 횡단보도부근,승용,남,50세,상해없음,자전거,남,61세,경상
2012032300100687,2012년 3월 23일 21시,금요일,충청북도 진천군 진천읍,중상사고,0,1,0,0,차대사람 - 길가장자리구역통행중,안전운전불이행,건조,맑음,단일로 - 기타,승합,남,30세,상해없음,보행자,여,17세,중상
2012032300100688,2012년 3월 23일 21시,금요일,충청북도 진천군 진천읍,경상사고,0,0,2,0,차대차 - 추돌 - 진행중,안전운전불이행,건조,맑음,단일로 - 기타,승용,여,47세,상해없음,승용,남,44세,경상
2012032300100689,2012년 3월 23일 21시,금요일,충청북도 청주시 흥덕구 산남동,중상사고,0,1,1,0,차대차 - 추돌 - 주정차중,안전운전불이행,습기,비,단일로 - 기타,승용,남,33세,상해없음,승용,여,34세,중상
2012032300100690,2012년 3월 23일 21시,금요일,충청북도 청원군 미원면,중상사고,0,1,0,0,차대사람 - 기타,안전운전불이행,습기,비,단일로 - 기타,승용,남,43세,상해없음,보행자,남,55세,중상
2012032300100777,2012년 3월 23일 22시,금요일,충청북도 청주시 상당구 율량동,중상사고,0,2,0,0,차대차 - 기타,안전운전불이행,습기,비,교차로 - 교차로부근,승용,남,27세,상해없음,승용,남,71세,중상
2012032300100778,2012년 3월 23일 22시,금요일,충청북도 청주시 상당구 금천동,경상사고,0,0,3,0,차대차 - 기타,안전운전불이행,습기,비,교차로 - 교차로부근,승용,여,47세,상해없음,승용,여,39세,경상
2012032300100779,2012년 3월 23일 22시,금요일,충청북도 옥천군 옥천읍,경상사고,0,0,1,1,차대차 - 측면직각충돌,안전운전불이행,습기,비,교차로 - 교차로안,승용,남,58세,부상신고,승용,남,30세,경상
2012032300100780,2012년 3월 23일 22시,금요일,충청북도 청주시 상당구 용담동,경상사고,0,0,1,0,차대차 - 기타,안전운전불이행,건조,맑음,교차로 - 교차로부근,승용,남,30세,상해없음,승용,남,37세,경상
2012032300100828,2012년 3월 23일 23시,금요일,충청북도 제천시 명동,경상사고,0,0,4,0,차대차 - 추돌 - 진행중,안전운전불이행,습기,눈,단일로 - 기타,승용,남,43세,상해없음,승용,남,30세,경상
2012032300100829,2012년 3월 23일 23시,금요일,충청북도 청주시 상당구 용암동,중상사고,0,1,0,0,차대사람 - 횡단중,보행자보호의무위반,습기,비,교차로 - 교차로안,승용,남,67세,상해없음,보행자,여,47세,중상
2012032400100023,2012년 3월 24일 00시,토요일,충청북도 진천군 진천읍,중상사고,0,1,0,0,차대사람 - 기타,안전운전불이행,습기,비,기타 - 기타,승용,남,27세,상해없음,보행자,여,73세,중상
2012032400100024,2012년 3월 24일 00시,토요일,충청북도 청주시 흥덕구 사창동,경상사고,0,0,1,0,차대차 - 기타,안전거리미확보,건조,맑음,단일로 - 기타,화물,남,47세,상해없음,승용,남,32세,경상
2012032400100074,2012년 3월 24일 01시,토요일,충청북도 청주시 흥덕구 분평동,경상사고,0,0,1,0,차대차 - 측면직각충돌,신호위반,건조,맑음,교차로 - 교차로안,승용,남,46세,상해없음,승용,남,25세,경상
2012032400100117,2012년 3월 24일 02시,토요일,충청북도 보은군 보은읍,사망사고,1,0,0,0,차대사람 - 보도통행중,안전운전불이행,습기,비,단일로 - 교량,화물,남,32세,상해없음,보행자,남,61세,사망
2012032400100139,2012년 3월 24일 03시,토요일,충청북도 충주시 교현동,중상사고,0,1,0,0,차대사람 - 횡단중,안전운전불이행,습기,비,단일로 - 기타,승용,남,46세,상해없음,보행자,남,63세,중상
2012032400100198,2012년 3월 24일 06시,토요일,충청북도 청주시 흥덕구 개신동,경상사고,0,0,1,0,차대차 - 정면충돌,중앙선침범,습기,맑음,단일로 - 기타,승용,남,29세,상해없음,승용,남,53세,경상
2012032400100199,2012년 3월 24일 06시,토요일,충청북도 청원군 남이면,사망사고,1,0,0,0,차대사람 - 길가장자리구역통행중,안전운전불이행,습기,비,단일로 - 횡단보도상,화물,남,36세,상해없음,보행자,남,90세,사망
2012032400100243,2012년 3월 24일 08시,토요일,충청북도 청원군 내수읍,중상사고,0,3,1,0,차대차 - 기타,안전운전불이행,습기,비,단일로 - 기타,승용,남,45세,상해없음,승용,여,53세,중상
2012032400100285,2012년 3월 24일 10시,토요일,충청북도 충주시 봉방동,경상사고,0,0,1,0,차대사람 - 기타,안전운전불이행,건조,맑음,단일로 - 기타,화물,남,44세,상해없음,보행자,남,28세,경상
2012032400100286,2012년 3월 24일 10시,토요일,충청북도 청주시 흥덕구 복대동,사망사고,1,0,0,0,차대사람 - 차도통행중,안전운전불이행,건조,맑음,단일로 - 기타,승합,남,56세,상해없음,보행자,여,52세,사망
2012032400100287,2012년 3월 24일 10시,토요일,충청북도 청주시 상당구 산성동,중상사고,0,5,1,0,차대차 - 기타,안전운전불이행,건조,맑음,단일로 - 기타,화물,남,41세,중상,승용,남,41세,중상
2012032400100311,2012년 3월 24일 11시,토요일,충청북도 충주시 문화동,경상사고,0,0,3,0,차대차 - 측면직각충돌,신호위반,건조,맑음,교차로 - 교차로안,승용,남,70세,경상,승용,남,25세,경상
2012032400100344,2012년 3월 24일 12시,토요일,충청북도 청주시 흥덕구 복대동,경상사고,0,0,1,0,차대차 - 기타,안전거리미확보,건조,맑음,단일로 - 기타,승용,남,61세,상해없음,승합,남,53세,상해없음
2012032400100378,2012년 3월 24일 13시,토요일,충청북도 청주시 흥덕구 봉명동,중상사고,0,1,0,0,차대차 - 측면직각충돌,안전운전불이행,건조,맑음,교차로 - 교차로부근,원동기,여,46세,중상,승용,남,31세,상해없음
2012032400100422,2012년 3월 24일 14시,토요일,충청북도 청주시 흥덕구 수곡동,중상사고,0,1,0,0,차대차 - 기타,안전운전불이행,건조,맑음,교차로 - 교차로안,승용,여,54세,상해없음,자전거,남,8세,중상
2012032400100423,2012년 3월 24일 14시,토요일,충청북도 청주시 흥덕구 분평동,경상사고,0,0,1,0,차대차 - 측면직각충돌,안전운전불이행,건조,맑음,단일로 - 기타,승용,남,42세,상해없음,승합,남,48세,상해없음
2012032400100463,2012년 3월 24일 15시,토요일,충청북도 청주시 상당구 내덕동,경상사고,0,0,1,0,차대차 - 측면직각충돌,안전운전불이행,건조,맑음,교차로 - 교차로부근,화물,남,51세,상해없음,승용,남,26세,경상
2012032400100464,2012년 3월 24일 15시,토요일,충청북도 청주시 상당구 내덕동,경상사고,0,0,3,0,차대차 - 추돌 - 진행중,안전운전불이행,건조,맑음,교차로 - 교차로부근,승용,남,39세,경상,승합,남,49세,상해없음
2012032400100465,2012년 3월 24일 15시,토요일,충청북도 청주시 흥덕구 비하동,경상사고,0,0,1,0,차대차 - 추돌 - 진행중,안전운전불이행,건조,맑음,교차로 - 교차로부근,승용,여,29세,상해없음,자전거,남,41세,경상
2012032400100466,2012년 3월 24일 15시,토요일,충청북도 청주시 흥덕구 모충동,중상사고,0,2,0,0,차대차 - 기타,안전운전불이행,건조,맑음,단일로 - 기타,승용,여,28세,상해없음,이륜,남,16세,중상
2012032400100549,2012년 3월 24일 17시,토요일,충청북도 청원군 내수읍,중상사고,0,1,2,0,차대차 - 기타,안전운전불이행,건조,맑음,교차로 - 교차로안,승용,남,61세,경상,승용,여,33세,중상
2012032400100625,2012년 3월 24일 19시,토요일,충청북도 음성군 금왕읍,경상사고,0,0,1,0,차대차 - 기타,안전운전불이행,건조,맑음,단일로 - 기타,원동기,남,43세,경상,승용,남,38세,상해없음
2012032400100626,2012년 3월 24일 19시,토요일,충청북도 옥천군 옥천읍,중상사고,0,1,0,0,차대사람 - 길가장자리구역통행중,안전운전불이행,건조,맑음,단일로 - 기타,승용,남,40세,상해없음,보행자,남,40세,중상
2012032400100627,2012년 3월 24일 19시,토요일,충청북도 청주시 흥덕구 가경동,경상사고,0,0,1,0,차대차 - 측면직각충돌,안전운전불이행,건조,맑음,단일로 - 기타,승용,남,28세,상해없음,이륜,남,41세,경상
2012032400100690,2012년 3월 24일 21시,토요일,충청북도 청주시 흥덕구 봉명동,중상사고,0,3,0,0,차대차 - 측면직각충돌,중앙선침범,건조,맑음,교차로 - 교차로부근,승용,여,42세,상해없음,승용,남,56세,중상
2012032400100716,2012년 3월 24일 22시,토요일,충청북도 청주시 상당구 금천동,경상사고,0,0,1,0,차대차 - 측면직각충돌,교차로운행방법위반,건조,맑음,교차로 - 교차로안,승용,여,51세,상해없음,이륜,남,16세,경상
2012032400100717,2012년 3월 24일 22시,토요일,충청북도 청주시 상당구 우암동,경상사고,0,0,1,0,차대차 - 측면직각충돌,안전운전불이행,건조,맑음,교차로 - 교차로안,승용,남,57세,상해없음,승용,남,41세,상해없음
2012032400100718,2012년 3월 24일 22시,토요일,충청북도 청주시 흥덕구 복대동,경상사고,0,0,2,0,차대차 - 측면직각충돌,안전거리미확보,건조,맑음,교차로 - 교차로부근,승용,남,41세,상해없음,승용,남,65세,경상
2012032400100746,2012년 3월 24일 23시,토요일,충청북도 제천시 장락동,중상사고,0,1,0,0,차대차 - 측면직각충돌,신호위반,건조,맑음,교차로 - 교차로안,승용,남,31세,상해없음,승용,남,55세,중상
2012032500100035,2012년 3월 25일 01시,일요일,충청북도 음성군 대소면,중상사고,0,1,1,0,차대차 - 측면직각충돌,안전운전불이행,건조,맑음,교차로 - 교차로부근,승용,남,51세,상해없음,승용,남,56세,중상
2012032500100053,2012년 3월 25일 02시,일요일,충청북도 청주시 상당구 우암동,중상사고,0,2,2,0,차대차 - 측면직각충돌,신호위반,건조,맑음,교차로 - 교차로안,승용,남,24세,경상,승용,남,23세,경상
2012032500100054,2012년 3월 25일 02시,일요일,충청북도 청주시 흥덕구 강서동,경상사고,0,0,1,0,차대사람 - 기타,안전운전불이행,건조,맑음,단일로 - 기타,승용,남,29세,상해없음,보행자,남,27세,경상
2012032500100055,2012년 3월 25일 02시,일요일,충청북도 청주시 흥덕구 가경동,중상사고,0,3,0,0,차대차 - 측면직각충돌,신호위반,건조,맑음,교차로 - 교차로안,승합,남,48세,중상,승용,남,31세,중상
2012032500100079,2012년 3월 25일 04시,일요일,충청북도 음성군 생극면,경상사고,0,0,1,0,차대차 - 측면직각충돌,신호위반,건조,맑음,교차로 - 교차로안,승용,남,29세,상해없음,승용,남,47세,경상
2012032500100129,2012년 3월 25일 08시,일요일,충청북도 청원군 오창읍,중상사고,0,1,0,0,차대차 - 정면충돌,신호위반,건조,맑음,교차로 - 교차로안,승용,남,40세,상해없음,승용,남,40세,중상
2012032500100130,2012년 3월 25일 08시,일요일,충청북도 청주시 상당구 용암동,중상사고,0,1,0,0,차대차 - 추돌 - 진행중,안전거리미확보,건조,맑음,교차로 - 교차로안,승용,남,38세,상해없음,화물,여,39세,중상
2012032500100144,2012년 3월 25일 09시,일요일,충청북도 청주시 상당구 금천동,중상사고,0,1,1,0,차대차 - 측면직각충돌,신호위반,건조,맑음,교차로 - 교차로안,승합,남,52세,상해없음,승용,여,56세,중상
2012032500100191,2012년 3월 25일 13시,일요일,충청북도 청주시 흥덕구 분평동,중상사고,0,1,1,0,차대차 - 측면직각충돌,신호위반,건조,맑음,교차로 - 교차로부근,이륜,남,16세,경상,화물,남,34세,상해없음
2012032500100243,2012년 3월 25일 15시,일요일,충청북도 청원군 문의면,경상사고,0,0,2,0,차대차 - 측면직각충돌,직진우회전진행방해,건조,맑음,교차로 - 교차로안,승용,남,41세,상해없음,승용,여,38세,경상
2012032500100266,2012년 3월 25일 16시,일요일,충청북도 충주시 성서동,중상사고,0,5,0,0,차대차 - 추돌 - 진행중,안전운전불이행,건조,흐림,단일로 - 기타,승용,기타불명,기타불명,기타불명,승용,남,37세,중상
2012032500100267,2012년 3월 25일 16시,일요일,충청북도 제천시 백운면,사망사고,1,0,0,0,차대사람 - 기타,안전운전불이행,건조,맑음,교차로 - 교차로안,화물,남,49세,상해없음,보행자,여,77세,사망
2012032500100289,2012년 3월 25일 17시,일요일,충청북도 청원군 강내면,중상사고,0,3,0,0,차대차 - 정면충돌,중앙선침범,건조,맑음,단일로 - 기타,승용,여,46세,상해없음,승용,여,32세,중상
2012032500100310,2012년 3월 25일 18시,일요일,충청북도 음성군 소이면,경상사고,0,0,1,0,차량단독 - 기타,안전운전불이행,건조,맑음,단일로 - 기타,승합,남,51세,상해없음,,,,
2012032500100311,2012년 3월 25일 18시,일요일,충청북도 청주시 상당구 산성동,중상사고,0,1,0,0,차량단독 - 전도전복,안전운전불이행,건조,맑음,단일로 - 터널,자전거,남,17세,중상,,,,
2012032500100340,2012년 3월 25일 19시,일요일,충청북도 진천군 진천읍,경상사고,0,0,1,0,차대차 - 기타,교차로운행방법위반,건조,맑음,교차로 - 교차로안,화물,남,50세,상해없음,자전거,남,45세,경상
2012032500100341,2012년 3월 25일 19시,일요일,충청북도 청주시 흥덕구 미평동,경상사고,0,0,6,0,차대차 - 측면직각충돌,신호위반,건조,맑음,교차로 - 교차로안,승용,남,53세,상해없음,승용,여,36세,경상
2012032500100366,2012년 3월 25일 20시,일요일,충청북도 청원군 남일면,경상사고,0,0,1,0,차대차 - 기타,안전운전불이행,건조,맑음,단일로 - 기타,화물,남,49세,상해없음,승용,남,28세,경상
2012032500100412,2012년 3월 25일 22시,일요일,충청북도 보은군 보은읍,중상사고,0,1,0,0,차대사람 - 횡단중,안전운전불이행,건조,맑음,교차로 - 교차로부근,승용,여,50세,상해없음,보행자,남,61세,중상
2012032600100008,2012년 3월 26일 00시,월요일,충청북도 증평군 증평읍,경상사고,0,0,1,0,차량단독 - 공작물충돌,안전운전불이행,건조,맑음,단일로 - 기타,승용,남,34세,경상,,,,
2012032600100022,2012년 3월 26일 01시,월요일,충청북도 청주시 상당구 영운동,중상사고,0,3,1,0,차대차 - 추돌 - 주정차중,안전운전불이행,건조,맑음,교차로 - 교차로부근,화물,남,53세,상해없음,승용,남,30세,중상
2012032600100042,2012년 3월 26일 04시,월요일,충청북도 청주시 흥덕구 사직동,경상사고,0,0,1,0,차대차 - 추돌 - 진행중,안전운전불이행,건조,맑음,단일로 - 기타,승용,여,46세,상해없음,승용,남,37세,상해없음
2012032600100077,2012년 3월 26일 07시,월요일,충청북도 제천시 봉양읍,중상사고,0,1,0,0,차대차 - 정면충돌,중앙선침범,건조,맑음,단일로 - 기타,화물,남,44세,상해없음,승용,여,59세,중상
2012032600100078,2012년 3월 26일 07시,월요일,충청북도 제천시 고암동,경상사고,0,0,3,0,차대차 - 측면직각충돌,직진우회전진행방해,건조,맑음,교차로 - 교차로부근,승용,남,20세,상해없음,승용,남,57세,경상
2012032600100079,2012년 3월 26일 07시,월요일,충청북도 청주시 상당구 용암동,경상사고,0,0,3,0,차대차 - 측면직각충돌,안전운전불이행,건조,맑음,교차로 - 교차로부근,승용,남,41세,경상,화물,남,51세,경상
2012032600100121,2012년 3월 26일 08시,월요일,충청북도 충주시 호암동,중상사고,0,1,1,0,차대차 - 추돌 - 진행중,직진우회전진행방해,건조,맑음,교차로 - 교차로안,승용,남,51세,상해없음,승용,남,35세,상해없음
2012032600100195,2012년 3월 26일 11시,월요일,충청북도 충주시 단월동,경상사고,0,0,1,0,차대차 - 측면직각충돌,중앙선침범,건조,맑음,단일로 - 기타,원동기,남,21세,경상,화물,남,51세,상해없음
2012032600100196,2012년 3월 26일 11시,월요일,충청북도 괴산군 괴산읍,경상사고,0,0,1,0,차대차 - 측면직각충돌,신호위반,건조,맑음,교차로 - 교차로부근,승용,여,53세,상해없음,이륜,남,67세,경상
2012032600100216,2012년 3월 26일 12시,월요일,충청북도 충주시 달천동,중상사고,0,1,0,0,차대차 - 추돌 - 진행중,안전운전불이행,건조,맑음,단일로 - 기타,승용,여,69세,상해없음,승용,여,54세,중상
2012032600100244,2012년 3월 26일 13시,월요일,충청북도 청주시 상당구 북문로1가동,중상사고,0,1,1,0,차대차 - 기타,안전운전불이행,건조,맑음,기타 - 기타,승용,여,29세,경상,승용,여,44세,중상
2012032600100271,2012년 3월 26일 14시,월요일,충청북도 청주시 상당구 주중동,경상사고,0,0,1,0,차대차 - 기타,안전거리미확보,건조,맑음,단일로 - 기타,승용,남,44세,상해없음,원동기,남,67세,경상
2012032600100324,2012년 3월 26일 16시,월요일,충청북도 증평군 증평읍,경상사고,0,0,2,0,차대차 - 정면충돌,신호위반,건조,맑음,교차로 - 교차로안,승용,여,45세,경상,화물,남,38세,경상
2012032600100359,2012년 3월 26일 17시,월요일,충청북도 청주시 흥덕구 봉명동,중상사고,0,1,0,0,차대차 - 측면직각충돌,교차로운행방법위반,건조,맑음,교차로 - 교차로안,화물,남,26세,상해없음,이륜,여,55세,중상
2012032600100413,2012년 3월 26일 19시,월요일,충청북도 청주시 흥덕구 가경동,경상사고,0,0,1,0,차대차 - 측면직각충돌,안전운전불이행,건조,맑음,교차로 - 교차로안,자전거,남,14세,경상,승용,남,51세,상해없음
2012032600100446,2012년 3월 26일 20시,월요일,충청북도 보은군 보은읍,경상사고,0,0,1,0,차대사람 - 기타,안전운전불이행,건조,맑음,단일로 - 기타,화물,남,30세,상해없음,보행자,여,17세,경상
2012032600100447,2012년 3월 26일 20시,월요일,충청북도 청주시 흥덕구 복대동,경상사고,0,0,1,0,차대차 - 추돌 - 진행중,안전운전불이행,건조,맑음,교차로 - 교차로부근,승용,남,42세,상해없음,승용,여,35세,경상
2012032700100011,2012년 3월 27일 00시,화요일,충청북도 충주시 교현동,경상사고,0,0,1,0,차대차 - 추돌 - 주정차중,안전운전불이행,건조,맑음,단일로 - 기타,승용,남,28세,상해없음,화물,남,37세,경상
2012032700100037,2012년 3월 27일 02시,화요일,충청북도 영동군 영동읍,중상사고,0,1,0,0,차량단독 - 공작물충돌,안전운전불이행,건조,맑음,미분류 - 미분류,승용,여,56세,중상,,,,
2012032700100070,2012년 3월 27일 06시,화요일,충청북도 청주시 상당구 남주동,경상사고,0,0,1,0,차대차 - 기타,교차로운행방법위반,건조,맑음,교차로 - 교차로안,승용,남,46세,상해없음,화물,남,57세,상해없음
2012032700100116,2012년 3월 27일 08시,화요일,충청북도 청원군 오창읍,경상사고,0,0,1,0,차대차 - 기타,안전운전불이행,건조,맑음,단일로 - 기타,승용,남,55세,상해없음,승용,남,49세,경상
2012032700100144,2012년 3월 27일 09시,화요일,충청북도 충주시 호암동,사망사고,1,0,1,0,차대차 - 측면직각충돌,안전운전불이행,건조,맑음,교차로 - 교차로안,화물,남,76세,경상,화물,남,56세,사망
2012032700100164,2012년 3월 27일 10시,화요일,충청북도 청주시 흥덕구 봉명동,경상사고,0,0,1,0,차대차 - 측면직각충돌,안전거리미확보,건조,맑음,단일로 - 기타,승용,남,26세,상해없음,화물,남,30세,경상
2012032700100196,2012년 3월 27일 12시,화요일,충청북도 진천군 진천읍,중상사고,0,1,0,0,차대차 - 측면직각충돌,기타,건조,맑음,교차로 - 교차로안,자전거,남,70세,중상,원동기,남,17세,상해없음
2012032700100197,2012년 3월 27일 12시,화요일,충청북도 청주시 흥덕구 복대동,경상사고,0,0,4,0,차대차 - 측면직각충돌,안전거리미확보,건조,맑음,단일로 - 기타,승용,남,43세,경상,승합,남,42세,경상
2012032700100228,2012년 3월 27일 13시,화요일,충청북도 청주시 흥덕구 복대동,경상사고,0,0,1,0,차대사람 - 기타,기타,건조,맑음,단일로 - 기타,승용,남,54세,상해없음,보행자,여,48세,경상
2012032700100280,2012년 3월 27일 15시,화요일,충청북도 보은군 탄부면,경상사고,0,0,1,0,차대사람 - 기타,안전운전불이행,건조,맑음,단일로 - 기타,화물,남,52세,상해없음,보행자,여,63세,경상
2012032700100361,2012년 3월 27일 18시,화요일,충청북도 청주시 흥덕구 사창동,경상사고,0,0,2,0,차대차 - 측면직각충돌,기타,건조,맑음,단일로 - 기타,건설기계,남,39세,상해없음,승용,남,46세,경상
2012032700100402,2012년 3월 27일 19시,화요일,충청북도 청주시 상당구 우암동,경상사고,0,0,2,0,차대사람 - 횡단중,신호위반,건조,맑음,단일로 - 횡단보도상,승용,남,45세,상해없음,보행자,여,19세,경상
2012032700100470,2012년 3월 27일 21시,화요일,충청북도 청주시 흥덕구 복대동,경상사고,0,0,1,0,차대차 - 측면직각충돌,안전운전불이행,건조,맑음,단일로 - 기타,승용,남,26세,상해없음,이륜,남,24세,경상
2012032700100520,2012년 3월 27일 23시,화요일,충청북도 청주시 상당구 주성동,중상사고,0,3,0,0,차대차 - 추돌 - 주정차중,안전운전불이행,건조,맑음,교차로 - 교차로부근,화물,남,58세,상해없음,승용,남,45세,중상
2012032700100521,2012년 3월 27일 23시,화요일,충청북도 청주시 흥덕구 죽림동,중상사고,0,1,1,0,차대차 - 측면직각충돌,교차로운행방법위반,건조,맑음,교차로 - 교차로안,승용,여,45세,중상,승용,남,32세,상해없음
2012032800100009,2012년 3월 28일 00시,수요일,충청북도 제천시 청전동,중상사고,0,1,2,0,차대차 - 측면직각충돌,신호위반,건조,맑음,교차로 - 교차로안,승용,남,29세,상해없음,승용,남,54세,경상
2012032800100028,2012년 3월 28일 01시,수요일,충청북도 청주시 상당구 용담동,경상사고,0,0,2,0,차대차 - 기타,신호위반,건조,맑음,교차로 - 교차로안,승용,남,38세,상해없음,승합,남,51세,경상
2012032800100051,2012년 3월 28일 04시,수요일,충청북도 청주시 흥덕구 봉명동,경상사고,0,0,1,0,차대차 - 측면직각충돌,신호위반,건조,맑음,교차로 - 교차로부근,승용,남,34세,상해없음,승합,남,42세,상해없음
2012032800100072,2012년 3월 28일 06시,수요일,충청북도 청주시 흥덕구 성화동,중상사고,0,1,0,0,차대차 - 측면직각충돌,신호위반,건조,맑음,교차로 - 교차로부근,승용,남,26세,상해없음,원동기,남,47세,중상
2012032800100123,2012년 3월 28일 08시,수요일,충청북도 청원군 내수읍,중상사고,0,1,0,0,차대사람 - 기타,안전운전불이행,건조,맑음,단일로 - 기타,화물,남,36세,상해없음,보행자,남,10세,중상
2012032800100124,2012년 3월 28일 08시,수요일,충청북도 청주시 상당구 금천동,중상사고,0,1,0,0,차대사람 - 횡단중,안전운전불이행,건조,맑음,단일로 - 기타,승용,남,40세,상해없음,보행자,남,13세,중상
2012032800100179,2012년 3월 28일 10시,수요일,충청북도 괴산군 괴산읍,중상사고,0,1,2,0,차대차 - 측면직각충돌,신호위반,건조,맑음,교차로 - 교차로안,화물,남,58세,중상,화물,남,33세,경상
2012032800100303,2012년 3월 28일 15시,수요일,충청북도 청원군 오창읍,경상사고,0,0,1,0,차대차 - 추돌 - 주정차중,안전운전불이행,건조,맑음,단일로 - 기타,화물,남,38세,상해없음,화물,남,51세,경상
2012032800100304,2012년 3월 28일 15시,수요일,충청북도 옥천군 옥천읍,경상사고,0,0,1,1,차대차 - 측면직각충돌,직진우회전진행방해,건조,맑음,교차로 - 교차로안,승용,남,42세,부상신고,화물,남,44세,상해없음
2012032800100336,2012년 3월 28일 16시,수요일,충청북도 청주시 상당구 금천동,경상사고,0,0,1,0,차대차 - 기타,안전운전불이행,건조,맑음,기타 - 기타,승합,남,50세,상해없음,승용,남,27세,경상
2012032800100337,2012년 3월 28일 16시,수요일,충청북도 충주시 용산동,경상사고,0,0,1,0,차대차 - 추돌 - 진행중,교차로운행방법위반,건조,맑음,교차로 - 교차로안,특수,남,42세,상해없음,승용,남,55세,경상
2012032800100367,2012년 3월 28일 17시,수요일,충청북도 단양군 단양읍,경상사고,0,0,1,0,차대차 - 측면직각충돌,중앙선침범,건조,맑음,단일로 - 기타,승용,남,26세,상해없음,원동기,남,17세,경상
2012032800100411,2012년 3월 28일 18시,수요일,충청북도 충주시 연수동,중상사고,0,1,0,0,차대사람 - 길가장자리구역통행중,보행자보호의무위반,건조,맑음,단일로 - 횡단보도상,화물,남,69세,상해없음,보행자,여,39세,중상
2012032800100412,2012년 3월 28일 18시,수요일,충청북도 음성군 금왕읍,경상사고,0,0,1,0,차대차 - 추돌 - 진행중,안전거리미확보,건조,맑음,단일로 - 기타,승용,남,45세,상해없음,승용,남,43세,경상
2012032800100413,2012년 3월 28일 18시,수요일,충청북도 옥천군 옥천읍,중상사고,0,1,3,0,차대차 - 측면직각충돌,직진우회전진행방해,건조,맑음,교차로 - 교차로안,화물,남,53세,경상,승용,여,38세,중상
2012032800100414,2012년 3월 28일 18시,수요일,충청북도 청주시 흥덕구 비하동,경상사고,0,0,1,0,차대사람 - 기타,안전운전불이행,건조,맑음,단일로 - 기타,승용,여,51세,상해없음,보행자,여,35세,경상
2012032800100441,2012년 3월 28일 19시,수요일,충청북도 청주시 흥덕구 화계동,경상사고,0,0,1,0,차대차 - 추돌 - 진행중,안전운전불이행,건조,맑음,교차로 - 교차로부근,승용,남,41세,상해없음,승용,남,33세,경상
2012032800100480,2012년 3월 28일 20시,수요일,충청북도 청주시 흥덕구 장성동,중상사고,0,2,7,0,차대차 - 추돌 - 주정차중,안전운전불이행,건조,맑음,교차로 - 교차로부근,화물,남,46세,상해없음,승용,남,55세,중상
2012032800100515,2012년 3월 28일 21시,수요일,충청북도 충주시 연수동,경상사고,0,0,1,0,차대차 - 측면직각충돌,안전운전불이행,건조,맑음,단일로 - 기타,승용,남,50세,상해없음,승용,남,45세,경상