사고번호,사고일시,요일,시군구,사고내용,사망자수,중상자수,경상자수,부상신고자수,사고유형,법규위반,노면상태,기상상태,도로형태,가해운전자 차종,가해운전자 성별,가해운전자 연령,가해운전자 상해정도,피해운전자 차종,피해운전자 성별,피해운전자 연령,피해운전자 상해정도
2012040300100481,2012년 4월 3일 18시,화요일,충청북도 충주시 교현동,중상사고,0,1,0,0,차대사람 - 횡단중,안전운전불이행,건조,맑음,단일로 - 기타,승용,여,58세,상해없음,보행자,남,13세,중상
2012040300100509,2012년 4월 3일 19시,화요일,충청북도 청주시 흥덕구 사창동,경상사고,0,0,1,0,차대차 - 측면직각충돌,안전운전불이행,건조,맑음,단일로 - 기타,화물,남,34세,상해없음,승용,남,24세,경상
2012040300100510,2012년 4월 3일 19시,화요일,충청북도 청주시 상당구 용암동,중상사고,0,1,1,0,차대차 - 기타,안전운전불이행,건조,맑음,단일로 - 기타,승용,남,37세,상해없음,승용,남,38세,중상
2012040300100532,2012년 4월 3일 20시,화요일,충청북도 음성군 금왕읍,중상사고,0,1,0,0,차대차 - 기타,안전운전불이행,건조,맑음,단일로 - 기타,승용,남,37세,상해없음,승용,여,64세,중상
2012040300100600,2012년 4월 3일 22시,화요일,충청북도 충주시 교현동,중상사고,0,1,1,0,차대차 - 기타,신호위반,건조,맑음,교차로 - 교차로안,승용,남,25세,상해없음,승용,남,56세,중상
2012040300100634,2012년 4월 3일 23시,화요일,충청북도 청주시 흥덕구 가경동,경상사고,0,0,1,0,차대사람 - 길가장자리구역통행중,안전운전불이행,건조,맑음,교차로 - 교차로부근,승용,남,33세,상해없음,보행자,남,36세,경상
2012040300100635,2012년 4월 3일 23시,화요일,충청북도 청주시 흥덕구 수곡동,중상사고,0,1,0,0,차대차 - 기타,교차로운행방법위반,건조,맑음,교차로 - 교차로안,승용,남,46세,상해없음,이륜,남,30세,중상
2012040400100015,2012년 4월 4일 00시,수요일,충청북도 청주시 상당구 금천동,경상사고,0,0,1,0,차대차 - 기타,안전운전불이행,건조,맑음,단일로 - 기타,승용,남,21세,상해없음,승용,남,49세,상해없음
2012040400100037,2012년 4월 4일 02시,수요일,충청북도 증평군 증평읍,부상신고사고,0,0,0,1,차량단독 - 공작물충돌,안전운전불이행,건조,맑음,단일로 - 기타,승용,남,32세,부상신고,,,,
2012040400100060,2012년 4월 4일 05시,수요일,충청북도 청주시 상당구 율량동,사망사고,1,0,0,0,차대사람 - 횡단중,안전운전불이행,건조,맑음,교차로 - 교차로안,승용,남,47세,상해없음,보행자,여,71세,사망
2012040400100061,2012년 4월 4일 05시,수요일,충청북도 청주시 흥덕구 강서동,부상신고사고,0,0,0,1,차량단독 - 공작물충돌,안전운전불이행,건조,맑음,단일로 - 기타,화물,남,19세,상해없음,,,,
2012040400100151,2012년 4월 4일 09시,수요일,충청북도 청주시 상당구 내덕동,중상사고,0,1,0,0,차대차 - 측면직각충돌,안전운전불이행,건조,맑음,교차로 - 교차로안,승용,남,36세,상해없음,화물,남,47세,중상
2012040400100204,2012년 4월 4일 12시,수요일,충청북도 청주시 상당구 내덕동,중상사고,0,2,0,0,차대차 - 기타,안전거리미확보,건조,맑음,단일로 - 기타,승용,남,34세,상해없음,승용,남,30세,중상
2012040400100205,2012년 4월 4일 12시,수요일,충청북도 괴산군 청안면,중상사고,0,1,0,0,차대차 - 측면직각충돌,직진우회전진행방해,건조,맑음,교차로 - 교차로안,승용,남,45세,중상,승합,남,56세,상해없음
2012040400100225,2012년 4월 4일 13시,수요일,충청북도 청주시 흥덕구 분평동,중상사고,0,1,0,0,차대차 - 기타,신호위반,건조,맑음,교차로 - 교차로안,승용,남,57세,상해없음,승용,여,36세,중상
2012040400100244,2012년 4월 4일 14시,수요일,충청북도 음성군 삼성면,중상사고,0,2,0,0,차대차 - 측면직각충돌,교차로운행방법위반,건조,흐림,교차로 - 교차로안,화물,남,48세,상해없음,원동기,남,68세,중상
2012040400100245,2012년 4월 4일 14시,수요일,충청북도 옥천군 군북면,경상사고,0,0,1,0,차대차 - 측면직각충돌,직진우회전진행방해,건조,맑음,교차로 - 교차로안,화물,남,71세,상해없음,승용,남,39세,경상
2012040400100278,2012년 4월 4일 15시,수요일,충청북도 청주시 상당구 율량동,중상사고,0,1,0,0,차대사람 - 기타,안전운전불이행,건조,맑음,단일로 - 기타,기타불명,기타불명,기타불명,기타불명,보행자,여,8세,중상
2012040400100279,2012년 4월 4일 15시,수요일,충청북도 청주시 흥덕구 수곡동,경상사고,0,0,1,0,차대차 - 추돌 - 주정차중,안전운전불이행,건조,맑음,교차로 - 교차로부근,이륜,남,67세,경상,승용,여,30세,상해없음
2012040400100315,2012년 4월 4일 16시,수요일,충청북도 진천군 진천읍,중상사고,0,2,0,0,차대차 - 추돌 - 진행중,안전운전불이행,건조,맑음,교차로 - 교차로부근,승용,남,76세,중상,특수,남,45세,상해없음
2012040400100384,2012년 4월 4일 18시,수요일,충청북도 충주시 대소원면,경상사고,0,0,1,0,차대차 - 측면직각충돌,직진우회전진행방해,건조,맑음,교차로 - 교차로안,원동기,여,21세,경상,승용,남,30세,상해없음
2012040400100385,2012년 4월 4일 18시,수요일,충청북도 제천시 모산동,경상사고,0,0,3,0,차대차 - 측면직각충돌,안전운전불이행,건조,맑음,교차로 - 교차로안,승용,여,44세,상해없음,승용,남,37세,경상
2012040400100386,2012년 4월 4일 18시,수요일,충청북도 청원군 오송읍,중상사고,0,1,2,0,차대차 - 기타,신호위반,건조,맑음,교차로 - 교차로부근,승용,남,38세,중상,승합,남,63세,상해없음
2012040400100449,2012년 4월 4일 20시,수요일,충청북도 청원군 오창읍,중상사고,0,1,1,0,차대차 - 측면직각충돌,신호위반,건조,맑음,교차로 - 교차로안,승용,여,48세,상해없음,승용,남,29세,경상
2012040400100450,2012년 4월 4일 20시,수요일,충청북도 청주시 상당구 주성동,경상사고,0,0,4,0,차대차 - 기타,안전운전불이행,건조,맑음,단일로 - 기타,승용,남,49세,경상,화물,남,35세,경상
2012040400100488,2012년 4월 4일 21시,수요일,충청북도 청원군 부용면,경상사고,0,0,1,0,차량단독 - 전도전복,안전운전불이행,건조,맑음,교차로 - 교차로안,이륜,남,26세,상해없음,,,,
2012040400100489,2012년 4월 4일 21시,수요일,충청북도 청주시 흥덕구 산남동,경상사고,0,0,1,0,차대차 - 측면직각충돌,안전운전불이행,건조,맑음,교차로 - 교차로안,승용,남,43세,상해없음,승용,남,46세,상해없음
2012040400100517,2012년 4월 4일 22시,수요일,충청북도 음성군 대소면,중상사고,0,1,2,0,차대차 - 추돌 - 진행중,안전운전불이행,건조,맑음,단일로 - 기타,승용,남,64세,상해없음,승용,여,49세,경상
2012040500100013,2012년 4월 5일 00시,목요일,충청북도 충주시 금릉동,경상사고,0,0,1,0,차대차 - 측면직각충돌,기타,건조,맑음,교차로 - 교차로안,승용,남,55세,상해없음,승용,남,43세,경상
2012040500100014,2012년 4월 5일 00시,목요일,충청북도 진천군 진천읍,중상사고,0,2,0,0,차대차 - 추돌 - 주정차중,안전운전불이행,건조,맑음,단일로 - 기타,승용,남,28세,중상,화물,남,43세,상해없음
2012040500100095,2012년 4월 5일 06시,목요일,충청북도 보은군 삼승면,중상사고,0,1,0,0,차대차 - 측면직각충돌,교차로운행방법위반,건조,맑음,교차로 - 교차로안,화물,남,40세,상해없음,원동기,남,60세,중상
2012040500100113,2012년 4월 5일 07시,목요일,충청북도 충주시 호암동,중상사고,0,2,0,0,차대차 - 측면직각충돌,직진우회전진행방해,건조,맑음,교차로 - 교차로안,승합,남,38세,상해없음,승용,남,66세,중상
2012040500100146,2012년 4월 5일 08시,목요일,충청북도 옥천군 옥천읍,경상사고,0,0,1,0,차대사람 - 기타,안전운전불이행,건조,맑음,교차로 - 교차로안,기타불명,기타불명,기타불명,기타불명,보행자,여,13세,경상
2012040500100191,2012년 4월 5일 10시,목요일,충청북도 옥천군 이원면,중상사고,0,1,0,0,차대차 - 측면직각충돌,안전운전불이행,건조,맑음,교차로 - 교차로안,화물,남,61세,상해없음,이륜,남,67세,중상
2012040500100302,2012년 4월 5일 14시,목요일,충청북도 청주시 상당구 서운동,중상사고,0,1,0,0,차대차 - 기타,안전운전불이행,건조,맑음,단일로 - 기타,승용,남,40세,상해없음,승합,남,43세,상해없음
2012040500100303,2012년 4월 5일 14시,목요일,충청북도 음성군 맹동면,경상사고,0,0,1,0,차대사람 - 횡단중,안전운전불이행,건조,맑음,교차로 - 교차로안,승용,여,36세,상해없음,보행자,여,60세,경상
2012040500100365,2012년 4월 5일 16시,목요일,충청북도 충주시 산척면,중상사고,0,2,1,0,차량단독 - 공작물충돌,안전운전불이행,건조,맑음,단일로 - 기타,승용,남,45세,경상,,,,
2012040500100406,2012년 4월 5일 17시,목요일,충청북도 청주시 흥덕구 신봉동,중상사고,0,1,0,0,차대차 - 측면직각충돌,안전운전불이행,건조,맑음,단일로 - 기타,화물,남,28세,상해없음,자전거,남,14세,중상
2012040500100437,2012년 4월 5일 18시,목요일,충청북도 청주시 상당구 율량동,중상사고,0,1,0,0,차대차 - 측면직각충돌,기타,건조,맑음,단일로 - 기타,승용,남,52세,상해없음,이륜,남,55세,중상
2012040500100438,2012년 4월 5일 18시,목요일,충청북도 음성군 음성읍,경상사고,0,0,1,0,차대사람 - 기타,안전운전불이행,건조,맑음,단일로 - 기타,화물,남,58세,상해없음,보행자,남,39세,경상
2012040500100480,2012년 4월 5일 19시,목요일,충청북도 청주시 흥덕구 봉명동,경상사고,0,0,1,0,차대차 - 측면직각충돌,안전운전불이행,건조,맑음,단일로 - 기타,승용,여,46세,상해없음,자전거,여,67세,경상
2012040500100481,2012년 4월 5일 19시,목요일,충청북도 청주시 흥덕구 사직동,경상사고,0,0,1,0,차대차 - 측면직각충돌,안전거리미확보,건조,맑음,단일로 - 기타,승용,여,45세,상해없음,이륜,남,49세,경상
2012040500100513,2012년 4월 5일 20시,목요일,충청북도 진천군 광혜원면,중상사고,0,1,0,0,차대사람 - 기타,안전운전불이행,건조,맑음,단일로 - 기타,승용,남,57세,상해없음,보행자,여,47세,중상
2012040500100586,2012년 4월 5일 22시,목요일,충청북도 증평군 증평읍,부상신고사고,0,0,0,1,차량단독 - 전도전복,안전운전불이행,건조,맑음,교차로 - 교차로안,승용,남,32세,부상신고,,,,
2012040500100587,2012년 4월 5일 22시,목요일,충청북도 청주시 흥덕구 개신동,경상사고,0,0,1,0,차대차 - 추돌 - 진행중,안전운전불이행,건조,맑음,교차로 - 교차로부근,승용,남,32세,상해없음,승용,남,48세,경상
2012040500100588,2012년 4월 5일 22시,목요일,충청북도 청주시 흥덕구 복대동,경상사고,0,0,1,0,차대차 - 추돌 - 주정차중,안전운전불이행,건조,맑음,단일로 - 기타,승용,남,29세,상해없음,승용,남,55세,경상
2012040600100013,2012년 4월 6일 00시,금요일,충청북도 청주시 흥덕구 산남동,경상사고,0,0,1,0,차대차 - 추돌 - 주정차중,안전운전불이행,건조,맑음,단일로 - 기타,승용,남,38세,상해없음,승용,남,28세,경상
2012040600100032,2012년 4월 6일 01시,금요일,충청북도 음성군 금왕읍,중상사고,0,1,0,0,차량단독 - 공작물충돌,안전운전불이행,건조,맑음,단일로 - 기타,승용,남,33세,중상,,,,
2012040600100047,2012년 4월 6일 02시,금요일,충청북도 청주시 상당구 용암동,경상사고,0,0,1,0,차대차 - 추돌 - 주정차중,안전운전불이행,건조,맑음,단일로 - 기타,승용,남,50세,상해없음,승용,여,43세,경상
2012040600100048,2012년 4월 6일 02시,금요일,충청북도 청주시 흥덕구 산남동,사망사고,1,0,0,0,차대차 - 정면충돌,신호위반,건조,맑음,교차로 - 교차로안,승용,남,45세,상해없음,이륜,남,46세,사망
2012040600100109,2012년 4월 6일 07시,금요일,충청북도 청주시 흥덕구 비하동,경상사고,0,0,2,0,차대차 - 측면직각충돌,안전거리미확보,건조,맑음,교차로 - 교차로부근,화물,남,46세,상해없음,승용,남,54세,상해없음
2012040600100210,2012년 4월 6일 10시,금요일,충청북도 단양군 단양읍,중상사고,0,1,1,0,차대차 - 추돌 - 주정차중,안전거리미확보,건조,맑음,기타 - 기타,화물,남,71세,기타불명,승용,여,56세,중상
2012040600100229,2012년 4월 6일 11시,금요일,충청북도 청주시 상당구 용담동,경상사고,0,0,1,0,차대사람 - 횡단중,보행자보호의무위반,건조,맑음,단일로 - 횡단보도상,승용,남,53세,상해없음,보행자,남,49세,경상
2012040600100270,2012년 4월 6일 13시,금요일,충청북도 제천시 화산동,경상사고,0,0,3,0,차대차 - 기타,기타,건조,맑음,교차로 - 교차로안,화물,남,39세,경상,승용,여,37세,경상
2012040600100271,2012년 4월 6일 13시,금요일,충청북도 청주시 흥덕구 분평동,경상사고,0,0,1,1,차대차 - 기타,신호위반,건조,맑음,교차로 - 교차로안,승용,여,44세,상해없음,승용,여,45세,경상
2012040600100306,2012년 4월 6일 14시,금요일,충청북도 진천군 진천읍,경상사고,0,0,1,0,차대차 - 추돌 - 진행중,기타,건조,맑음,단일로 - 기타,화물,남,41세,상해없음,화물,남,48세,경상
2012040600100334,2012년 4월 6일 15시,금요일,충청북도 청원군 강내면,중상사고,0,1,0,0,차대차 - 측면직각충돌,안전운전불이행,건조,맑음,단일로 - 기타,승용,남,31세,상해없음,이륜,남,24세,중상
2012040600100361,2012년 4월 6일 16시,금요일,충청북도 청주시 상당구 내덕동,중상사고,0,1,0,0,차대사람 - 기타,안전운전불이행,건조,맑음,단일로 - 기타,승용,남,43세,상해없음,보행자,여,42세,중상
2012040600100362,2012년 4월 6일 16시,금요일,충청북도 제천시 청전동,중상사고,0,1,0,0,차대사람 - 횡단중,안전운전불이행,건조,맑음,단일로 - 기타,기타불명,기타불명,기타불명,기타불명,보행자,여,72세,중상
2012040600100391,2012년 4월 6일 17시,금요일,충청북도 청주시 상당구 남문로1가동,중상사고,0,2,8,0,차대차 - 기타,교차로운행방법위반,건조,맑음,교차로 - 교차로안,화물,남,36세,상해없음,승합,남,48세,상해없음
2012040600100392,2012년 4월 6일 17시,금요일,충청북도 충주시 안림동,중상사고,0,1,0,0,차대차 - 측면직각충돌,신호위반,건조,맑음,교차로 - 교차로안,화물,남,39세,상해없음,승용,남,47세,중상
2012040600100393,2012년 4월 6일 17시,금요일,충청북도 청원군 남이면,중상사고,0,2,1,0,차대차 - 기타,안전운전불이행,건조,맑음,단일로 - 기타,승용,남,60세,중상,승용,남,25세,경상
2012040600100438,2012년 4월 6일 18시,금요일,충청북도 충주시 교현동,중상사고,0,1,0,0,차대사람 - 횡단중,보행자보호의무위반,건조,맑음,단일로 - 횡단보도상,승용,여,64세,상해없음,보행자,남,28세,중상
2012040600100480,2012년 4월 6일 19시,금요일,충청북도 청주시 상당구 율량동,경상사고,0,0,1,0,차대차 - 기타,교차로운행방법위반,건조,맑음,교차로 - 교차로안,승용,남,49세,상해없음,이륜,남,20세,경상
2012040600100481,2012년 4월 6일 19시,금요일,충청북도 제천시 장락동,중상사고,0,1,0,0,차대사람 - 기타,안전운전불이행,건조,맑음,교차로 - 교차로부근,승용,여,27세,상해없음,보행자,여,67세,중상
2012040600100482,2012년 4월 6일 19시,금요일,충청북도 청주시 흥덕구 봉명동,경상사고,0,0,1,0,차대차 - 측면직각충돌,안전운전불이행,건조,맑음,교차로 - 교차로부근,승용,남,44세,상해없음,화물,남,49세,경상
2012040600100483,2012년 4월 6일 19시,금요일,충청북도 진천군 이월면,경상사고,0,0,1,0,차대차 - 추돌 - 진행중,안전운전불이행,건조,맑음,단일로 - 기타,승용,남,45세,상해없음,화물,여,56세,경상
2012040600100531,2012년 4월 6일 20시,금요일,충청북도 청주시 상당구 북문로3가동,중상사고,0,1,0,0,차대차 - 기타,안전운전불이행,건조,맑음,단일로 - 기타,승용,남,43세,상해없음,이륜,남,17세,중상
2012040600100595,2012년 4월 6일 22시,금요일,충청북도 충주시 연수동,경상사고,0,0,2,0,차대차 - 측면직각충돌,차로위반,건조,맑음,단일로 - 기타,승합,남,59세,상해없음,승용,남,20세,경상
2012040600100596,2012년 4월 6일 22시,금요일,충청북도 청주시 흥덕구 분평동,경상사고,0,0,1,0,차대차 - 추돌 - 주정차중,기타,건조,맑음,단일로 - 기타,승용,남,57세,상해없음,이륜,남,45세,경상
2012040600100633,2012년 4월 6일 23시,금요일,충청북도 충주시 금릉동,중상사고,0,2,0,0,차대차 - 측면직각충돌,신호위반,건조,맑음,교차로 - 교차로안,화물,남,55세,상해없음,승용,남,57세,중상
2012040600100634,2012년 4월 6일 23시,금요일,충청북도 충주시 살미면,경상사고,0,0,4,0,차대차 - 측면직각충돌,안전운전불이행,건조,맑음,단일로 - 기타,승용,남,29세,상해없음,승용,남,76세,경상
2012040600100635,2012년 4월 6일 23시,금요일,충청북도 음성군 금왕읍,경상사고,0,0,1,0,차대차 - 측면직각충돌,교차로운행방법위반,건조,맑음,교차로 - 교차로안,승용,남,34세,상해없음,승용,남,40세,경상
2012040600100636,2012년 4월 6일 23시,금요일,충청북도 청주시 흥덕구 사창동,중상사고,0,1,0,0,차대차 - 추돌 - 진행중,안전운전불이행,건조,맑음,단일로 - 기타,승용,남,36세,상해없음,승용,여,23세,중상
2012040600100637,2012년 4월 6일 23시,금요일,충청북도 청주시 흥덕구 복대동,중상사고,0,1,0,0,차대차 - 측면직각충돌,신호위반,건조,맑음,교차로 - 교차로안,승합,남,58세,상해없음,원동기,남,38세,중상
2012040600100638,2012년 4월 6일 23시,금요일,충청북도 청주시 흥덕구 사창동,경상사고,0,0,1,0,차대차 - 추돌 - 진행중,안전운전불이행,건조,맑음,단일로 - 기타,승용,남,27세,상해없음,승합,남,56세,경상
2012040700100015,2012년 4월 7일 00시,토요일,충청북도 청원군 오창읍,경상사고,0,0,1,0,차대차 - 기타,안전운전불이행,건조,맑음,교차로 - 교차로안,승용,여,37세,상해없음,승용,여,35세,경상
2012040700100040,2012년 4월 7일 01시,토요일,충청북도 청주시 상당구 우암동,중상사고,0,3,0,0,차대차 - 기타,교차로운행방법위반,건조,맑음,교차로 - 교차로안,승용,남,38세,상해없음,승용,남,18세,중상
2012040700100041,2012년 4월 7일 01시,토요일,충청북도 청주시 흥덕구 봉명동,경상사고,0,0,5,0,차대차 - 측면직각충돌,신호위반,건조,맑음,교차로 - 교차로안,승용,남,32세,상해없음,승합,남,43세,경상
2012040700100064,2012년 4월 7일 02시,토요일,충청북도 청주시 상당구 금천동,중상사고,0,1,0,0,차대차 - 기타,안전거리미확보,건조,맑음,단일로 - 기타,승용,남,31세,상해없음,승용,남,32세,중상
2012040700100084,2012년 4월 7일 03시,토요일,충청북도 충주시 성내동,경상사고,0,0,1,0,차량단독 - 공작물충돌,안전운전불이행,건조,맑음,교차로 - 교차로부근,승용,남,17세,상해없음,,,,
2012040700100085,2012년 4월 7일 03시,토요일,충청북도 청주시 흥덕구 사창동,중상사고,0,1,0,0,차대사람 - 길가장자리구역통행중,안전운전불이행,건조,맑음,단일로 - 기타,승용,남,27세,상해없음,보행자,남,23세,중상
2012040700100165,2012년 4월 7일 08시,토요일,충청북도 옥천군 옥천읍,경상사고,0,0,1,0,차대사람 - 횡단중,보행자보호의무위반,건조,맑음,단일로 - 횡단보도상,화물,남,78세,상해없음,보행자,남,21세,경상
2012040700100244,2012년 4월 7일 11시,토요일,충청북도 제천시 장락동,경상사고,0,0,1,0,차대사람 - 횡단중,보행자보호의무위반,건조,맑음,교차로 - 교차로부근,이륜,남,42세,상해없음,보행자,여,31세,경상
2012040700100269,2012년 4월 7일 12시,토요일,충청북도 청주시 흥덕구 모충동,중상사고,0,1,1,0,차대사람 - 기타,보행자보호의무위반,건조,맑음,교차로 - 교차로안,승용,남,43세,상해없음,보행자,여,62세,중상
2012040700100371,2012년 4월 7일 15시,토요일,충청북도 충주시 문화동,경상사고,0,0,1,0,차대사람 - 길가장자리구역통행중,안전운전불이행,건조,맑음,단일로 - 기타,기타불명,기타불명,기타불명,기타불명,보행자,남,62세,경상
2012040700100415,2012년 4월 7일 16시,토요일,충청북도 충주시 엄정면,경상사고,0,0,3,0,차대차 - 추돌 - 주정차중,안전운전불이행,건조,맑음,단일로 - 기타,승용,남,28세,상해없음,승용,여,45세,경상
2012040700100416,2012년 4월 7일 16시,토요일,충청북도 청주시 흥덕구 성화동,중상사고,0,1,1,0,차대차 - 측면직각충돌,신호위반,건조,맑음,교차로 - 교차로안,승용,여,33세,상해없음,승용,남,48세,중상
2012040700100451,2012년 4월 7일 17시,토요일,충청북도 청주시 흥덕구 모충동,중상사고,0,1,0,0,차대차 - 측면직각충돌,안전운전불이행,건조,맑음,단일로 - 기타,승용,남,42세,상해없음,자전거,남,29세,중상
2012040700100492,2012년 4월 7일 18시,토요일,충청북도 영동군 영동읍,중상사고,0,1,0,0,차대차 - 측면직각충돌,교차로운행방법위반,건조,맑음,교차로 - 교차로안,승용,여,41세,상해없음,원동기,남,29세,중상
2012040700100493,2012년 4월 7일 18시,토요일,충청북도 음성군 금왕읍,경상사고,0,0,1,0,차대사람 - 횡단중,안전운전불이행,건조,맑음,단일로 - 기타,승용,남,29세,상해없음,보행자,남,15세,경상
2012040700100566,2012년 4월 7일 20시,토요일,충청북도 청주시 흥덕구 복대동,중상사고,0,1,2,0,차대차 - 추돌 - 진행중,안전운전불이행,건조,맑음,단일로 - 기타,승용,남,49세,상해없음,승용,남,38세,상해없음
2012040700100567,2012년 4월 7일 20시,토요일,충청북도 청주시 상당구 용암동,경상사고,0,0,1,0,차대차 - 추돌 - 진행중,안전운전불이행,건조,맑음,단일로 - 기타,이륜,남,17세,경상,승용,남,29세,상해없음
2012040700100663,2012년 4월 7일 23시,토요일,충청북도 충주시 문화동,경상사고,0,0,1,0,차대차 - 측면직각충돌,신호위반,건조,맑음,교차로 - 교차로부근,승합,남,28세,상해없음,자전거,남,59세,경상
2012040700100664,2012년 4월 7일 23시,토요일,충청북도 충주시 수안보면,중상사고,0,1,0,0,차대차 - 기타,안전운전불이행,건조,맑음,단일로 - 교량,승용,기타불명,기타불명,기타불명,승용,남,49세,중상
2012040700100665,2012년 4월 7일 23시,토요일,충청북도 청주시 흥덕구 성화동,중상사고,0,1,2,0,차대차 - 측면직각충돌,안전운전불이행,건조,맑음,단일로 - 기타,화물,남,47세,상해없음,승용,남,44세,중상
2012040800100016,2012년 4월 8일 00시,일요일,충청북도 청주시 흥덕구 사창동,경상사고,0,0,1,0,차대차 - 추돌 - 주정차중,안전운전불이행,건조,맑음,단일로 - 기타,승합,남,54세,상해없음,승용,남,23세,경상
2012040800100070,2012년 4월 8일 02시,일요일,충청북도 충주시 연수동,중상사고,0,2,0,0,차대차 - 측면직각충돌,신호위반,건조,맑음,교차로 - 교차로안,승용,남,45세,상해없음,승용,남,48세,중상
2012040800100071,2012년 4월 8일 02시,일요일,충청북도 청주시 흥덕구 복대동,경상사고,0,0,2,0,차대차 - 추돌 - 주정차중,안전운전불이행,건조,맑음,단일로 - 기타,승용,남,37세,상해없음,승용,남,46세,경상
2012040800100158,2012년 4월 8일 09시,일요일,충청북도 충주시 봉방동,중상사고,0,2,0,0,차대차 - 측면직각충돌,신호위반,건조,맑음,교차로 - 교차로안,화물,남,41세,상해없음,승용,남,51세,중상
2012040800100179,2012년 4월 8일 10시,일요일,충청북도 단양군 단양읍,중상사고,0,1,0,0,차대차 - 측면직각충돌,직진우회전진행방해,건조,맑음,교차로 - 교차로안,승용,남,31세,상해없음,승용,남,52세,상해없음
2012040800100227,2012년 4월 8일 12시,일요일,충청북도 청원군 강내면,경상사고,0,0,1,0,차대차 - 측면직각충돌,교차로운행방법위반,건조,맑음,교차로 - 교차로부근,승용,남,50세,상해없음,승용,남,35세,경상
2012040800100264,2012년 4월 8일 13시,일요일,충청북도 단양군 매포읍,경상사고,0,0,1,0,차량단독 - 공작물충돌,안전운전불이행,건조,맑음,단일로 - 기타,승용,남,28세,상해없음,,,,
2012040800100298,2012년 4월 8일 14시,일요일,충청북도 청원군 오송읍,중상사고,0,1,0,0,차대차 - 측면직각충돌,교차로운행방법위반,건조,맑음,교차로 - 교차로안,건설기계,남,55세,상해없음,승용,남,38세,중상
2012040800100339,2012년 4월 8일 15시,일요일,충청북도 충주시 칠금동,중상사고,0,1,3,0,차대차 - 추돌 - 주정차중,안전운전불이행,건조,맑음,단일로 - 기타,승용,남,36세,상해없음,승용,남,71세,경상
2012040800100340,2012년 4월 8일 15시,일요일,충청북도 보은군 보은읍,중상사고,0,1,2,0,차대차 - 측면직각충돌,교차로운행방법위반,건조,맑음,교차로 - 교차로안,승용,남,70세,중상,승용,남,44세,경상
2012040800100377,2012년 4월 8일 16시,일요일,충청북도 청원군 남이면,경상사고,0,0,1,0,차대차 - 추돌 - 진행중,안전운전불이행,건조,맑음,단일로 - 기타,승용,남,67세,상해없음,승용,남,30세,경상
2012040800100405,2012년 4월 8일 17시,일요일,충청북도 청주시 상당구 내덕동,경상사고,0,0,1,0,차대차 - 추돌 - 진행중,안전운전불이행,건조,맑음,교차로 - 교차로안,이륜,남,17세,경상,승용,남,34세,상해없음
2012040800100440,2012년 4월 8일 18시,일요일,충청북도 청원군 옥산면,경상사고,0,0,3,0,차대차 - 추돌 - 진행중,안전운전불이행,건조,맑음,단일로 - 기타,승용,남,28세,상해없음,화물,남,49세,경상
2012040800100475,2012년 4월 8일 19시,일요일,충청북도 청주시 흥덕구 가경동,중상사고,0,1,0,0,차대사람 - 횡단중,안전운전불이행,건조,맑음,교차로 - 교차로부근,승용,남,54세,상해없음,보행자,남,13세,중상
2012040800100507,2012년 4월 8일 20시,일요일,충청북도 청원군 강내면,중상사고,0,1,5,0,차대차 - 추돌 - 주정차중,안전거리미확보,건조,맑음,단일로 - 기타,승용,남,50세,상해없음,승용,남,29세,경상
2012040800100525,2012년 4월 8일 21시,일요일,충청북도 청원군 강내면,중상사고,0,1,0,0,차대차 - 추돌 - 진행중,중앙선침범,건조,맑음,교차로 - 교차로부근,승합,남,51세,상해없음,승용,여,37세,중상
2012040800100574,2012년 4월 8일 23시,일요일,충청북도 청주시 흥덕구 사창동,경상사고,0,0,2,0,차대차 - 측면직각충돌,안전거리미확보,건조,맑음,단일로 - 기타,승용,남,28세,상해없음,승용,남,30세,상해없음
2012040900100053,2012년 4월 9일 06시,월요일,충청북도 단양군 매포읍,중상사고,0,3,0,0,차대차 - 측면직각충돌,신호위반,건조,맑음,교차로 - 교차로안,화물,남,37세,상해없음,승용,남,65세,중상
2012040900100072,2012년 4월 9일 07시,월요일,충청북도 제천시 청전동,중상사고,0,1,0,0,차대차 - 측면직각충돌,안전거리미확보,건조,맑음,단일로 - 기타,승용,남,46세,상해없음,원동기,남,37세,중상
2012040900100073,2012년 4월 9일 07시,월요일,충청북도 증평군 증평읍,중상사고,0,4,1,0,차대차 - 추돌 - 진행중,안전운전불이행,건조,맑음,단일로 - 기타,승합,남,38세,상해없음,승용,남,55세,중상
2012040900100131,2012년 4월 9일 09시,월요일,충청북도 음성군 대소면,경상사고,0,0,1,0,차대차 - 측면직각충돌,안전운전불이행,건조,맑음,단일로 - 기타,승용,남,37세,상해없음,화물,남,36세,상해없음
2012040900100157,2012년 4월 9일 10시,월요일,충청북도 영동군 양산면,경상사고,0,0,2,0,차대차 - 정면충돌,중앙선침범,건조,맑음,교차로 - 교차로부근,화물,남,74세,상해없음,승용,여,50세,경상
2012040900100158,2012년 4월 9일 10시,월요일,충청북도 음성군 금왕읍,중상사고,0,1,0,0,차대차 - 측면직각충돌,교차로운행방법위반,건조,맑음,교차로 - 교차로안,화물,남,41세,상해없음,승용,남,57세,중상
2012040900100159,2012년 4월 9일 10시,월요일,충청북도 청주시 흥덕구 사창동,경상사고,0,0,7,0,차대차 - 추돌 - 주정차중,안전운전불이행,건조,맑음,교차로 - 교차로부근,승용,여,27세,경상,승용,남,63세,경상