사고번호,사고일시,요일,시군구,사고내용,사망자수,중상자수,경상자수,부상신고자수,사고유형,법규위반,노면상태,기상상태,도로형태,가해운전자 차종,가해운전자 성별,가해운전자 연령,가해운전자 상해정도,피해운전자 차종,피해운전자 성별,피해운전자 연령,피해운전자 상해정도
2012040900100181,2012년 4월 9일 11시,월요일,충청북도 음성군 금왕읍,중상사고,0,1,0,0,차대사람 - 횡단중,안전운전불이행,건조,맑음,단일로 - 기타,기타불명,기타불명,기타불명,기타불명,보행자,여,16세,중상
2012040900100213,2012년 4월 9일 12시,월요일,충청북도 청주시 상당구 우암동,경상사고,0,0,1,0,차대사람 - 기타,안전운전불이행,건조,맑음,단일로 - 기타,승용,여,30세,상해없음,보행자,남,18세,경상
2012040900100241,2012년 4월 9일 13시,월요일,충청북도 제천시 화산동,중상사고,0,1,0,0,차대사람 - 횡단중,안전운전불이행,건조,맑음,단일로 - 기타,승용,여,48세,상해없음,보행자,여,72세,중상
2012040900100242,2012년 4월 9일 13시,월요일,충청북도 옥천군 안내면,중상사고,0,1,1,0,차량단독 - 공작물충돌,안전운전불이행,건조,맑음,단일로 - 기타,화물,남,70세,상해없음,,,,
2012040900100299,2012년 4월 9일 15시,월요일,충청북도 청주시 흥덕구 개신동,중상사고,0,1,0,0,차대차 - 측면직각충돌,안전운전불이행,건조,맑음,단일로 - 기타,승용,여,52세,상해없음,이륜,남,24세,중상
2012040900100403,2012년 4월 9일 18시,월요일,충청북도 청원군 내수읍,경상사고,0,0,1,0,차대차 - 기타,안전운전불이행,건조,맑음,단일로 - 기타,승용,여,42세,경상,승합,남,47세,상해없음
2012040900100404,2012년 4월 9일 18시,월요일,충청북도 청주시 상당구 금천동,중상사고,0,1,0,0,차대사람 - 횡단중,안전운전불이행,건조,맑음,단일로 - 횡단보도상,승용,남,43세,상해없음,보행자,여,12세,중상
2012040900100405,2012년 4월 9일 18시,월요일,충청북도 충주시 동량면,중상사고,0,3,0,0,차대차 - 측면직각충돌,직진우회전진행방해,건조,맑음,교차로 - 교차로안,승용,남,48세,중상,승용,남,38세,중상
2012040900100406,2012년 4월 9일 18시,월요일,충청북도 단양군 단양읍,중상사고,0,4,1,0,차대차 - 정면충돌,중앙선침범,건조,맑음,단일로 - 기타,승용,남,50세,상해없음,승용,남,53세,경상
2012040900100407,2012년 4월 9일 18시,월요일,충청북도 청주시 흥덕구 운천동,경상사고,0,0,1,0,차대사람 - 횡단중,보행자보호의무위반,건조,맑음,단일로 - 횡단보도상,승용,남,72세,상해없음,보행자,여,11세,경상
2012040900100437,2012년 4월 9일 19시,월요일,충청북도 청주시 상당구 서운동,경상사고,0,0,1,0,차대차 - 기타,안전운전불이행,건조,맑음,단일로 - 기타,이륜,남,25세,상해없음,승용,여,31세,경상
2012040900100438,2012년 4월 9일 19시,월요일,충청북도 충주시 주덕읍,중상사고,0,1,0,0,차대차 - 측면직각충돌,안전운전불이행,건조,맑음,단일로 - 기타,화물,남,53세,상해없음,승용,남,22세,중상
2012040900100439,2012년 4월 9일 19시,월요일,충청북도 충주시 칠금동,중상사고,0,1,0,0,차대차 - 추돌 - 주정차중,안전운전불이행,건조,맑음,단일로 - 기타,원동기,남,17세,중상,승합,남,31세,상해없음
2012040900100440,2012년 4월 9일 19시,월요일,충청북도 제천시 장락동,중상사고,0,1,0,0,차대사람 - 횡단중,안전운전불이행,건조,맑음,교차로 - 교차로안,승용,남,63세,상해없음,보행자,남,11세,중상
2012040900100441,2012년 4월 9일 19시,월요일,충청북도 청주시 흥덕구 봉명동,경상사고,0,0,1,0,차대차 - 측면직각충돌,안전운전불이행,건조,맑음,단일로 - 기타,승용,남,43세,상해없음,승용,남,32세,경상
2012040900100514,2012년 4월 9일 21시,월요일,충청북도 청주시 상당구 율량동,경상사고,0,0,1,0,차대사람 - 기타,안전운전불이행,건조,맑음,교차로 - 교차로부근,승용,남,37세,상해없음,보행자,여,31세,경상
2012041000100012,2012년 4월 10일 00시,화요일,충청북도 제천시 교동,경상사고,0,0,1,0,차대차 - 기타,안전거리미확보,건조,맑음,교차로 - 교차로안,승용,남,34세,상해없음,승용,남,23세,경상
2012041000100052,2012년 4월 10일 03시,화요일,충청북도 단양군 단양읍,중상사고,0,1,0,0,차량단독 - 공작물충돌,안전운전불이행,건조,맑음,단일로 - 교량,화물,남,41세,중상,,,,
2012041000100129,2012년 4월 10일 08시,화요일,충청북도 청원군 북이면,경상사고,0,0,3,0,차대차 - 측면직각충돌,안전운전불이행,건조,맑음,교차로 - 교차로부근,승용,남,45세,상해없음,승용,남,39세,경상
2012041000100193,2012년 4월 10일 10시,화요일,충청북도 제천시 봉양읍,경상사고,0,0,1,0,차대차 - 기타,안전거리미확보,건조,맑음,단일로 - 기타,화물,남,44세,상해없음,승용,여,30세,경상
2012041000100194,2012년 4월 10일 10시,화요일,충청북도 청원군 부용면,경상사고,0,0,1,0,차대차 - 추돌 - 진행중,안전운전불이행,건조,맑음,단일로 - 기타,화물,남,19세,상해없음,승용,남,29세,상해없음
2012041000100249,2012년 4월 10일 12시,화요일,충청북도 청원군 오창읍,경상사고,0,0,1,0,차대차 - 측면직각충돌,신호위반,건조,맑음,교차로 - 교차로안,승용,남,65세,상해없음,승용,여,35세,경상
2012041000100250,2012년 4월 10일 12시,화요일,충청북도 청주시 상당구 남주동,중상사고,0,1,0,0,차대차 - 측면직각충돌,교차로운행방법위반,습기,비,교차로 - 교차로안,승용,남,77세,상해없음,자전거,남,70세,중상
2012041000100251,2012년 4월 10일 12시,화요일,충청북도 음성군 대소면,경상사고,0,0,1,0,차대차 - 기타,중앙선침범,건조,맑음,교차로 - 교차로부근,화물,남,37세,상해없음,승용,남,33세,경상
2012041000100252,2012년 4월 10일 12시,화요일,충청북도 옥천군 옥천읍,중상사고,0,6,0,0,차대차 - 추돌 - 진행중,안전운전불이행,건조,맑음,단일로 - 기타,승합,남,51세,상해없음,화물,남,41세,상해없음
2012041000100307,2012년 4월 10일 14시,화요일,충청북도 제천시 봉양읍,경상사고,0,0,1,0,차대차 - 기타,직진우회전진행방해,건조,맑음,교차로 - 교차로안,건설기계,남,58세,상해없음,승용,여,49세,경상
2012041000100367,2012년 4월 10일 16시,화요일,충청북도 청주시 상당구 탑동,중상사고,0,1,0,0,차대사람 - 횡단중,안전운전불이행,습기,흐림,단일로 - 기타,승용,여,37세,상해없음,보행자,남,9세,중상
2012041000100400,2012년 4월 10일 17시,화요일,충청북도 음성군 대소면,중상사고,0,2,0,0,차대차 - 측면직각충돌,안전운전불이행,습기,흐림,단일로 - 기타,승용,남,33세,상해없음,승용,남,58세,중상
2012041000100445,2012년 4월 10일 18시,화요일,충청북도 청주시 상당구 내덕동,중상사고,0,1,1,0,차대차 - 측면직각충돌,신호위반,습기,비,교차로 - 교차로안,승합,남,53세,상해없음,승용,남,75세,경상
2012041000100446,2012년 4월 10일 18시,화요일,충청북도 청주시 흥덕구 산남동,경상사고,0,0,1,0,차대차 - 측면직각충돌,신호위반,건조,맑음,교차로 - 교차로안,승용,남,34세,상해없음,승용,남,36세,경상
2012041000100447,2012년 4월 10일 18시,화요일,충청북도 청주시 상당구 영운동,경상사고,0,0,1,0,차대차 - 추돌 - 진행중,안전운전불이행,건조,맑음,단일로 - 기타,승용,남,55세,상해없음,승용,남,38세,경상
2012041000100486,2012년 4월 10일 19시,화요일,충청북도 청주시 상당구 율량동,경상사고,0,0,1,0,차대차 - 측면직각충돌,교차로운행방법위반,건조,맑음,교차로 - 교차로부근,승용,남,49세,상해없음,승용,남,32세,상해없음
2012041000100487,2012년 4월 10일 19시,화요일,충청북도 청주시 상당구 남주동,경상사고,0,0,1,0,차대사람 - 길가장자리구역통행중,안전운전불이행,습기,비,교차로 - 교차로안,승용,남,36세,상해없음,보행자,여,59세,경상
2012041000100533,2012년 4월 10일 20시,화요일,충청북도 청원군 북이면,중상사고,0,1,0,0,차대사람 - 기타,안전운전불이행,건조,맑음,단일로 - 기타,승용,남,52세,상해없음,보행자,남,43세,중상
2012041000100534,2012년 4월 10일 20시,화요일,충청북도 충주시 교현동,중상사고,0,1,0,0,차대차 - 정면충돌,신호위반,습기,맑음,교차로 - 교차로안,승용,남,26세,상해없음,승용,여,55세,중상
2012041000100651,2012년 4월 10일 22시,화요일,충청북도 청주시 상당구 사천동,경상사고,0,0,1,0,차대차 - 측면직각충돌,안전거리미확보,습기,비,단일로 - 교량,화물,남,53세,상해없음,승용,여,30세,상해없음
2012041000100652,2012년 4월 10일 22시,화요일,충청북도 충주시 교현동,중상사고,0,1,0,0,차대차 - 측면직각충돌,신호위반,습기,비,교차로 - 교차로안,승용,여,49세,상해없음,승용,남,51세,중상
2012041000100722,2012년 4월 10일 23시,화요일,충청북도 청주시 상당구 율량동,경상사고,0,0,2,0,차대차 - 측면직각충돌,교차로운행방법위반,습기,비,교차로 - 교차로안,승용,남,28세,상해없음,승용,남,44세,상해없음
2012041000100723,2012년 4월 10일 23시,화요일,충청북도 청주시 흥덕구 죽림동,경상사고,0,0,1,0,차대차 - 측면직각충돌,안전운전불이행,건조,맑음,단일로 - 기타,승용,남,36세,상해없음,승용,남,51세,경상
2012041000100724,2012년 4월 10일 23시,화요일,충청북도 청주시 흥덕구 운천동,경상사고,0,0,1,0,차량단독 - 기타,안전운전불이행,건조,맑음,교차로 - 교차로부근,승용,남,54세,상해없음,,,,
2012041100100029,2012년 4월 11일 00시,수요일,충청북도 청주시 흥덕구 죽림동,경상사고,0,0,1,0,차대차 - 측면직각충돌,신호위반,습기,비,교차로 - 교차로안,승용,남,28세,상해없음,승용,남,45세,경상
2012041100100030,2012년 4월 11일 00시,수요일,충청북도 청원군 부용면,경상사고,0,0,1,0,차대차 - 측면직각충돌,안전운전불이행,습기,비,교차로 - 교차로안,승용,남,55세,상해없음,승용,남,32세,경상
2012041100100241,2012년 4월 11일 09시,수요일,충청북도 청주시 흥덕구 장암동,부상신고사고,0,0,0,1,차대차 - 측면직각충돌,안전운전불이행,건조,맑음,단일로 - 기타,승용,여,57세,부상신고,특수,남,73세,상해없음
2012041100100265,2012년 4월 11일 10시,수요일,충청북도 제천시 명동,중상사고,0,1,0,0,차대사람 - 횡단중,보행자보호의무위반,습기,맑음,교차로 - 교차로부근,승용,남,53세,상해없음,보행자,여,38세,중상
2012041100100266,2012년 4월 11일 10시,수요일,충청북도 제천시 신월동,경상사고,0,0,1,0,차대사람 - 기타,안전운전불이행,건조,맑음,단일로 - 기타,화물,남,33세,상해없음,보행자,남,53세,경상
2012041100100267,2012년 4월 11일 10시,수요일,충청북도 청주시 흥덕구 강서동,중상사고,0,2,1,0,차대차 - 측면직각충돌,안전운전불이행,건조,맑음,단일로 - 기타,승용,여,62세,경상,승용,남,51세,중상
2012041100100319,2012년 4월 11일 12시,수요일,충청북도 제천시 장락동,중상사고,0,1,0,0,차대차 - 측면직각충돌,안전거리미확보,습기,흐림,단일로 - 기타,승용,남,51세,상해없음,원동기,남,48세,중상
2012041100100320,2012년 4월 11일 12시,수요일,충청북도 진천군 진천읍,경상사고,0,0,1,0,차대사람 - 기타,안전운전불이행,건조,맑음,기타 - 기타,화물,남,37세,상해없음,보행자,여,89세,경상
2012041100100386,2012년 4월 11일 14시,수요일,충청북도 제천시 명동,중상사고,0,1,1,0,차대차 - 기타,신호위반,건조,맑음,교차로 - 교차로안,승용,여,53세,상해없음,승용,남,49세,경상
2012041100100516,2012년 4월 11일 18시,수요일,충청북도 청주시 상당구 내덕동,경상사고,0,0,1,0,차대차 - 기타,안전운전불이행,건조,맑음,교차로 - 교차로안,승용,남,36세,상해없음,화물,남,52세,경상
2012041100100517,2012년 4월 11일 18시,수요일,충청북도 영동군 학산면,중상사고,0,1,0,0,차대차 - 측면직각충돌,안전운전불이행,건조,맑음,단일로 - 기타,원동기,여,68세,중상,화물,남,44세,상해없음
2012041100100548,2012년 4월 11일 19시,수요일,충청북도 청원군 강내면,중상사고,0,1,0,0,차대차 - 측면직각충돌,안전운전불이행,건조,맑음,교차로 - 교차로안,화물,남,45세,상해없음,승용,여,58세,중상
2012041100100582,2012년 4월 11일 20시,수요일,충청북도 청원군 미원면,중상사고,0,2,0,0,차대차 - 측면직각충돌,안전운전불이행,건조,맑음,교차로 - 교차로부근,승용,여,56세,상해없음,승용,여,52세,중상
2012041100100662,2012년 4월 11일 23시,수요일,충청북도 충주시 연수동,중상사고,0,1,1,0,차대차 - 측면직각충돌,직진우회전진행방해,건조,맑음,교차로 - 교차로안,화물,남,42세,경상,원동기,남,15세,중상
2012041200100082,2012년 4월 12일 07시,목요일,충청북도 청주시 흥덕구 분평동,중상사고,0,1,0,0,차대차 - 측면직각충돌,안전거리미확보,건조,맑음,단일로 - 기타,승용,여,65세,중상,승합,남,57세,상해없음
2012041200100123,2012년 4월 12일 08시,목요일,충청북도 청주시 상당구 금천동,경상사고,0,0,1,0,차대차 - 기타,교차로운행방법위반,건조,맑음,교차로 - 교차로안,승용,여,54세,상해없음,승용,여,43세,경상
2012041200100124,2012년 4월 12일 08시,목요일,충청북도 청주시 흥덕구 송정동,중상사고,0,1,0,0,차대차 - 기타,기타,건조,맑음,교차로 - 교차로안,승용,남,28세,상해없음,승용,여,34세,중상
2012041200100155,2012년 4월 12일 09시,목요일,충청북도 단양군 가곡면,중상사고,0,2,1,0,차대차 - 정면충돌,중앙선침범,건조,맑음,단일로 - 기타,승용,남,45세,경상,화물,남,64세,중상
2012041200100186,2012년 4월 12일 10시,목요일,충청북도 청주시 상당구 북문로1가동,경상사고,0,0,1,0,차대차 - 기타,안전운전불이행,건조,맑음,단일로 - 기타,승합,남,33세,상해없음,승용,남,53세,경상
2012041200100187,2012년 4월 12일 10시,목요일,충청북도 진천군 덕산면,경상사고,0,0,1,0,차대차 - 기타,기타,건조,맑음,교차로 - 교차로안,화물,남,37세,상해없음,농기계,남,66세,경상
2012041200100223,2012년 4월 12일 11시,목요일,충청북도 영동군 영동읍,부상신고사고,0,0,0,1,차대차 - 측면직각충돌,신호위반,건조,맑음,교차로 - 교차로안,자전거,남,60세,부상신고,승용,남,34세,상해없음
2012041200100224,2012년 4월 12일 11시,목요일,충청북도 음성군 감곡면,경상사고,0,0,1,0,차대차 - 추돌 - 주정차중,안전거리미확보,건조,맑음,교차로 - 교차로부근,승용,여,36세,상해없음,화물,남,60세,경상
2012041200100295,2012년 4월 12일 13시,목요일,충청북도 청주시 상당구 금천동,경상사고,0,0,1,0,차대사람 - 기타,안전운전불이행,건조,맑음,기타 - 기타,승용,남,50세,상해없음,보행자,여,78세,경상
2012041200100323,2012년 4월 12일 14시,목요일,충청북도 옥천군 옥천읍,경상사고,0,0,2,0,차대차 - 측면직각충돌,안전운전불이행,건조,맑음,교차로 - 교차로안,화물,남,59세,경상,승용,남,52세,경상
2012041200100384,2012년 4월 12일 16시,목요일,충청북도 음성군 대소면,중상사고,0,1,0,0,차대차 - 측면직각충돌,교차로운행방법위반,건조,맑음,교차로 - 교차로안,원동기,남,82세,중상,승용,남,27세,상해없음
2012041200100385,2012년 4월 12일 16시,목요일,충청북도 청주시 흥덕구 산남동,경상사고,0,0,1,0,차대차 - 측면직각충돌,안전운전불이행,건조,맑음,교차로 - 교차로안,승합,여,30세,상해없음,자전거,여,45세,경상
2012041200100413,2012년 4월 12일 17시,목요일,충청북도 충주시 연수동,경상사고,0,0,1,0,차대사람 - 횡단중,보행자보호의무위반,건조,맑음,단일로 - 횡단보도부근,화물,남,41세,상해없음,보행자,남,7세,경상
2012041200100414,2012년 4월 12일 17시,목요일,충청북도 음성군 대소면,경상사고,0,0,1,0,차대차 - 추돌 - 주정차중,안전운전불이행,건조,맑음,단일로 - 기타,승용,남,43세,상해없음,화물,남,46세,경상
2012041200100448,2012년 4월 12일 18시,목요일,충청북도 청원군 내수읍,경상사고,0,0,1,0,차대차 - 기타,안전운전불이행,건조,맑음,단일로 - 기타,승용,남,22세,상해없음,승합,여,57세,상해없음
2012041200100449,2012년 4월 12일 18시,목요일,충청북도 제천시 장락동,중상사고,0,1,0,0,차대사람 - 기타,보행자보호의무위반,건조,맑음,단일로 - 기타,승용,남,30세,상해없음,보행자,여,14세,중상
2012041200100450,2012년 4월 12일 18시,목요일,충청북도 제천시 중앙로1가,중상사고,0,1,2,0,차대차 - 추돌 - 주정차중,안전운전불이행,건조,맑음,교차로 - 교차로부근,승용,여,55세,상해없음,승용,남,31세,중상
2012041200100451,2012년 4월 12일 18시,목요일,충청북도 청주시 흥덕구 송정동,경상사고,0,0,4,0,차대차 - 기타,안전거리미확보,건조,맑음,단일로 - 기타,승용,남,49세,상해없음,승용,남,59세,경상
2012041200100498,2012년 4월 12일 19시,목요일,충청북도 충주시 성남동,중상사고,0,1,0,0,차대차 - 추돌 - 주정차중,안전운전불이행,건조,맑음,교차로 - 교차로부근,승합,남,39세,상해없음,승용,여,58세,중상
2012041200100499,2012년 4월 12일 19시,목요일,충청북도 음성군 음성읍,경상사고,0,0,2,0,차량단독 - 공작물충돌,안전운전불이행,건조,맑음,단일로 - 기타,원동기,남,16세,경상,,,,
2012041200100500,2012년 4월 12일 19시,목요일,충청북도 청주시 흥덕구 사직동,중상사고,0,1,0,0,차대차 - 기타,안전운전불이행,건조,맑음,교차로 - 교차로부근,승용,여,26세,상해없음,자전거,남,69세,중상
2012041200100563,2012년 4월 12일 21시,목요일,충청북도 청주시 흥덕구 가경동,경상사고,0,0,1,0,차대차 - 측면직각충돌,안전운전불이행,건조,맑음,단일로 - 기타,기타불명,기타불명,기타불명,기타불명,이륜,남,40세,경상
2012041300100009,2012년 4월 13일 00시,금요일,충청북도 청주시 흥덕구 봉명동,중상사고,0,1,1,0,차대차 - 기타,안전운전불이행,건조,맑음,단일로 - 기타,승용,남,39세,상해없음,승용,남,46세,중상
2012041300100024,2012년 4월 13일 01시,금요일,충청북도 청주시 흥덕구 산남동,경상사고,0,0,1,0,차대차 - 측면직각충돌,신호위반,건조,맑음,교차로 - 교차로안,승용,남,32세,상해없음,승용,남,34세,경상
2012041300100025,2012년 4월 13일 01시,금요일,충청북도 청주시 상당구 용암동,중상사고,0,1,1,0,차대차 - 정면충돌,중앙선침범,건조,맑음,단일로 - 기타,승용,여,42세,경상,승용,남,51세,중상
2012041300100061,2012년 4월 13일 04시,금요일,충청북도 음성군 삼성면,중상사고,0,1,0,0,차대사람 - 차도통행중,안전운전불이행,건조,맑음,단일로 - 기타,승합,여,59세,상해없음,보행자,남,58세,중상
2012041300100107,2012년 4월 13일 07시,금요일,충청북도 청주시 흥덕구 가경동,경상사고,0,0,1,0,차대차 - 기타,신호위반,건조,맑음,교차로 - 교차로안,승용,남,63세,상해없음,승용,남,40세,경상
2012041300100108,2012년 4월 13일 07시,금요일,충청북도 청주시 흥덕구 수곡동,중상사고,0,2,2,0,차대차 - 기타,신호위반,건조,맑음,교차로 - 교차로안,승용,남,42세,상해없음,승용,남,57세,중상
2012041300100132,2012년 4월 13일 08시,금요일,충청북도 청주시 흥덕구 수곡동,경상사고,0,0,1,0,차대차 - 기타,안전거리미확보,건조,맑음,교차로 - 교차로부근,승용,남,33세,상해없음,승용,여,40세,경상
2012041300100233,2012년 4월 13일 12시,금요일,충청북도 청원군 남일면,중상사고,0,1,0,0,차대차 - 측면직각충돌,안전운전불이행,건조,맑음,교차로 - 교차로부근,승용,남,53세,상해없음,승용,여,38세,중상
2012041300100257,2012년 4월 13일 13시,금요일,충청북도 제천시 봉양읍,중상사고,0,2,1,0,차대차 - 추돌 - 진행중,안전거리미확보,건조,맑음,교차로 - 교차로부근,건설기계,남,62세,상해없음,승용,남,33세,중상
2012041300100258,2012년 4월 13일 13시,금요일,충청북도 제천시 청풍면,경상사고,0,0,1,0,차대차 - 측면직각충돌,안전운전불이행,건조,맑음,교차로 - 교차로안,화물,남,61세,상해없음,승용,여,25세,경상
2012041300100259,2012년 4월 13일 13시,금요일,충청북도 영동군 영동읍,중상사고,0,1,0,0,차대사람 - 기타,안전운전불이행,건조,흐림,교차로 - 교차로안,승용,남,30세,상해없음,보행자,여,65세,중상
2012041300100260,2012년 4월 13일 13시,금요일,충청북도 음성군 대소면,경상사고,0,0,1,0,차대차 - 기타,안전운전불이행,건조,맑음,단일로 - 기타,승용,남,18세,상해없음,자전거,여,55세,경상
2012041300100347,2012년 4월 13일 16시,금요일,충청북도 청주시 흥덕구 신전동,중상사고,0,1,0,0,차대차 - 추돌 - 진행중,안전거리미확보,습기,흐림,단일로 - 기타,승용,남,39세,상해없음,화물,남,51세,중상
2012041300100408,2012년 4월 13일 18시,금요일,충청북도 청주시 상당구 북문로2가동,경상사고,0,0,1,0,차대차 - 추돌 - 진행중,안전거리미확보,건조,맑음,교차로 - 교차로안,승용,여,40세,상해없음,승용,여,66세,경상
2012041300100409,2012년 4월 13일 18시,금요일,충청북도 충주시 교현동,중상사고,0,1,1,0,차대차 - 기타,안전거리미확보,건조,맑음,단일로 - 기타,승용,남,48세,상해없음,승용,남,51세,경상
2012041300100410,2012년 4월 13일 18시,금요일,충청북도 청주시 흥덕구 사직동,중상사고,0,1,1,0,차대차 - 기타,안전거리미확보,건조,맑음,교차로 - 교차로부근,원동기,여,23세,중상,승용,남,30세,경상
2012041300100443,2012년 4월 13일 19시,금요일,충청북도 청주시 상당구 율량동,경상사고,0,0,1,0,차대차 - 기타,안전운전불이행,건조,맑음,단일로 - 기타,승용,여,38세,상해없음,이륜,남,52세,경상
2012041300100444,2012년 4월 13일 19시,금요일,충청북도 청주시 상당구 북문로1가동,경상사고,0,0,2,0,차대차 - 측면직각충돌,교차로운행방법위반,건조,맑음,교차로 - 교차로안,승용,남,60세,상해없음,승용,남,43세,경상
2012041300100483,2012년 4월 13일 20시,금요일,충청북도 충주시 목행동,경상사고,0,0,3,0,차대차 - 측면직각충돌,신호위반,건조,맑음,교차로 - 교차로안,승용,여,51세,경상,승용,남,25세,경상
2012041300100484,2012년 4월 13일 20시,금요일,충청북도 제천시 산곡동,중상사고,0,1,0,0,차대차 - 측면직각충돌,중앙선침범,건조,맑음,단일로 - 기타,승용,여,60세,상해없음,승용,남,52세,중상
2012041300100485,2012년 4월 13일 20시,금요일,충청북도 청주시 흥덕구 가경동,중상사고,0,1,0,0,차대차 - 측면직각충돌,신호위반,건조,맑음,교차로 - 교차로안,승용,남,70세,상해없음,이륜,남,21세,중상
2012041300100525,2012년 4월 13일 21시,금요일,충청북도 충주시 용산동,경상사고,0,0,1,0,차대차 - 추돌 - 진행중,직진우회전진행방해,건조,맑음,교차로 - 교차로안,승용,남,46세,상해없음,이륜,남,17세,경상
2012041300100526,2012년 4월 13일 21시,금요일,충청북도 청주시 흥덕구 사창동,경상사고,0,0,1,0,차대차 - 기타,신호위반,건조,맑음,단일로 - 기타,자전거,남,39세,경상,이륜,남,24세,상해없음
2012041300100561,2012년 4월 13일 22시,금요일,충청북도 충주시 용산동,경상사고,0,0,5,0,차대차 - 측면직각충돌,신호위반,건조,맑음,교차로 - 교차로안,승용,여,40세,상해없음,승용,여,42세,경상
2012041300100600,2012년 4월 13일 23시,금요일,충청북도 청주시 흥덕구 복대동,경상사고,0,0,2,0,차대차 - 측면직각충돌,안전운전불이행,건조,맑음,단일로 - 기타,승용,남,27세,상해없음,승용,남,50세,경상
2012041300100601,2012년 4월 13일 23시,금요일,충청북도 청주시 흥덕구 운천동,중상사고,0,1,2,0,차대차 - 기타,안전운전불이행,건조,맑음,교차로 - 교차로부근,승용,남,53세,상해없음,승용,남,58세,경상
2012041400100013,2012년 4월 14일 00시,토요일,충청북도 청주시 흥덕구 복대동,중상사고,0,2,1,0,차대차 - 추돌 - 주정차중,안전운전불이행,건조,맑음,단일로 - 기타,승용,남,28세,상해없음,승용,남,54세,경상
2012041400100014,2012년 4월 14일 00시,토요일,충청북도 청주시 흥덕구 산남동,중상사고,0,1,1,0,차대차 - 측면직각충돌,교차로운행방법위반,건조,맑음,교차로 - 교차로안,승용,남,20세,상해없음,승용,여,34세,경상
2012041400100074,2012년 4월 14일 03시,토요일,충청북도 청주시 흥덕구 운천동,경상사고,0,0,1,0,차대차 - 측면직각충돌,안전거리미확보,건조,맑음,교차로 - 교차로안,승합,남,54세,상해없음,승용,여,55세,경상
2012041400100094,2012년 4월 14일 04시,토요일,충청북도 청원군 오창읍,경상사고,0,0,1,0,차량단독 - 공작물충돌,안전운전불이행,건조,맑음,단일로 - 기타,화물,남,26세,상해없음,,,,
2012041400100095,2012년 4월 14일 04시,토요일,충청북도 청주시 흥덕구 가경동,중상사고,0,1,0,0,차량단독 - 공작물충돌,안전운전불이행,건조,맑음,교차로 - 교차로부근,승용,남,22세,중상,,,,
2012041400100106,2012년 4월 14일 05시,토요일,충청북도 제천시 모산동,경상사고,0,0,1,0,차량단독 - 전도전복,안전운전불이행,건조,맑음,단일로 - 기타,원동기,남,28세,경상,,,,
2012041400100118,2012년 4월 14일 06시,토요일,충청북도 청주시 상당구 내덕동,중상사고,0,1,1,0,차대차 - 측면직각충돌,안전운전불이행,건조,맑음,단일로 - 기타,원동기,남,62세,중상,이륜,남,72세,경상
2012041400100119,2012년 4월 14일 06시,토요일,충청북도 청원군 옥산면,경상사고,0,0,1,0,차대차 - 기타,안전운전불이행,건조,맑음,단일로 - 기타,승용,남,23세,상해없음,화물,남,54세,경상
2012041400100133,2012년 4월 14일 07시,토요일,충청북도 제천시 청전동,중상사고,0,1,3,0,차대차 - 측면직각충돌,신호위반,건조,맑음,교차로 - 교차로안,승용,남,26세,상해없음,승용,남,54세,경상
2012041400100134,2012년 4월 14일 07시,토요일,충청북도 영동군 영동읍,중상사고,0,2,0,0,차대차 - 기타,기타,건조,맑음,단일로 - 기타,승용,남,42세,상해없음,이륜,남,36세,중상
2012041400100153,2012년 4월 14일 08시,토요일,충청북도 청주시 흥덕구 장성동,경상사고,0,0,1,0,차대차 - 기타,안전거리미확보,건조,맑음,단일로 - 기타,원동기,남,76세,경상,화물,남,48세,상해없음
2012041400100230,2012년 4월 14일 11시,토요일,충청북도 충주시 연수동,경상사고,0,0,2,0,차대차 - 측면직각충돌,안전운전불이행,건조,맑음,교차로 - 교차로안,기타불명,기타불명,기타불명,기타불명,승용,여,43세,경상
2012041400100231,2012년 4월 14일 11시,토요일,충청북도 청주시 흥덕구 복대동,경상사고,0,0,1,0,차대차 - 기타,안전거리미확보,건조,맑음,교차로 - 교차로안,승용,남,38세,상해없음,승용,남,28세,경상
2012041400100232,2012년 4월 14일 11시,토요일,충청북도 청주시 상당구 용담동,경상사고,0,0,6,0,차대차 - 추돌 - 주정차중,안전운전불이행,건조,맑음,단일로 - 기타,승용,여,28세,상해없음,승용,여,39세,경상
2012041400100271,2012년 4월 14일 12시,토요일,충청북도 청주시 상당구 율량동,경상사고,0,0,1,0,차대차 - 측면직각충돌,교차로운행방법위반,건조,맑음,교차로 - 교차로안,승용,남,50세,상해없음,승용,여,26세,상해없음
2012041400100272,2012년 4월 14일 12시,토요일,충청북도 음성군 맹동면,경상사고,0,0,1,0,차대차 - 측면직각충돌,교차로운행방법위반,건조,맑음,교차로 - 교차로안,화물,남,43세,상해없음,승용,남,78세,경상
2012041400100324,2012년 4월 14일 13시,토요일,충청북도 충주시 연수동,중상사고,0,1,0,0,차대차 - 측면직각충돌,직진우회전진행방해,건조,맑음,교차로 - 교차로안,승용,남,69세,상해없음,원동기,남,19세,중상
2012041400100325,2012년 4월 14일 13시,토요일,충청북도 진천군 덕산면,경상사고,0,0,1,0,차대사람 - 횡단중,안전운전불이행,건조,맑음,교차로 - 교차로안,승용,남,58세,상해없음,보행자,여,84세,경상
2012041400100326,2012년 4월 14일 13시,토요일,충청북도 청원군 부용면,중상사고,0,2,0,0,차량단독 - 전도전복,안전운전불이행,건조,맑음,단일로 - 기타,승용,남,36세,상해없음,,,,