사고번호,사고일시,요일,시군구,사고내용,사망자수,중상자수,경상자수,부상신고자수,사고유형,법규위반,노면상태,기상상태,도로형태,가해운전자 차종,가해운전자 성별,가해운전자 연령,가해운전자 상해정도,피해운전자 차종,피해운전자 성별,피해운전자 연령,피해운전자 상해정도
2012041400100364,2012년 4월 14일 14시,토요일,충청북도 청주시 상당구 서문동,경상사고,0,0,2,0,차대사람 - 길가장자리구역통행중,안전운전불이행,건조,맑음,교차로 - 교차로부근,승용,남,48세,상해없음,보행자,여,30세,경상
2012041400100409,2012년 4월 14일 15시,토요일,충청북도 충주시 앙성면,중상사고,0,1,0,0,차량단독 - 공작물충돌,안전운전불이행,건조,맑음,단일로 - 기타,화물,남,56세,중상,,,,
2012041400100447,2012년 4월 14일 16시,토요일,충청북도 청주시 상당구 북문로3가동,중상사고,0,1,3,0,차대차 - 기타,교차로운행방법위반,건조,맑음,교차로 - 교차로안,승용,여,65세,상해없음,승용,남,54세,경상
2012041400100448,2012년 4월 14일 16시,토요일,충청북도 제천시 금성면,경상사고,0,0,2,0,차대차 - 측면직각충돌,교차로운행방법위반,건조,맑음,교차로 - 교차로안,승용,여,45세,상해없음,승용,여,53세,경상
2012041400100449,2012년 4월 14일 16시,토요일,충청북도 보은군 탄부면,중상사고,0,3,0,0,차대차 - 측면직각충돌,교차로운행방법위반,건조,흐림,교차로 - 교차로안,승용,남,76세,중상,승용,남,48세,중상
2012041400100450,2012년 4월 14일 16시,토요일,충청북도 진천군 백곡면,경상사고,0,0,3,0,차대차 - 추돌 - 진행중,안전운전불이행,건조,맑음,교차로 - 교차로부근,화물,남,51세,경상,승용,남,52세,경상
2012041400100527,2012년 4월 14일 18시,토요일,충청북도 청주시 상당구 남문로1가동,경상사고,0,0,1,0,차대사람 - 차도통행중,안전운전불이행,건조,맑음,단일로 - 기타,승용,남,32세,상해없음,보행자,여,56세,경상
2012041400100572,2012년 4월 14일 19시,토요일,충청북도 청주시 상당구 영동,경상사고,0,0,2,0,차대차 - 측면직각충돌,교차로운행방법위반,건조,맑음,교차로 - 교차로안,화물,남,55세,경상,승용,남,20세,상해없음
2012041400100573,2012년 4월 14일 19시,토요일,충청북도 청주시 흥덕구 산남동,중상사고,0,4,9,0,차대차 - 기타,안전운전불이행,건조,맑음,단일로 - 기타,승용,여,33세,중상,승용,여,44세,중상
2012041400100574,2012년 4월 14일 19시,토요일,충청북도 청원군 오창읍,경상사고,0,0,1,0,차대차 - 측면직각충돌,안전운전불이행,건조,맑음,단일로 - 기타,화물,남,59세,상해없음,화물,남,43세,경상
2012041400100618,2012년 4월 14일 20시,토요일,충청북도 제천시 의림동,경상사고,0,0,1,0,차대차 - 기타,안전운전불이행,건조,맑음,교차로 - 교차로안,승용,남,51세,상해없음,원동기,남,18세,경상
2012041400100619,2012년 4월 14일 20시,토요일,충청북도 청원군 남이면,경상사고,0,0,2,0,차대차 - 기타,신호위반,건조,맑음,교차로 - 교차로안,승용,남,33세,상해없음,승용,남,58세,경상
2012041400100656,2012년 4월 14일 21시,토요일,충청북도 충주시 수안보면,중상사고,0,1,5,0,차대차 - 측면직각충돌,직진우회전진행방해,건조,맑음,교차로 - 교차로안,승합,남,48세,상해없음,승용,남,27세,상해없음
2012041400100657,2012년 4월 14일 21시,토요일,충청북도 청주시 상당구 용암동,중상사고,0,1,1,0,차대차 - 기타,안전운전불이행,건조,맑음,교차로 - 교차로부근,승용,남,26세,상해없음,승용,남,46세,경상
2012041400100658,2012년 4월 14일 21시,토요일,충청북도 청주시 흥덕구 모충동,부상신고사고,0,0,0,1,차대차 - 기타,안전운전불이행,건조,맑음,단일로 - 기타,승용,여,29세,상해없음,승용,남,27세,상해없음
2012041500100014,2012년 4월 15일 00시,일요일,충청북도 청주시 상당구 석교동,경상사고,0,0,1,0,차대차 - 기타,신호위반,건조,맑음,교차로 - 교차로안,승용,남,18세,상해없음,원동기,남,30세,경상
2012041500100015,2012년 4월 15일 00시,일요일,충청북도 청주시 흥덕구 복대동,경상사고,0,0,2,0,차대차 - 추돌 - 주정차중,안전운전불이행,건조,맑음,교차로 - 교차로부근,승용,남,32세,상해없음,승용,남,25세,경상
2012041500100045,2012년 4월 15일 01시,일요일,충청북도 청주시 흥덕구 모충동,중상사고,0,1,0,0,차대차 - 기타,교차로운행방법위반,건조,맑음,교차로 - 교차로안,승용,남,45세,상해없음,자전거,남,19세,중상
2012041500100092,2012년 4월 15일 03시,일요일,충청북도 청주시 흥덕구 휴암동,중상사고,0,1,0,0,차량단독 - 공작물충돌,안전운전불이행,건조,맑음,교차로 - 교차로부근,승용,남,30세,중상,,,,
2012041500100129,2012년 4월 15일 06시,일요일,충청북도 충주시 가금면,중상사고,0,1,0,0,차대차 - 추돌 - 진행중,안전운전불이행,건조,맑음,단일로 - 기타,화물,남,44세,상해없음,승용,여,46세,중상
2012041500100191,2012년 4월 15일 10시,일요일,충청북도 증평군 증평읍,경상사고,0,0,1,0,차대차 - 측면직각충돌,신호위반,건조,맑음,교차로 - 교차로안,승용,남,48세,상해없음,이륜,남,75세,경상
2012041500100207,2012년 4월 15일 11시,일요일,충청북도 보은군 수한면,중상사고,0,1,0,0,차대차 - 기타,중앙선침범,건조,맑음,기타 - 기타,화물,남,24세,상해없음,이륜,남,27세,중상
2012041500100208,2012년 4월 15일 11시,일요일,충청북도 청주시 흥덕구 복대동,중상사고,0,2,0,0,차대차 - 측면직각충돌,안전운전불이행,건조,맑음,단일로 - 기타,승용,남,53세,중상,승용,남,29세,상해없음
2012041500100232,2012년 4월 15일 12시,일요일,충청북도 단양군 매포읍,중상사고,0,1,0,0,차대차 - 정면충돌,중앙선침범,건조,맑음,단일로 - 기타,화물,남,30세,상해없음,승용,여,50세,중상
2012041500100233,2012년 4월 15일 12시,일요일,충청북도 진천군 진천읍,중상사고,0,1,0,0,차대사람 - 횡단중,안전운전불이행,건조,맑음,단일로 - 기타,승용,남,48세,상해없음,보행자,남,7세,중상
2012041500100234,2012년 4월 15일 12시,일요일,충청북도 청주시 흥덕구 복대동,경상사고,0,0,2,0,차대차 - 추돌 - 진행중,안전운전불이행,건조,맑음,교차로 - 교차로부근,승용,남,50세,상해없음,승용,여,29세,경상
2012041500100235,2012년 4월 15일 12시,일요일,충청북도 청원군 문의면,중상사고,0,1,0,0,차대차 - 기타,안전운전불이행,건조,맑음,단일로 - 기타,승용,남,51세,상해없음,이륜,남,49세,중상
2012041500100261,2012년 4월 15일 13시,일요일,충청북도 보은군 탄부면,사망사고,1,0,0,0,차대차 - 기타,안전운전불이행,건조,맑음,단일로 - 기타,화물,남,63세,상해없음,이륜,남,58세,사망
2012041500100263,2012년 4월 15일 13시,일요일,충청북도 영동군 용산면,중상사고,0,1,2,0,차대차 - 기타,안전운전불이행,건조,맑음,단일로 - 기타,기타불명,기타불명,기타불명,기타불명,승용,남,42세,경상
2012041500100285,2012년 4월 15일 14시,일요일,충청북도 청주시 상당구 수동,중상사고,0,1,1,0,차대차 - 추돌 - 주정차중,안전운전불이행,건조,맑음,단일로 - 기타,승용,남,73세,경상,승용,여,56세,기타불명
2012041500100286,2012년 4월 15일 14시,일요일,충청북도 음성군 금왕읍,중상사고,0,1,1,0,차대차 - 측면직각충돌,신호위반,건조,맑음,교차로 - 교차로안,승용,남,38세,상해없음,승용,남,50세,상해없음
2012041500100320,2012년 4월 15일 15시,일요일,충청북도 충주시 풍동,중상사고,0,1,0,0,차량단독 - 기타,안전운전불이행,건조,맑음,단일로 - 기타,원동기,남,70세,중상,,,,
2012041500100354,2012년 4월 15일 16시,일요일,충청북도 청주시 상당구 문화동,경상사고,0,0,1,0,차대차 - 기타,중앙선침범,건조,맑음,교차로 - 교차로안,승용,여,44세,상해없음,승용,여,52세,경상
2012041500100389,2012년 4월 15일 17시,일요일,충청북도 청주시 상당구 문화동,경상사고,0,0,1,0,차대사람 - 기타,기타,건조,맑음,단일로 - 기타,승합,남,51세,상해없음,보행자,여,38세,경상
2012041500100412,2012년 4월 15일 18시,일요일,충청북도 청원군 오창읍,경상사고,0,0,2,0,차대차 - 측면직각충돌,안전운전불이행,건조,맑음,단일로 - 기타,승용,남,35세,경상,승용,남,28세,경상
2012041500100443,2012년 4월 15일 19시,일요일,충청북도 청주시 흥덕구 복대동,경상사고,0,0,5,0,차대차 - 측면직각충돌,신호위반,건조,맑음,교차로 - 교차로안,화물,남,28세,상해없음,승합,남,50세,경상
2012041500100470,2012년 4월 15일 20시,일요일,충청북도 진천군 진천읍,중상사고,0,1,0,0,차대사람 - 횡단중,교차로운행방법위반,건조,맑음,교차로 - 교차로안,승용,남,24세,상해없음,보행자,남,38세,중상
2012041500100471,2012년 4월 15일 20시,일요일,충청북도 청주시 흥덕구 산남동,경상사고,0,0,1,0,차대차 - 추돌 - 진행중,안전운전불이행,건조,맑음,단일로 - 기타,이륜,남,17세,경상,승용,남,33세,상해없음
2012041500100472,2012년 4월 15일 20시,일요일,충청북도 청주시 흥덕구 모충동,사망사고,1,0,0,0,차대차 - 추돌 - 진행중,안전운전불이행,건조,맑음,단일로 - 기타,이륜,남,66세,사망,승용,여,44세,상해없음
2012041500100489,2012년 4월 15일 21시,일요일,충청북도 충주시 용산동,중상사고,0,1,0,0,차대차 - 측면직각충돌,안전운전불이행,건조,맑음,단일로 - 기타,승용,여,29세,상해없음,자전거,여,64세,중상
2012041500100490,2012년 4월 15일 21시,일요일,충청북도 제천시 청전동,중상사고,0,1,0,0,차대차 - 기타,안전운전불이행,건조,맑음,교차로 - 교차로부근,원동기,남,17세,상해없음,자전거,여,24세,중상
2012041500100520,2012년 4월 15일 22시,일요일,충청북도 제천시 의림동,중상사고,0,1,1,0,차대차 - 기타,직진우회전진행방해,건조,맑음,교차로 - 교차로안,승용,남,47세,상해없음,승용,여,63세,경상
2012041500100550,2012년 4월 15일 23시,일요일,충청북도 청주시 흥덕구 복대동,중상사고,0,1,0,0,차대차 - 측면직각충돌,안전운전불이행,건조,맑음,교차로 - 교차로안,승용,남,39세,상해없음,원동기,남,22세,중상
2012041600100013,2012년 4월 16일 01시,월요일,충청북도 청주시 상당구 용암동,중상사고,0,1,0,0,차대차 - 측면직각충돌,안전운전불이행,건조,맑음,단일로 - 기타,승용,남,41세,상해없음,이륜,남,23세,중상
2012041600100109,2012년 4월 16일 08시,월요일,충청북도 청원군 오송읍,중상사고,0,1,0,0,차대차 - 측면직각충돌,신호위반,건조,맑음,교차로 - 교차로안,승용,남,31세,상해없음,승용,여,47세,중상
2012041600100200,2012년 4월 16일 11시,월요일,충청북도 제천시 청전동,중상사고,0,1,0,0,차대차 - 기타,직진우회전진행방해,건조,맑음,교차로 - 교차로안,승용,남,52세,상해없음,이륜,남,21세,중상
2012041600100201,2012년 4월 16일 11시,월요일,충청북도 제천시 백운면,중상사고,0,1,0,0,차대차 - 측면직각충돌,안전운전불이행,건조,맑음,단일로 - 기타,화물,남,50세,상해없음,이륜,남,60세,중상
2012041600100232,2012년 4월 16일 12시,월요일,충청북도 청주시 상당구 내덕동,중상사고,0,1,0,0,차대사람 - 길가장자리구역통행중,안전운전불이행,건조,맑음,단일로 - 기타,화물,남,36세,상해없음,보행자,여,18세,중상
2012041600100233,2012년 4월 16일 12시,월요일,충청북도 충주시 대소원면,중상사고,0,1,3,0,차대차 - 추돌 - 진행중,기타,건조,맑음,교차로 - 교차로안,승용,남,72세,상해없음,승용,남,30세,경상
2012041600100234,2012년 4월 16일 12시,월요일,충청북도 청주시 흥덕구 향정동,중상사고,0,1,0,0,차량단독 - 공작물충돌,안전운전불이행,건조,맑음,단일로 - 기타,승용,남,27세,중상,,,,
2012041600100321,2012년 4월 16일 15시,월요일,충청북도 청주시 흥덕구 봉명동,중상사고,0,1,1,0,차대차 - 측면직각충돌,교차로운행방법위반,건조,맑음,교차로 - 교차로안,승용,여,53세,중상,승용,여,42세,경상
2012041600100322,2012년 4월 16일 15시,월요일,충청북도 청주시 상당구 용암동,경상사고,0,0,3,0,차대차 - 측면직각충돌,안전운전불이행,건조,맑음,단일로 - 기타,승합,남,28세,상해없음,승용,남,56세,상해없음
2012041600100356,2012년 4월 16일 16시,월요일,충청북도 음성군 원남면,사망사고,1,0,1,0,차량단독 - 공작물충돌,안전운전불이행,건조,맑음,단일로 - 기타,화물,남,61세,사망,,,,
2012041600100391,2012년 4월 16일 17시,월요일,충청북도 청주시 흥덕구 개신동,중상사고,0,1,0,0,차대사람 - 횡단중,안전운전불이행,건조,맑음,교차로 - 교차로안,승합,여,59세,상해없음,보행자,남,13세,중상
2012041600100425,2012년 4월 16일 18시,월요일,충청북도 청원군 북이면,중상사고,0,1,0,0,차대차 - 측면직각충돌,신호위반,건조,맑음,단일로 - 횡단보도상,승용,남,33세,상해없음,자전거,남,62세,중상
2012041600100426,2012년 4월 16일 18시,월요일,충청북도 충주시 용산동,경상사고,0,0,1,0,차대차 - 측면직각충돌,신호위반,건조,맑음,교차로 - 교차로안,자전거,남,67세,경상,승용,남,63세,상해없음
2012041600100465,2012년 4월 16일 19시,월요일,충청북도 제천시 장락동,경상사고,0,0,1,0,차대차 - 기타,안전거리미확보,건조,맑음,단일로 - 기타,승용,남,57세,상해없음,이륜,남,44세,경상
2012041600100492,2012년 4월 16일 20시,월요일,충청북도 청주시 상당구 사천동,중상사고,0,2,0,0,차대차 - 측면직각충돌,교차로운행방법위반,건조,맑음,교차로 - 교차로안,승용,남,54세,상해없음,승용,남,56세,상해없음
2012041600100493,2012년 4월 16일 20시,월요일,충청북도 음성군 감곡면,중상사고,0,1,0,0,차대사람 - 횡단중,안전운전불이행,건조,맑음,교차로 - 교차로안,승용,남,65세,상해없음,보행자,여,48세,중상
2012041600100528,2012년 4월 16일 21시,월요일,충청북도 청원군 오창읍,중상사고,0,1,0,0,차대차 - 측면직각충돌,신호위반,건조,맑음,교차로 - 교차로안,승용,남,24세,상해없음,승용,남,50세,중상
2012041600100529,2012년 4월 16일 21시,월요일,충청북도 제천시 강제동,경상사고,0,0,1,0,차대차 - 기타,안전운전불이행,건조,맑음,단일로 - 기타,화물,남,32세,상해없음,승용,여,49세,경상
2012041600100555,2012년 4월 16일 22시,월요일,충청북도 단양군 대강면,경상사고,0,0,1,0,차량단독 - 공작물충돌,안전운전불이행,건조,흐림,단일로 - 기타,승용,남,19세,상해없음,,,,
2012041600100587,2012년 4월 16일 23시,월요일,충청북도 증평군 증평읍,경상사고,0,0,1,0,차량단독 - 공작물충돌,안전운전불이행,건조,맑음,단일로 - 기타,승용,남,30세,경상,,,,
2012041700100027,2012년 4월 17일 01시,화요일,충청북도 충주시 봉방동,중상사고,0,1,0,0,차대차 - 기타,직진우회전진행방해,건조,맑음,교차로 - 교차로안,승용,남,42세,상해없음,승용,남,48세,상해없음
2012041700100040,2012년 4월 17일 02시,화요일,충청북도 청주시 상당구 금천동,중상사고,0,3,1,0,차대차 - 측면직각충돌,신호위반,건조,맑음,교차로 - 교차로안,승용,남,23세,중상,승용,남,28세,중상
2012041700100106,2012년 4월 17일 07시,화요일,충청북도 충주시 안림동,중상사고,0,1,1,0,차대차 - 추돌 - 진행중,안전운전불이행,건조,맑음,단일로 - 기타,승용,남,64세,중상,승합,남,59세,경상
2012041700100208,2012년 4월 17일 10시,화요일,충청북도 옥천군 옥천읍,중상사고,0,1,1,0,차대차 - 측면직각충돌,안전운전불이행,건조,맑음,단일로 - 기타,이륜,남,59세,경상,화물,여,57세,상해없음
2012041700100233,2012년 4월 17일 11시,화요일,충청북도 충주시 엄정면,중상사고,0,1,0,0,차대차 - 추돌 - 진행중,안전운전불이행,건조,맑음,단일로 - 기타,화물,여,46세,상해없음,승합,남,49세,상해없음
2012041700100256,2012년 4월 17일 12시,화요일,충청북도 청주시 흥덕구 송절동,경상사고,0,0,1,0,차대차 - 정면충돌,안전운전불이행,건조,맑음,단일로 - 기타,승용,남,20세,상해없음,이륜,남,42세,경상
2012041700100331,2012년 4월 17일 15시,화요일,충청북도 청원군 오창읍,경상사고,0,0,1,0,차대사람 - 횡단중,안전운전불이행,건조,맑음,단일로 - 기타,승합,남,32세,상해없음,보행자,남,5세,경상
2012041700100332,2012년 4월 17일 15시,화요일,충청북도 영동군 영동읍,중상사고,0,1,0,0,차대사람 - 기타,안전운전불이행,건조,맑음,교차로 - 교차로안,승합,남,42세,상해없음,보행자,남,7세,중상
2012041700100333,2012년 4월 17일 15시,화요일,충청북도 청주시 흥덕구 모충동,중상사고,0,1,0,0,차대사람 - 횡단중,보행자보호의무위반,건조,맑음,단일로 - 횡단보도상,승용,남,73세,상해없음,보행자,여,67세,중상
2012041700100373,2012년 4월 17일 16시,화요일,충청북도 청주시 상당구 탑동,경상사고,0,0,2,0,차대차 - 측면직각충돌,교차로운행방법위반,건조,맑음,교차로 - 교차로안,승용,남,38세,경상,승용,여,43세,경상
2012041700100405,2012년 4월 17일 17시,화요일,충청북도 청주시 상당구 지북동,중상사고,0,1,0,0,차대차 - 측면직각충돌,안전운전불이행,건조,맑음,교차로 - 교차로부근,승용,여,44세,상해없음,원동기,여,45세,중상
2012041700100433,2012년 4월 17일 18시,화요일,충청북도 음성군 생극면,사망사고,1,3,1,0,차량단독 - 공작물충돌,안전운전불이행,건조,맑음,단일로 - 기타,승용,남,15세,경상,,,,
2012041700100434,2012년 4월 17일 18시,화요일,충청북도 청주시 흥덕구 수곡동,경상사고,0,0,2,0,차대차 - 측면직각충돌,교차로운행방법위반,건조,맑음,교차로 - 교차로안,승용,남,53세,경상,승용,여,23세,경상
2012041700100472,2012년 4월 17일 19시,화요일,충청북도 청원군 내수읍,경상사고,0,0,3,0,차대차 - 추돌 - 주정차중,안전운전불이행,건조,맑음,교차로 - 교차로부근,화물,남,48세,상해없음,승용,여,35세,경상
2012041800100013,2012년 4월 18일 00시,수요일,충청북도 음성군 대소면,중상사고,0,1,1,0,차대차 - 추돌 - 주정차중,안전운전불이행,건조,맑음,단일로 - 기타,원동기,남,40세,중상,승용,여,42세,경상
2012041800100099,2012년 4월 18일 07시,수요일,충청북도 제천시 봉양읍,중상사고,0,1,0,0,차대차 - 추돌 - 주정차중,안전거리미확보,건조,맑음,단일로 - 기타,승용,남,64세,중상,화물,남,54세,상해없음
2012041800100100,2012년 4월 18일 07시,수요일,충청북도 증평군 증평읍,사망사고,1,0,1,0,차대차 - 측면직각충돌,안전운전불이행,건조,맑음,교차로 - 교차로안,원동기,남,45세,사망,승용,남,29세,상해없음
2012041800100101,2012년 4월 18일 07시,수요일,충청북도 청주시 상당구 용암동,중상사고,0,1,0,0,차대차 - 기타,안전운전불이행,건조,맑음,교차로 - 교차로부근,승용,남,67세,상해없음,기타불명,미분류,기타불명,기타불명
2012041800100183,2012년 4월 18일 10시,수요일,충청북도 청주시 상당구 우암동,경상사고,0,0,1,0,차량단독 - 기타,기타,건조,맑음,단일로 - 기타,승용,남,46세,상해없음,,,,
2012041800100203,2012년 4월 18일 11시,수요일,충청북도 충주시 가금면,중상사고,0,2,3,0,차대차 - 측면직각충돌,안전운전불이행,건조,맑음,단일로 - 기타,승합,남,76세,상해없음,화물,남,49세,경상
2012041800100240,2012년 4월 18일 12시,수요일,충청북도 청주시 상당구 수동,중상사고,0,1,0,0,차대차 - 측면직각충돌,안전운전불이행,건조,맑음,교차로 - 교차로부근,승용,남,29세,상해없음,자전거,남,79세,중상
2012041800100269,2012년 4월 18일 13시,수요일,충청북도 음성군 금왕읍,중상사고,0,1,0,0,차대차 - 측면직각충돌,교차로운행방법위반,건조,맑음,교차로 - 교차로안,화물,남,43세,상해없음,원동기,남,66세,중상
2012041800100299,2012년 4월 18일 14시,수요일,충청북도 증평군 증평읍,중상사고,0,1,0,0,차대차 - 추돌 - 주정차중,안전운전불이행,건조,맑음,단일로 - 기타,승용,여,29세,상해없음,승용,여,45세,상해없음
2012041800100334,2012년 4월 18일 15시,수요일,충청북도 청주시 상당구 내덕동,중상사고,0,1,0,0,차대차 - 측면직각충돌,안전운전불이행,건조,맑음,교차로 - 교차로안,화물,남,55세,상해없음,이륜,남,21세,중상
2012041800100335,2012년 4월 18일 15시,수요일,충청북도 청주시 흥덕구 개신동,중상사고,0,1,0,0,차대차 - 추돌 - 주정차중,안전운전불이행,건조,기타,단일로 - 기타,자전거,남,25세,중상,승용,남,33세,상해없음
2012041800100336,2012년 4월 18일 15시,수요일,충청북도 청주시 상당구 용암동,경상사고,0,0,2,0,차대차 - 측면직각충돌,교차로운행방법위반,건조,맑음,교차로 - 교차로안,승용,남,52세,상해없음,승용,남,38세,상해없음
2012041800100365,2012년 4월 18일 16시,수요일,충청북도 청주시 흥덕구 가경동,중상사고,0,1,0,0,차대사람 - 기타,안전운전불이행,건조,맑음,단일로 - 기타,승용,여,41세,상해없음,보행자,여,59세,중상
2012041800100391,2012년 4월 18일 17시,수요일,충청북도 충주시 목행동,중상사고,0,1,0,0,차대사람 - 보도통행중,보행자보호의무위반,건조,맑음,교차로 - 교차로안,승용,남,65세,상해없음,보행자,여,7세,중상
2012041800100392,2012년 4월 18일 17시,수요일,충청북도 영동군 추풍령면,사망사고,1,0,0,0,차대사람 - 기타,안전운전불이행,건조,맑음,단일로 - 기타,화물,남,41세,상해없음,보행자,여,81세,사망
2012041800100427,2012년 4월 18일 18시,수요일,충청북도 청원군 오송읍,경상사고,0,0,1,0,차대사람 - 횡단중,안전운전불이행,건조,맑음,단일로 - 기타,승용,남,33세,상해없음,보행자,남,9세,경상
2012041800100459,2012년 4월 18일 19시,수요일,충청북도 옥천군 옥천읍,경상사고,0,0,3,0,차대차 - 측면직각충돌,신호위반,건조,맑음,교차로 - 교차로안,승용,남,69세,상해없음,승용,남,34세,경상
2012041800100491,2012년 4월 18일 20시,수요일,충청북도 청주시 흥덕구 사창동,경상사고,0,0,2,0,차대차 - 기타,안전운전불이행,건조,맑음,교차로 - 교차로안,승합,남,51세,상해없음,승용,남,25세,경상
2012041800100526,2012년 4월 18일 21시,수요일,충청북도 제천시 서부동,중상사고,0,1,0,0,차대사람 - 기타,안전운전불이행,건조,맑음,단일로 - 횡단보도부근,원동기,남,18세,상해없음,보행자,여,72세,중상
2012041800100565,2012년 4월 18일 22시,수요일,충청북도 청주시 흥덕구 개신동,경상사고,0,0,2,0,차대차 - 측면직각충돌,안전운전불이행,건조,맑음,교차로 - 교차로부근,승용,여,38세,상해없음,승용,남,57세,경상
2012041800100610,2012년 4월 18일 23시,수요일,충청북도 청주시 상당구 율량동,경상사고,0,0,1,0,차대차 - 측면직각충돌,안전운전불이행,건조,맑음,교차로 - 교차로안,승용,남,47세,상해없음,이륜,남,25세,경상
2012041900100081,2012년 4월 19일 05시,목요일,충청북도 청원군 오창읍,중상사고,0,1,1,0,차량단독 - 전도전복,안전운전불이행,건조,흐림,단일로 - 기타,승용,여,19세,경상,,,,
2012041900100092,2012년 4월 19일 06시,목요일,충청북도 청주시 상당구 지북동,경상사고,0,0,1,0,차대차 - 기타,안전운전불이행,건조,맑음,교차로 - 교차로부근,화물,남,57세,상해없음,화물,남,58세,경상
2012041900100140,2012년 4월 19일 08시,목요일,충청북도 청원군 내수읍,경상사고,0,0,5,0,차대차 - 측면직각충돌,안전운전불이행,건조,맑음,교차로 - 교차로부근,승합,남,53세,경상,승용,남,53세,경상
2012041900100141,2012년 4월 19일 08시,목요일,충청북도 음성군 삼성면,중상사고,0,1,0,0,차대차 - 측면직각충돌,교차로운행방법위반,건조,맑음,교차로 - 교차로안,화물,남,39세,상해없음,원동기,남,54세,중상
2012041900100217,2012년 4월 19일 11시,목요일,충청북도 청주시 상당구 남주동,중상사고,0,1,0,0,차대사람 - 기타,보행자보호의무위반,건조,맑음,단일로 - 횡단보도상,승용,여,50세,상해없음,보행자,여,75세,중상
2012041900100218,2012년 4월 19일 11시,목요일,충청북도 청주시 상당구 용담동,경상사고,0,0,3,0,차대차 - 기타,신호위반,건조,맑음,교차로 - 교차로안,승용,남,27세,경상,승용,여,35세,경상
2012041900100242,2012년 4월 19일 12시,목요일,충청북도 청주시 흥덕구 복대동,경상사고,0,0,2,0,차대차 - 측면직각충돌,안전거리미확보,건조,맑음,교차로 - 교차로부근,승용,남,33세,상해없음,승용,여,44세,경상
2012041900100269,2012년 4월 19일 13시,목요일,충청북도 충주시 단월동,경상사고,0,0,1,0,차대차 - 추돌 - 진행중,교차로운행방법위반,건조,맑음,교차로 - 교차로안,기타불명,기타불명,기타불명,기타불명,원동기,남,22세,경상
2012041900100270,2012년 4월 19일 13시,목요일,충청북도 제천시 명동,중상사고,0,1,0,0,차대차 - 기타,안전운전불이행,건조,맑음,교차로 - 교차로안,승용,남,68세,상해없음,자전거,남,70세,중상
2012041900100294,2012년 4월 19일 14시,목요일,충청북도 청주시 흥덕구 비하동,경상사고,0,0,1,0,차대차 - 측면직각충돌,안전거리미확보,건조,맑음,단일로 - 기타,승용,여,38세,상해없음,건설기계,남,37세,상해없음
2012041900100295,2012년 4월 19일 14시,목요일,충청북도 청원군 오송읍,경상사고,0,0,1,0,차대사람 - 차도통행중,안전운전불이행,건조,맑음,단일로 - 기타,승용,남,34세,상해없음,보행자,여,63세,경상
2012041900100323,2012년 4월 19일 15시,목요일,충청북도 영동군 영동읍,경상사고,0,0,2,0,차대차 - 추돌 - 주정차중,안전거리미확보,건조,맑음,단일로 - 기타,승용,남,24세,상해없음,승용,남,31세,경상
2012041900100324,2012년 4월 19일 15시,목요일,충청북도 청주시 흥덕구 복대동,경상사고,0,0,2,0,차대차 - 측면직각충돌,안전운전불이행,건조,맑음,교차로 - 교차로안,승용,남,38세,상해없음,승용,남,59세,경상
2012041900100423,2012년 4월 19일 18시,목요일,충청북도 음성군 감곡면,경상사고,0,0,2,0,차대차 - 추돌 - 주정차중,안전운전불이행,건조,맑음,교차로 - 교차로부근,승용,남,52세,상해없음,승용,남,57세,경상
2012041900100489,2012년 4월 19일 20시,목요일,충청북도 충주시 칠금동,경상사고,0,0,1,0,차대사람 - 기타,안전운전불이행,건조,맑음,교차로 - 교차로안,기타불명,기타불명,기타불명,기타불명,보행자,남,12세,경상
2012041900100490,2012년 4월 19일 20시,목요일,충청북도 청주시 흥덕구 복대동,경상사고,0,0,1,0,차대차 - 측면직각충돌,신호위반,건조,맑음,교차로 - 교차로안,화물,남,58세,상해없음,승용,남,53세,경상
2012041900100491,2012년 4월 19일 20시,목요일,충청북도 청주시 흥덕구 분평동,경상사고,0,0,1,0,차대차 - 측면직각충돌,안전운전불이행,건조,맑음,교차로 - 교차로부근,승용,기타불명,기타불명,기타불명,승용,남,27세,경상
2012041900100522,2012년 4월 19일 21시,목요일,충청북도 청주시 흥덕구 지동동,중상사고,0,6,0,0,차대차 - 추돌 - 주정차중,중앙선침범,건조,맑음,교차로 - 교차로안,화물,남,49세,중상,승용,남,48세,중상
2012041900100605,2012년 4월 19일 23시,목요일,충청북도 청주시 상당구 용정동,중상사고,0,2,0,0,차대차 - 측면직각충돌,신호위반,건조,맑음,교차로 - 교차로안,화물,남,45세,상해없음,승용,여,28세,중상
2012042000100033,2012년 4월 20일 01시,금요일,충청북도 청주시 상당구 우암동,경상사고,0,0,1,0,차대차 - 기타,신호위반,습기,비,교차로 - 교차로안,승용,남,25세,상해없음,승용,남,48세,경상
2012042000100082,2012년 4월 20일 04시,금요일,충청북도 음성군 금왕읍,경상사고,0,0,1,0,차대사람 - 기타,안전운전불이행,건조,맑음,단일로 - 기타,승용,여,47세,상해없음,보행자,남,27세,경상