사고번호,사고일시,요일,시군구,사고내용,사망자수,중상자수,경상자수,부상신고자수,사고유형,법규위반,노면상태,기상상태,도로형태,가해운전자 차종,가해운전자 성별,가해운전자 연령,가해운전자 상해정도,피해운전자 차종,피해운전자 성별,피해운전자 연령,피해운전자 상해정도
2012042400100057,2012년 4월 24일 05시,화요일,충청북도 청주시 흥덕구 가경동,중상사고,0,1,1,0,차대차 - 측면직각충돌,교차로운행방법위반,건조,맑음,교차로 - 교차로안,승용,여,30세,경상,승용,남,51세,중상
2012042400100070,2012년 4월 24일 06시,화요일,충청북도 청원군 내수읍,경상사고,0,0,2,0,차대차 - 추돌 - 진행중,안전운전불이행,습기,안개,단일로 - 기타,화물,남,49세,경상,화물,남,58세,경상
2012042400100071,2012년 4월 24일 06시,화요일,충청북도 음성군 금왕읍,경상사고,0,0,2,0,차대차 - 측면직각충돌,안전운전불이행,습기,안개,교차로 - 교차로안,화물,남,62세,경상,화물,남,40세,경상
2012042400100093,2012년 4월 24일 07시,화요일,충청북도 청주시 흥덕구 산남동,경상사고,0,0,1,0,차대차 - 기타,신호위반,건조,맑음,교차로 - 교차로안,승용,남,34세,상해없음,자전거,남,17세,경상
2012042400100132,2012년 4월 24일 08시,화요일,충청북도 음성군 대소면,경상사고,0,0,1,0,차대차 - 추돌 - 주정차중,안전운전불이행,기타,안개,단일로 - 기타,승용,남,38세,상해없음,승용,여,37세,경상
2012042400100133,2012년 4월 24일 08시,화요일,충청북도 청주시 흥덕구 봉명동,중상사고,0,1,0,0,차대차 - 측면직각충돌,안전운전불이행,건조,맑음,단일로 - 기타,승용,여,32세,상해없음,자전거,남,31세,중상
2012042400100134,2012년 4월 24일 08시,화요일,충청북도 청주시 흥덕구 가경동,부상신고사고,0,0,0,1,차대차 - 추돌 - 주정차중,안전운전불이행,건조,맑음,교차로 - 교차로부근,화물,남,50세,상해없음,승용,여,27세,부상신고
2012042400100161,2012년 4월 24일 09시,화요일,충청북도 청주시 상당구 남주동,중상사고,0,1,0,0,차대차 - 기타,안전거리미확보,건조,맑음,단일로 - 기타,승용,남,39세,상해없음,이륜,남,49세,중상
2012042400100208,2012년 4월 24일 11시,화요일,충청북도 증평군 증평읍,경상사고,0,0,1,0,차량단독 - 기타,안전운전불이행,건조,맑음,단일로 - 기타,승합,남,59세,상해없음,,,,
2012042400100237,2012년 4월 24일 12시,화요일,충청북도 청주시 상당구 북문로1가동,중상사고,0,1,0,0,차대사람 - 차도통행중,안전운전불이행,건조,맑음,단일로 - 기타,승용,여,38세,상해없음,보행자,여,76세,중상
2012042400100238,2012년 4월 24일 12시,화요일,충청북도 청주시 상당구 용암동,경상사고,0,0,1,1,차대차 - 기타,차로위반,건조,맑음,단일로 - 기타,승용,여,35세,부상신고,건설기계,남,47세,경상
2012042400100266,2012년 4월 24일 13시,화요일,충청북도 청주시 상당구 수동,경상사고,0,0,1,0,차대차 - 기타,안전운전불이행,건조,맑음,단일로 - 기타,승용,남,64세,상해없음,이륜,남,20세,경상
2012042400100292,2012년 4월 24일 14시,화요일,충청북도 제천시 의림동,중상사고,0,1,0,0,차대사람 - 기타,안전운전불이행,건조,맑음,교차로 - 교차로안,승용,여,45세,상해없음,보행자,남,6세,중상
2012042400100293,2012년 4월 24일 14시,화요일,충청북도 청주시 흥덕구 봉명동,경상사고,0,0,2,0,차대차 - 측면직각충돌,신호위반,건조,맑음,교차로 - 교차로부근,승합,남,52세,상해없음,승용,남,36세,경상
2012042400100331,2012년 4월 24일 15시,화요일,충청북도 청주시 상당구 서문동,중상사고,0,1,0,0,차대차 - 측면직각충돌,안전운전불이행,건조,맑음,단일로 - 기타,승용,여,41세,상해없음,자전거,남,69세,중상
2012042400100332,2012년 4월 24일 15시,화요일,충청북도 옥천군 동이면,중상사고,0,1,0,0,차대차 - 측면직각충돌,직진우회전진행방해,건조,맑음,교차로 - 교차로안,화물,남,26세,상해없음,이륜,남,50세,중상
2012042400100405,2012년 4월 24일 17시,화요일,충청북도 충주시 문화동,경상사고,0,0,1,0,차대차 - 측면직각충돌,안전운전불이행,건조,맑음,교차로 - 교차로안,승합,여,32세,상해없음,승용,남,54세,경상
2012042400100406,2012년 4월 24일 17시,화요일,충청북도 음성군 대소면,경상사고,0,0,1,0,차대차 - 추돌 - 진행중,안전운전불이행,건조,맑음,교차로 - 교차로부근,승용,남,54세,상해없음,승합,여,31세,경상
2012042400100407,2012년 4월 24일 17시,화요일,충청북도 진천군 이월면,중상사고,0,1,1,0,차대차 - 추돌 - 진행중,안전거리미확보,건조,맑음,단일로 - 기타,승합,남,45세,중상,승용,남,29세,경상
2012042400100495,2012년 4월 24일 19시,화요일,충청북도 청주시 흥덕구 복대동,중상사고,0,1,0,0,차대사람 - 기타,안전운전불이행,건조,맑음,단일로 - 기타,자전거,남,54세,상해없음,보행자,여,57세,중상
2012042400100563,2012년 4월 24일 21시,화요일,충청북도 제천시 장락동,중상사고,0,1,2,0,차대차 - 측면직각충돌,중앙선침범,건조,맑음,단일로 - 기타,승용,여,31세,상해없음,화물,남,66세,경상
2012042400100564,2012년 4월 24일 21시,화요일,충청북도 청주시 흥덕구 사직동,경상사고,0,0,3,0,차대차 - 추돌 - 주정차중,안전운전불이행,건조,맑음,교차로 - 교차로부근,승용,남,64세,상해없음,승용,남,30세,경상
2012042400100605,2012년 4월 24일 22시,화요일,충청북도 청주시 상당구 용암동,경상사고,0,0,3,0,차대차 - 기타,중앙선침범,건조,맑음,단일로 - 기타,승용,남,28세,상해없음,승용,남,30세,경상
2012042400100645,2012년 4월 24일 23시,화요일,충청북도 청주시 흥덕구 봉명동,중상사고,0,1,1,0,차대차 - 추돌 - 주정차중,안전운전불이행,건조,맑음,교차로 - 교차로부근,승용,남,64세,상해없음,승용,남,46세,중상
2012042500100019,2012년 4월 25일 00시,수요일,충청북도 제천시 송학면,경상사고,0,0,1,0,차량단독 - 기타,안전운전불이행,건조,맑음,단일로 - 기타,화물,남,28세,경상,,,,
2012042500100087,2012년 4월 25일 06시,수요일,충청북도 제천시 교동,경상사고,0,0,6,0,차대차 - 추돌 - 주정차중,안전운전불이행,건조,맑음,교차로 - 교차로부근,승용,남,68세,상해없음,승합,남,55세,경상
2012042500100139,2012년 4월 25일 08시,수요일,충청북도 청원군 내수읍,사망사고,1,0,0,0,차대사람 - 횡단중,보행자보호의무위반,습기,비,단일로 - 횡단보도상,화물,남,41세,상해없음,보행자,여,77세,사망
2012042500100140,2012년 4월 25일 08시,수요일,충청북도 음성군 금왕읍,중상사고,0,1,1,0,차대차 - 측면직각충돌,안전운전불이행,건조,맑음,교차로 - 교차로부근,승용,여,38세,경상,승용,여,55세,중상
2012042500100173,2012년 4월 25일 09시,수요일,충청북도 증평군 도안면,경상사고,0,0,2,0,차대차 - 측면직각충돌,직진우회전진행방해,습기,흐림,교차로 - 교차로안,승용,남,52세,경상,승용,남,51세,경상
2012042500100218,2012년 4월 25일 11시,수요일,충청북도 청주시 상당구 용암동,중상사고,0,1,0,0,차량단독 - 기타,안전운전불이행,건조,맑음,단일로 - 기타,승합,남,58세,상해없음,,,,
2012042500100243,2012년 4월 25일 12시,수요일,충청북도 제천시 중앙로1가,경상사고,0,0,1,0,차대사람 - 횡단중,안전운전불이행,습기,비,교차로 - 교차로안,승용,여,51세,상해없음,보행자,여,59세,경상
2012042500100295,2012년 4월 25일 14시,수요일,충청북도 청원군 내수읍,경상사고,0,0,4,0,차대차 - 정면충돌,중앙선침범,건조,맑음,단일로 - 기타,승합,남,69세,상해없음,화물,여,43세,경상
2012042500100296,2012년 4월 25일 14시,수요일,충청북도 단양군 매포읍,중상사고,0,1,0,0,차대차 - 측면직각충돌,교차로운행방법위반,습기,비,교차로 - 교차로안,승용,남,44세,상해없음,화물,남,31세,중상
2012042500100297,2012년 4월 25일 14시,수요일,충청북도 청주시 상당구 영운동,경상사고,0,0,2,0,차대차 - 기타,신호위반,습기,비,교차로 - 교차로안,승용,여,42세,경상,이륜,남,58세,경상
2012042500100364,2012년 4월 25일 16시,수요일,충청북도 충주시 주덕읍,중상사고,0,2,1,0,차대차 - 추돌 - 주정차중,안전운전불이행,습기,비,단일로 - 기타,승용,여,45세,경상,화물,남,46세,중상
2012042500100365,2012년 4월 25일 16시,수요일,충청북도 제천시 교동,중상사고,0,1,1,0,차대차 - 측면직각충돌,직진우회전진행방해,습기,비,교차로 - 교차로안,승용,남,62세,상해없음,승용,남,51세,중상
2012042500100397,2012년 4월 25일 17시,수요일,충청북도 충주시 봉방동,중상사고,0,1,0,0,차대차 - 추돌 - 진행중,안전거리미확보,습기,비,교차로 - 교차로부근,화물,기타불명,기타불명,기타불명,승합,남,56세,상해없음
2012042500100438,2012년 4월 25일 18시,수요일,충청북도 제천시 송학면,중상사고,0,3,2,0,차대차 - 기타,안전운전불이행,습기,비,단일로 - 기타,승용,남,45세,경상,승용,남,42세,상해없음
2012042500100439,2012년 4월 25일 18시,수요일,충청북도 보은군 보은읍,경상사고,0,0,1,0,차대차 - 추돌 - 진행중,교차로운행방법위반,습기,비,교차로 - 교차로안,화물,남,41세,상해없음,원동기,남,20세,경상
2012042500100517,2012년 4월 25일 20시,수요일,충청북도 충주시 교현동,경상사고,0,0,1,0,차대사람 - 횡단중,안전운전불이행,습기,비,단일로 - 기타,승용,여,51세,상해없음,보행자,여,23세,경상
2012042500100518,2012년 4월 25일 20시,수요일,충청북도 제천시 중앙로1가,경상사고,0,0,1,0,차대사람 - 기타,안전운전불이행,습기,비,단일로 - 기타,기타불명,기타불명,기타불명,기타불명,보행자,남,17세,경상
2012042500100578,2012년 4월 25일 21시,수요일,충청북도 청주시 흥덕구 복대동,중상사고,0,1,1,0,차대차 - 측면직각충돌,안전거리미확보,습기,비,교차로 - 교차로부근,승용,여,28세,중상,승용,여,33세,상해없음
2012042500100625,2012년 4월 25일 22시,수요일,충청북도 청주시 흥덕구 운천동,경상사고,0,0,1,0,차대차 - 측면직각충돌,신호위반,건조,맑음,교차로 - 교차로안,승용,남,26세,상해없음,승용,여,32세,경상
2012042500100688,2012년 4월 25일 23시,수요일,충청북도 제천시 고암동,중상사고,0,2,0,0,차대차 - 기타,안전운전불이행,습기,비,교차로 - 교차로부근,승용,남,39세,상해없음,승용,여,49세,중상
2012042500100689,2012년 4월 25일 23시,수요일,충청북도 청주시 흥덕구 봉명동,경상사고,0,0,1,0,차량단독 - 공작물충돌,안전운전불이행,건조,맑음,단일로 - 기타,원동기,남,17세,경상,,,,
2012042600100136,2012년 4월 26일 06시,목요일,충청북도 진천군 이월면,중상사고,0,1,0,0,차대사람 - 기타,중앙선침범,습기,맑음,단일로 - 기타,승용,남,26세,상해없음,보행자,여,52세,중상
2012042600100154,2012년 4월 26일 07시,목요일,충청북도 청주시 상당구 율량동,경상사고,0,0,1,0,차대사람 - 기타,안전운전불이행,건조,맑음,단일로 - 기타,승용,여,50세,기타불명,보행자,여,17세,경상
2012042600100155,2012년 4월 26일 07시,목요일,충청북도 충주시 안림동,사망사고,1,0,0,0,차대차 - 추돌 - 진행중,안전운전불이행,건조,맑음,단일로 - 기타,승합,남,43세,상해없음,자전거,남,54세,사망
2012042600100156,2012년 4월 26일 07시,목요일,충청북도 청주시 흥덕구 모충동,중상사고,0,1,1,0,차대차 - 측면직각충돌,신호위반,건조,맑음,교차로 - 교차로안,승합,남,51세,상해없음,승용,여,45세,중상
2012042600100157,2012년 4월 26일 07시,목요일,충청북도 청주시 흥덕구 산남동,중상사고,0,1,0,0,차대사람 - 횡단중,보행자보호의무위반,건조,맑음,교차로 - 교차로부근,화물,남,32세,상해없음,보행자,남,54세,중상
2012042600100158,2012년 4월 26일 07시,목요일,충청북도 청원군 남이면,경상사고,0,0,4,0,차대차 - 추돌 - 진행중,안전운전불이행,건조,맑음,단일로 - 기타,승용,남,44세,경상,승용,남,48세,경상
2012042600100159,2012년 4월 26일 07시,목요일,충청북도 청주시 흥덕구 산남동,경상사고,0,0,3,0,차대차 - 기타,안전거리미확보,건조,맑음,단일로 - 기타,승용,남,30세,경상,승용,남,48세,경상
2012042600100240,2012년 4월 26일 09시,목요일,충청북도 청주시 흥덕구 모충동,중상사고,0,1,0,0,차대사람 - 기타,안전운전불이행,건조,맑음,단일로 - 기타,승용,여,50세,상해없음,보행자,여,52세,중상
2012042600100275,2012년 4월 26일 10시,목요일,충청북도 진천군 광혜원면,사망사고,1,0,0,0,차대사람 - 기타,안전운전불이행,건조,맑음,기타 - 기타,승용,여,35세,상해없음,보행자,남,57세,사망
2012042600100305,2012년 4월 26일 11시,목요일,충청북도 청주시 상당구 금천동,경상사고,0,0,2,0,차대차 - 측면직각충돌,교차로운행방법위반,건조,맑음,교차로 - 교차로안,승용,여,44세,경상,승용,여,40세,경상
2012042600100306,2012년 4월 26일 11시,목요일,충청북도 충주시 문화동,경상사고,0,0,4,0,차대차 - 추돌 - 진행중,안전운전불이행,건조,맑음,교차로 - 교차로안,승용,남,71세,상해없음,승용,남,46세,경상
2012042600100307,2012년 4월 26일 11시,목요일,충청북도 청주시 흥덕구 수곡동,경상사고,0,0,1,0,차대차 - 기타,안전운전불이행,건조,맑음,교차로 - 교차로안,승용,남,69세,상해없음,이륜,남,60세,경상
2012042600100339,2012년 4월 26일 12시,목요일,충청북도 제천시 중앙로1가,중상사고,0,1,1,0,차대차 - 측면직각충돌,안전거리미확보,건조,맑음,단일로 - 기타,화물,남,44세,상해없음,승용,여,39세,중상
2012042600100404,2012년 4월 26일 14시,목요일,충청북도 충주시 칠금동,중상사고,0,1,3,1,차대차 - 추돌 - 진행중,직진우회전진행방해,건조,맑음,교차로 - 교차로안,승용,여,36세,부상신고,화물,남,43세,경상
2012042600100444,2012년 4월 26일 15시,목요일,충청북도 청원군 오창읍,중상사고,0,1,0,0,차대사람 - 기타,신호위반,건조,맑음,교차로 - 교차로안,화물,남,57세,상해없음,보행자,남,11세,중상
2012042600100490,2012년 4월 26일 16시,목요일,충청북도 충주시 교현동,경상사고,0,0,1,0,차대사람 - 길가장자리구역통행중,안전운전불이행,건조,맑음,교차로 - 교차로부근,승용,남,32세,상해없음,보행자,여,14세,경상
2012042600100491,2012년 4월 26일 16시,목요일,충청북도 충주시 연수동,중상사고,0,1,0,0,차대차 - 추돌 - 주정차중,안전거리미확보,건조,맑음,교차로 - 교차로부근,승용,남,33세,상해없음,승용,여,50세,중상
2012042600100528,2012년 4월 26일 17시,목요일,충청북도 청주시 상당구 주성동,경상사고,0,0,1,0,차대차 - 기타,중앙선침범,건조,맑음,교차로 - 교차로부근,승용,남,40세,상해없음,승용,여,27세,경상
2012042600100529,2012년 4월 26일 17시,목요일,충청북도 증평군 증평읍,경상사고,0,0,1,0,차대사람 - 차도통행중,중앙선침범,건조,맑음,단일로 - 기타,자전거,남,25세,상해없음,보행자,여,58세,경상
2012042600100574,2012년 4월 26일 18시,목요일,충청북도 제천시 금성면,중상사고,0,1,0,0,차대사람 - 기타,안전운전불이행,건조,맑음,단일로 - 기타,승용,남,41세,상해없음,보행자,남,84세,중상
2012042600100575,2012년 4월 26일 18시,목요일,충청북도 영동군 용산면,중상사고,0,1,0,0,차대차 - 측면직각충돌,교차로운행방법위반,건조,맑음,교차로 - 교차로안,승용,여,25세,상해없음,원동기,남,72세,중상
2012042600100576,2012년 4월 26일 18시,목요일,충청북도 청주시 흥덕구 복대동,중상사고,0,1,0,0,차대차 - 측면직각충돌,안전운전불이행,건조,맑음,단일로 - 기타,이륜,남,63세,중상,승용,남,39세,상해없음
2012042600100623,2012년 4월 26일 19시,목요일,충청북도 청원군 북이면,경상사고,0,0,2,0,차대차 - 기타,안전운전불이행,건조,맑음,단일로 - 기타,화물,남,72세,경상,승용,남,31세,경상
2012042600100661,2012년 4월 26일 20시,목요일,충청북도 청주시 상당구 내덕동,경상사고,0,0,2,0,차대차 - 추돌 - 주정차중,안전운전불이행,건조,맑음,단일로 - 기타,승용,남,41세,상해없음,승용,남,27세,경상
2012042600100687,2012년 4월 26일 21시,목요일,충청북도 영동군 영동읍,부상신고사고,0,0,0,1,차량단독 - 공작물충돌,안전운전불이행,건조,맑음,교차로 - 교차로안,원동기,남,51세,부상신고,,,,
2012042600100688,2012년 4월 26일 21시,목요일,충청북도 괴산군 소수면,사망사고,1,1,0,0,차대차 - 정면충돌,중앙선침범,건조,맑음,단일로 - 기타,화물,여,49세,사망,화물,남,39세,중상
2012042600100689,2012년 4월 26일 21시,목요일,충청북도 청주시 흥덕구 복대동,경상사고,0,0,1,0,차대사람 - 기타,보행자보호의무위반,건조,맑음,단일로 - 횡단보도상,승용,남,38세,상해없음,보행자,남,19세,경상
2012042600100690,2012년 4월 26일 21시,목요일,충청북도 청주시 흥덕구 수곡동,경상사고,0,0,1,0,차대차 - 기타,안전운전불이행,건조,맑음,단일로 - 기타,원동기,남,17세,경상,승용,남,56세,상해없음
2012042600100726,2012년 4월 26일 22시,목요일,충청북도 청원군 북이면,경상사고,0,0,5,0,차대차 - 기타,안전거리미확보,건조,맑음,단일로 - 기타,승용,여,32세,상해없음,승용,남,38세,상해없음
2012042600100727,2012년 4월 26일 22시,목요일,충청북도 청주시 흥덕구 사창동,중상사고,0,1,0,0,차대차 - 측면직각충돌,신호위반,건조,맑음,교차로 - 교차로안,승용,남,19세,상해없음,승용,남,52세,상해없음
2012042600100728,2012년 4월 26일 22시,목요일,충청북도 청원군 미원면,중상사고,0,1,0,0,차량단독 - 공작물충돌,안전운전불이행,건조,맑음,단일로 - 기타,화물,남,46세,상해없음,,,,
2012042600100767,2012년 4월 26일 23시,목요일,충청북도 청주시 흥덕구 비하동,경상사고,0,0,1,0,차대차 - 측면직각충돌,안전운전불이행,건조,맑음,단일로 - 기타,승용,여,59세,상해없음,승용,남,40세,경상
2012042700100015,2012년 4월 27일 00시,금요일,충청북도 청주시 흥덕구 신봉동,경상사고,0,0,1,0,차대차 - 측면직각충돌,안전운전불이행,건조,맑음,단일로 - 기타,승용,남,29세,상해없음,승용,남,27세,경상
2012042700100065,2012년 4월 27일 02시,금요일,충청북도 청주시 흥덕구 송정동,중상사고,0,2,0,0,차대사람 - 기타,신호위반,건조,맑음,교차로 - 교차로부근,승용,남,61세,상해없음,보행자,남,30세,중상
2012042700100131,2012년 4월 27일 07시,금요일,충청북도 충주시 목행동,중상사고,0,5,1,0,차대차 - 추돌 - 주정차중,안전거리미확보,건조,맑음,단일로 - 기타,화물,남,37세,상해없음,건설기계,남,49세,상해없음
2012042700100132,2012년 4월 27일 07시,금요일,충청북도 제천시 서부동,경상사고,0,0,1,0,차대사람 - 횡단중,안전운전불이행,건조,맑음,단일로 - 기타,승용,남,43세,상해없음,보행자,여,68세,경상
2012042700100133,2012년 4월 27일 07시,금요일,충청북도 음성군 원남면,중상사고,0,1,2,0,차대차 - 추돌 - 진행중,안전운전불이행,건조,맑음,단일로 - 기타,승용,여,43세,경상,승용,남,25세,상해없음
2012042700100167,2012년 4월 27일 08시,금요일,충청북도 청주시 흥덕구 가경동,경상사고,0,0,2,0,차대차 - 기타,안전운전불이행,건조,맑음,단일로 - 기타,승용,남,22세,상해없음,승용,여,28세,경상
2012042700100168,2012년 4월 27일 08시,금요일,충청북도 청주시 흥덕구 분평동,경상사고,0,0,1,0,차대차 - 추돌 - 진행중,안전거리미확보,건조,맑음,교차로 - 교차로안,승용,남,34세,상해없음,승용,남,27세,경상
2012042700100201,2012년 4월 27일 09시,금요일,충청북도 청주시 흥덕구 비하동,중상사고,0,1,2,0,차대차 - 측면직각충돌,안전운전불이행,건조,맑음,단일로 - 기타,승용,여,38세,중상,승용,남,33세,경상
2012042700100254,2012년 4월 27일 11시,금요일,충청북도 청주시 상당구 남문로1가동,경상사고,0,0,1,0,차대차 - 기타,안전운전불이행,건조,맑음,단일로 - 기타,승용,여,42세,상해없음,자전거,남,88세,경상
2012042700100272,2012년 4월 27일 12시,금요일,충청북도 제천시 명동,중상사고,0,1,0,0,차대차 - 측면직각충돌,안전운전불이행,건조,맑음,단일로 - 기타,기타불명,기타불명,기타불명,기타불명,원동기,남,70세,중상
2012042700100309,2012년 4월 27일 13시,금요일,충청북도 충주시 동량면,중상사고,0,1,2,0,차대차 - 추돌 - 진행중,중앙선침범,건조,맑음,단일로 - 기타,승용,여,60세,상해없음,승용,남,73세,경상
2012042700100340,2012년 4월 27일 14시,금요일,충청북도 청주시 상당구 율량동,경상사고,0,0,2,0,차대차 - 추돌 - 진행중,안전운전불이행,건조,맑음,교차로 - 교차로안,승용,여,50세,상해없음,승합,남,48세,상해없음
2012042700100341,2012년 4월 27일 14시,금요일,충청북도 영동군 학산면,중상사고,0,1,0,0,차량단독 - 전도전복,안전운전불이행,건조,맑음,단일로 - 기타,승용,여,21세,중상,,,,
2012042700100372,2012년 4월 27일 15시,금요일,충청북도 충주시 호암동,중상사고,0,1,0,0,차대차 - 추돌 - 진행중,안전운전불이행,건조,맑음,단일로 - 기타,이륜,남,18세,중상,이륜,남,17세,상해없음
2012042700100373,2012년 4월 27일 15시,금요일,충청북도 청주시 흥덕구 사직동,경상사고,0,0,1,0,차대사람 - 횡단중,보행자보호의무위반,건조,맑음,단일로 - 횡단보도상,승용,남,26세,상해없음,보행자,여,8세,경상
2012042700100374,2012년 4월 27일 15시,금요일,충청북도 청주시 흥덕구 분평동,경상사고,0,0,1,0,차대차 - 기타,안전운전불이행,건조,맑음,교차로 - 교차로부근,화물,남,46세,상해없음,승합,남,57세,경상
2012042700100417,2012년 4월 27일 16시,금요일,충청북도 청주시 상당구 금천동,중상사고,0,1,1,0,차대차 - 기타,교차로운행방법위반,건조,맑음,교차로 - 교차로안,승용,남,67세,상해없음,이륜,남,16세,중상
2012042700100418,2012년 4월 27일 16시,금요일,충청북도 청주시 흥덕구 사직동,경상사고,0,0,1,0,차대차 - 기타,안전운전불이행,건조,맑음,교차로 - 교차로부근,승용,여,43세,상해없음,승용,남,50세,상해없음
2012042700100456,2012년 4월 27일 17시,금요일,충청북도 제천시 하소동,중상사고,0,1,3,0,차대차 - 추돌 - 주정차중,안전운전불이행,건조,맑음,교차로 - 교차로부근,승용,남,25세,상해없음,승용,여,19세,경상
2012042700100457,2012년 4월 27일 17시,금요일,충청북도 제천시 화산동,중상사고,0,1,0,0,차대사람 - 횡단중,보행자보호의무위반,건조,맑음,교차로 - 교차로안,승용,여,47세,상해없음,보행자,여,45세,중상
2012042700100458,2012년 4월 27일 17시,금요일,충청북도 괴산군 청천면,중상사고,0,1,0,0,차대차 - 측면직각충돌,중앙선침범,건조,맑음,단일로 - 기타,화물,남,42세,상해없음,이륜,남,70세,중상
2012042700100510,2012년 4월 27일 18시,금요일,충청북도 청주시 상당구 명암동,중상사고,0,1,0,0,차량단독 - 공작물충돌,안전운전불이행,건조,맑음,단일로 - 기타,화물,남,42세,중상,,,,
2012042700100511,2012년 4월 27일 18시,금요일,충청북도 청주시 흥덕구 산남동,경상사고,0,0,1,0,차대차 - 추돌 - 진행중,불법유턴,건조,맑음,교차로 - 교차로부근,승용,남,57세,상해없음,승용,남,30세,경상
2012042700100562,2012년 4월 27일 19시,금요일,충청북도 보은군 수한면,중상사고,0,2,0,0,차대차 - 측면직각충돌,교차로운행방법위반,건조,맑음,교차로 - 교차로안,승용,남,64세,중상,승용,남,66세,중상
2012042700100673,2012년 4월 27일 22시,금요일,충청북도 음성군 음성읍,경상사고,0,0,2,0,차대차 - 정면충돌,중앙선침범,건조,맑음,단일로 - 기타,승용,여,35세,상해없음,승용,남,28세,경상
2012042700100674,2012년 4월 27일 22시,금요일,충청북도 음성군 금왕읍,경상사고,0,0,1,0,차대차 - 측면직각충돌,교차로운행방법위반,건조,맑음,교차로 - 교차로안,승용,여,39세,상해없음,승용,남,33세,경상
2012042700100675,2012년 4월 27일 22시,금요일,충청북도 청주시 흥덕구 봉명동,사망사고,1,0,0,0,차대사람 - 횡단중,안전운전불이행,건조,맑음,교차로 - 교차로안,승용,남,53세,상해없음,보행자,여,69세,사망
2012042700100676,2012년 4월 27일 22시,금요일,충청북도 청주시 흥덕구 복대동,경상사고,0,0,1,0,차대차 - 측면직각충돌,안전거리미확보,건조,맑음,단일로 - 기타,승용,남,52세,상해없음,이륜,남,18세,경상
2012042800100019,2012년 4월 28일 00시,토요일,충청북도 충주시 목행동,중상사고,0,1,0,0,차량단독 - 도로외이탈 - 기타,안전운전불이행,건조,맑음,단일로 - 기타,원동기,남,24세,중상,,,,
2012042800100053,2012년 4월 28일 02시,토요일,충청북도 청주시 상당구 내덕동,경상사고,0,0,1,0,차대차 - 측면직각충돌,교차로운행방법위반,건조,맑음,교차로 - 교차로안,승용,여,44세,상해없음,승용,남,56세,상해없음
2012042800100087,2012년 4월 28일 04시,토요일,충청북도 청주시 흥덕구 개신동,경상사고,0,0,1,0,차대차 - 기타,안전운전불이행,건조,맑음,교차로 - 교차로부근,승용,여,24세,상해없음,승용,남,53세,상해없음
2012042800100100,2012년 4월 28일 05시,토요일,충청북도 청주시 상당구 우암동,경상사고,0,0,1,0,차대차 - 측면직각충돌,안전운전불이행,건조,맑음,단일로 - 기타,승용,남,68세,상해없음,승용,여,31세,경상
2012042800100101,2012년 4월 28일 05시,토요일,충청북도 청주시 흥덕구 지동동,중상사고,0,1,1,0,차대차 - 측면직각충돌,안전운전불이행,건조,맑음,교차로 - 교차로안,승용,남,33세,경상,승용,남,37세,중상
2012042800100162,2012년 4월 28일 08시,토요일,충청북도 청주시 흥덕구 미평동,경상사고,0,0,1,0,차대차 - 기타,안전운전불이행,건조,맑음,교차로 - 교차로안,승용,여,38세,상해없음,승용,남,25세,경상
2012042800100218,2012년 4월 28일 10시,토요일,충청북도 옥천군 옥천읍,경상사고,0,0,1,0,차대사람 - 횡단중,안전운전불이행,건조,맑음,단일로 - 기타,승용,남,64세,상해없음,보행자,여,52세,경상
2012042800100219,2012년 4월 28일 10시,토요일,충청북도 청주시 흥덕구 수곡동,중상사고,0,1,0,0,차량단독 - 기타,기타,건조,맑음,단일로 - 기타,승합,남,44세,상해없음,,,,
2012042800100284,2012년 4월 28일 12시,토요일,충청북도 청주시 상당구 석교동,중상사고,0,1,0,0,차대차 - 추돌 - 주정차중,안전운전불이행,건조,맑음,교차로 - 교차로부근,승용,여,56세,상해없음,승용,남,51세,중상
2012042800100285,2012년 4월 28일 12시,토요일,충청북도 제천시 하소동,중상사고,0,1,0,0,차대차 - 측면직각충돌,중앙선침범,건조,맑음,교차로 - 교차로부근,승용,남,51세,상해없음,승용,남,42세,중상
2012042800100286,2012년 4월 28일 12시,토요일,충청북도 괴산군 장연면,사망사고,1,0,0,0,차량단독 - 전도전복,안전운전불이행,건조,맑음,단일로 - 기타,원동기,남,66세,사망,,,,
2012042800100318,2012년 4월 28일 13시,토요일,충청북도 충주시 칠금동,경상사고,0,0,1,0,차대사람 - 기타,안전운전불이행,건조,맑음,단일로 - 기타,승용,남,55세,상해없음,보행자,남,20세,경상
2012042800100351,2012년 4월 28일 14시,토요일,충청북도 괴산군 문광면,경상사고,0,0,1,0,차량단독 - 전도전복,안전운전불이행,건조,맑음,단일로 - 기타,이륜,남,29세,경상,,,,
2012042800100352,2012년 4월 28일 14시,토요일,충청북도 괴산군 괴산읍,경상사고,0,0,1,0,차대차 - 측면직각충돌,직진우회전진행방해,건조,맑음,교차로 - 교차로안,농기계,남,76세,경상,승합,남,59세,상해없음
2012042800100353,2012년 4월 28일 14시,토요일,충청북도 괴산군 소수면,중상사고,0,1,0,0,차대차 - 측면직각충돌,안전운전불이행,건조,맑음,단일로 - 기타,승용,남,56세,상해없음,원동기,남,64세,중상