사고번호,사고일시,요일,시군구,사고내용,사망자수,중상자수,경상자수,부상신고자수,사고유형,법규위반,노면상태,기상상태,도로형태,가해운전자 차종,가해운전자 성별,가해운전자 연령,가해운전자 상해정도,피해운전자 차종,피해운전자 성별,피해운전자 연령,피해운전자 상해정도
2012050700100402,2012년 5월 7일 17시,월요일,충청북도 청원군 문의면,중상사고,0,2,1,0,차대차 - 측면직각충돌,직진우회전진행방해,건조,맑음,교차로 - 교차로안,승용,여,34세,경상,승용,남,24세,중상
2012050700100437,2012년 5월 7일 18시,월요일,충청북도 충주시 금릉동,경상사고,0,0,3,0,차량단독 - 공작물충돌,안전운전불이행,건조,맑음,단일로 - 기타,승합,남,67세,상해없음,,,,
2012050700100560,2012년 5월 7일 21시,월요일,충청북도 음성군 음성읍,중상사고,0,1,0,0,차대사람 - 횡단중,안전운전불이행,건조,맑음,단일로 - 교량,승용,남,52세,상해없음,보행자,여,70세,중상
2012050700100613,2012년 5월 7일 23시,월요일,충청북도 청주시 상당구 사천동,경상사고,0,0,1,0,차대차 - 측면직각충돌,직진우회전진행방해,건조,맑음,교차로 - 교차로안,원동기,남,21세,경상,승용,여,29세,상해없음
2012050800100086,2012년 5월 8일 07시,화요일,충청북도 청주시 상당구 율량동,경상사고,0,0,3,0,차대차 - 기타,안전거리미확보,건조,맑음,단일로 - 기타,승합,남,31세,상해없음,승용,여,43세,경상
2012050800100115,2012년 5월 8일 08시,화요일,충청북도 충주시 문화동,중상사고,0,2,0,0,차대차 - 추돌 - 진행중,안전운전불이행,건조,맑음,교차로 - 교차로부근,승합,남,46세,상해없음,승용,남,57세,상해없음
2012050800100116,2012년 5월 8일 08시,화요일,충청북도 청주시 흥덕구 비하동,중상사고,0,1,0,0,차대차 - 기타,중앙선침범,건조,흐림,단일로 - 기타,승합,여,56세,상해없음,자전거,남,58세,중상
2012050800100117,2012년 5월 8일 08시,화요일,충청북도 청주시 흥덕구 복대동,경상사고,0,0,2,0,차대차 - 측면직각충돌,교차로운행방법위반,건조,맑음,교차로 - 교차로안,승용,여,26세,경상,승용,남,42세,경상
2012050800100156,2012년 5월 8일 09시,화요일,충청북도 음성군 감곡면,경상사고,0,0,3,0,차대차 - 추돌 - 주정차중,안전운전불이행,건조,맑음,교차로 - 교차로안,승용,여,59세,상해없음,승용,남,58세,경상
2012050800100233,2012년 5월 8일 12시,화요일,충청북도 청주시 상당구 용암동,경상사고,0,0,5,0,차대차 - 기타,교차로운행방법위반,건조,맑음,교차로 - 교차로안,화물,남,53세,경상,승용,남,46세,경상
2012050800100256,2012년 5월 8일 13시,화요일,충청북도 충주시 달천동,중상사고,0,1,1,0,차대차 - 측면직각충돌,신호위반,건조,맑음,교차로 - 교차로안,승용,남,62세,상해없음,승용,남,52세,중상
2012050800100257,2012년 5월 8일 13시,화요일,충청북도 영동군 영동읍,경상사고,0,0,1,0,차대차 - 측면직각충돌,안전운전불이행,건조,맑음,교차로 - 교차로부근,승용,남,34세,상해없음,자전거,남,77세,경상
2012050800100285,2012년 5월 8일 14시,화요일,충청북도 청주시 흥덕구 봉명동,경상사고,0,0,1,0,차대차 - 측면직각충돌,안전운전불이행,건조,맑음,교차로 - 교차로부근,원동기,여,41세,경상,화물,남,48세,상해없음
2012050800100320,2012년 5월 8일 15시,화요일,충청북도 청주시 상당구 석교동,경상사고,0,0,1,0,차대사람 - 기타,안전운전불이행,건조,맑음,단일로 - 기타,승용,여,52세,상해없음,보행자,남,57세,경상
2012050800100321,2012년 5월 8일 15시,화요일,충청북도 제천시 백운면,중상사고,0,3,0,0,차대차 - 기타,안전거리미확보,건조,맑음,단일로 - 터널,기타불명,기타불명,기타불명,기타불명,승용,여,28세,중상
2012050800100322,2012년 5월 8일 15시,화요일,충청북도 음성군 대소면,중상사고,0,1,0,0,차대사람 - 횡단중,안전운전불이행,건조,맑음,교차로 - 교차로부근,화물,남,57세,상해없음,보행자,여,7세,중상
2012050800100355,2012년 5월 8일 16시,화요일,충청북도 청주시 상당구 석교동,중상사고,0,1,0,0,차대차 - 기타,안전운전불이행,건조,맑음,단일로 - 기타,승용,남,77세,상해없음,자전거,남,65세,중상
2012050800100356,2012년 5월 8일 16시,화요일,충청북도 청주시 상당구 율량동,경상사고,0,0,2,0,차대사람 - 횡단중,보행자보호의무위반,건조,맑음,교차로 - 교차로부근,승용,남,42세,상해없음,보행자,여,9세,경상
2012050800100357,2012년 5월 8일 16시,화요일,충청북도 충주시 단월동,중상사고,0,1,1,0,차대차 - 측면직각충돌,안전운전불이행,건조,맑음,교차로 - 교차로안,승용,남,78세,상해없음,화물,남,59세,경상
2012050800100358,2012년 5월 8일 16시,화요일,충청북도 증평군 증평읍,경상사고,0,0,1,0,차대차 - 측면직각충돌,교차로운행방법위반,건조,맑음,교차로 - 교차로안,이륜,남,24세,경상,승용,남,53세,상해없음
2012050800100359,2012년 5월 8일 16시,화요일,충청북도 청원군 오송읍,중상사고,0,1,0,0,차대사람 - 횡단중,안전운전불이행,건조,맑음,단일로 - 기타,승용,남,73세,상해없음,보행자,남,7세,중상
2012050800100396,2012년 5월 8일 17시,화요일,충청북도 제천시 왕암동,중상사고,0,2,1,0,차대차 - 측면직각충돌,안전운전불이행,건조,맑음,교차로 - 교차로안,승용,남,56세,중상,승용,여,35세,경상
2012050800100397,2012년 5월 8일 17시,화요일,충청북도 진천군 초평면,경상사고,0,0,1,0,차대차 - 측면직각충돌,안전운전불이행,건조,흐림,기타 - 기타,농기계,남,73세,기타불명,승용,여,31세,상해없음
2012050800100448,2012년 5월 8일 18시,화요일,충청북도 제천시 청전동,경상사고,0,0,1,0,차대차 - 측면직각충돌,직진우회전진행방해,건조,맑음,교차로 - 교차로안,승용,남,52세,상해없음,화물,남,71세,경상
2012050800100449,2012년 5월 8일 18시,화요일,충청북도 음성군 삼성면,경상사고,0,0,1,0,차대사람 - 차도통행중,안전운전불이행,건조,맑음,단일로 - 기타,승용,여,31세,상해없음,보행자,남,69세,경상
2012050800100484,2012년 5월 8일 19시,화요일,충청북도 청주시 흥덕구 가경동,중상사고,0,1,0,0,차대차 - 정면충돌,중앙선침범,건조,맑음,단일로 - 교량,승용,남,39세,상해없음,이륜,남,22세,중상
2012050800100526,2012년 5월 8일 20시,화요일,충청북도 청주시 상당구 석교동,경상사고,0,0,1,0,차대차 - 기타,안전운전불이행,건조,맑음,교차로 - 교차로부근,승용,여,48세,상해없음,승용,남,56세,경상
2012050800100527,2012년 5월 8일 20시,화요일,충청북도 청주시 상당구 서문동,중상사고,0,1,0,0,차대차 - 기타,안전운전불이행,습기,비,단일로 - 기타,화물,남,60세,상해없음,이륜,남,43세,중상
2012050800100528,2012년 5월 8일 20시,화요일,충청북도 청주시 흥덕구 수곡동,중상사고,0,3,10,0,차대차 - 기타,안전운전불이행,습기,흐림,단일로 - 기타,승용,남,30세,상해없음,승합,남,54세,경상
2012050800100570,2012년 5월 8일 21시,화요일,충청북도 청주시 상당구 금천동,경상사고,0,0,1,0,차대사람 - 기타,안전운전불이행,건조,맑음,단일로 - 기타,기타불명,기타불명,기타불명,기타불명,보행자,남,48세,경상
2012050800100571,2012년 5월 8일 21시,화요일,충청북도 청원군 강내면,경상사고,0,0,3,0,차대차 - 추돌 - 주정차중,안전운전불이행,건조,맑음,교차로 - 교차로부근,승용,남,33세,경상,승용,남,24세,상해없음
2012050800100642,2012년 5월 8일 23시,화요일,충청북도 음성군 감곡면,사망사고,1,0,0,0,차대사람 - 기타,안전운전불이행,건조,맑음,단일로 - 기타,승용,남,34세,상해없음,보행자,남,18세,사망
2012050900100008,2012년 5월 9일 00시,수요일,충청북도 청주시 흥덕구 수곡동,경상사고,0,0,2,0,차대차 - 기타,안전운전불이행,건조,맑음,교차로 - 교차로안,승용,남,50세,상해없음,승용,남,62세,경상
2012050900100112,2012년 5월 9일 08시,수요일,충청북도 제천시 하소동,경상사고,0,0,1,0,차대사람 - 횡단중,보행자보호의무위반,건조,맑음,교차로 - 교차로부근,기타불명,기타불명,기타불명,기타불명,보행자,여,12세,경상
2012050900100113,2012년 5월 9일 08시,수요일,충청북도 청주시 흥덕구 향정동,중상사고,0,1,0,0,차대차 - 측면직각충돌,신호위반,건조,맑음,교차로 - 교차로안,승용,남,52세,상해없음,승용,남,29세,중상
2012050900100151,2012년 5월 9일 09시,수요일,충청북도 보은군 보은읍,중상사고,0,1,0,0,차대사람 - 기타,안전운전불이행,건조,맑음,단일로 - 기타,승용,남,57세,상해없음,보행자,여,70세,중상
2012050900100152,2012년 5월 9일 09시,수요일,충청북도 옥천군 옥천읍,중상사고,0,1,1,0,차대차 - 측면직각충돌,안전운전불이행,건조,맑음,교차로 - 교차로안,화물,남,44세,상해없음,승용,남,49세,중상
2012050900100153,2012년 5월 9일 09시,수요일,충청북도 청주시 흥덕구 봉명동,경상사고,0,0,3,0,차대차 - 측면직각충돌,교차로운행방법위반,건조,맑음,교차로 - 교차로안,승용,여,42세,경상,승용,남,38세,경상
2012050900100331,2012년 5월 9일 15시,수요일,충청북도 제천시 청전동,경상사고,0,0,1,0,차대사람 - 횡단중,보행자보호의무위반,건조,맑음,단일로 - 기타,승용,남,23세,상해없음,보행자,여,10세,경상
2012050900100395,2012년 5월 9일 17시,수요일,충청북도 제천시 천남동,중상사고,0,2,0,0,차대차 - 측면직각충돌,신호위반,건조,맑음,교차로 - 교차로안,승용,남,32세,상해없음,이륜,남,26세,중상
2012050900100396,2012년 5월 9일 17시,수요일,충청북도 음성군 맹동면,중상사고,0,1,0,0,차대차 - 측면직각충돌,신호위반,건조,맑음,교차로 - 교차로안,농기계,남,70세,중상,화물,남,30세,상해없음
2012050900100435,2012년 5월 9일 18시,수요일,충청북도 청원군 오창읍,경상사고,0,0,2,0,차대차 - 기타,교차로운행방법위반,건조,맑음,교차로 - 교차로안,승용,여,28세,경상,승용,남,25세,경상
2012050900100465,2012년 5월 9일 19시,수요일,충청북도 청원군 남일면,경상사고,0,0,2,0,차대차 - 추돌 - 주정차중,중앙선침범,건조,맑음,단일로 - 기타,승용,기타불명,기타불명,기타불명,승용,남,54세,경상
2012050900100512,2012년 5월 9일 20시,수요일,충청북도 제천시 신백동,경상사고,0,0,1,0,차대차 - 기타,안전운전불이행,건조,맑음,단일로 - 기타,승용,여,42세,상해없음,자전거,남,19세,경상
2012050900100513,2012년 5월 9일 20시,수요일,충청북도 청주시 흥덕구 사창동,중상사고,0,2,0,0,차대차 - 측면직각충돌,신호위반,건조,맑음,교차로 - 교차로안,원동기,남,23세,중상,원동기,남,20세,중상
2012050900100553,2012년 5월 9일 21시,수요일,충청북도 청주시 흥덕구 봉명동,경상사고,0,0,6,0,차대차 - 측면직각충돌,안전거리미확보,건조,맑음,단일로 - 기타,승용,남,23세,경상,승합,남,50세,경상
2012050900100592,2012년 5월 9일 22시,수요일,충청북도 청주시 흥덕구 운천동,경상사고,0,0,3,0,차대차 - 추돌 - 주정차중,안전운전불이행,건조,맑음,교차로 - 교차로부근,승용,남,48세,상해없음,승용,남,60세,경상
2012051000100015,2012년 5월 10일 00시,목요일,충청북도 충주시 교현동,경상사고,0,0,2,0,차대차 - 추돌 - 주정차중,안전운전불이행,건조,맑음,단일로 - 기타,승용,남,38세,상해없음,승용,남,27세,경상
2012051000100016,2012년 5월 10일 00시,목요일,충청북도 진천군 진천읍,중상사고,0,1,0,0,차대사람 - 기타,안전운전불이행,건조,맑음,교차로 - 교차로부근,승합,남,35세,상해없음,보행자,남,53세,중상
2012051000100049,2012년 5월 10일 02시,목요일,충청북도 청주시 흥덕구 가경동,중상사고,0,1,1,0,차대차 - 측면직각충돌,안전운전불이행,건조,맑음,교차로 - 교차로안,승용,남,25세,경상,승용,남,51세,중상
2012051000100161,2012년 5월 10일 08시,목요일,충청북도 청주시 흥덕구 복대동,경상사고,0,0,1,0,차대차 - 측면직각충돌,안전거리미확보,건조,맑음,단일로 - 기타,화물,남,61세,기타불명,승용,여,32세,경상
2012051000100195,2012년 5월 10일 09시,목요일,충청북도 음성군 음성읍,중상사고,0,2,0,0,차대차 - 정면충돌,중앙선침범,건조,맑음,단일로 - 기타,승용,여,38세,중상,승용,여,34세,중상
2012051000100196,2012년 5월 10일 09시,목요일,충청북도 청주시 흥덕구 개신동,경상사고,0,0,2,0,차대차 - 추돌 - 진행중,중앙선침범,건조,맑음,교차로 - 교차로부근,승용,여,35세,상해없음,승용,남,38세,경상
2012051000100228,2012년 5월 10일 10시,목요일,충청북도 증평군 증평읍,중상사고,0,1,0,0,차대사람 - 길가장자리구역통행중,안전운전불이행,건조,맑음,단일로 - 기타,화물,남,64세,상해없음,보행자,여,1세,중상
2012051000100252,2012년 5월 10일 11시,목요일,충청북도 제천시 모산동,중상사고,0,1,0,0,차대차 - 기타,안전거리미확보,건조,맑음,단일로 - 기타,승용,남,47세,상해없음,승용,남,54세,중상
2012051000100298,2012년 5월 10일 13시,목요일,충청북도 제천시 남천동,중상사고,0,1,0,0,차대차 - 기타,신호위반,건조,맑음,교차로 - 교차로안,승용,남,34세,상해없음,승용,여,32세,중상
2012051000100299,2012년 5월 10일 13시,목요일,충청북도 옥천군 옥천읍,중상사고,0,2,0,0,차대차 - 측면직각충돌,직진우회전진행방해,건조,맑음,교차로 - 교차로안,승용,남,62세,상해없음,원동기,남,69세,중상
2012051000100328,2012년 5월 10일 14시,목요일,충청북도 청원군 북이면,경상사고,0,0,2,0,차대차 - 측면직각충돌,중앙선침범,건조,맑음,교차로 - 교차로부근,승용,남,51세,경상,화물,남,38세,경상
2012051000100353,2012년 5월 10일 15시,목요일,충청북도 청원군 오창읍,중상사고,0,2,0,0,차대차 - 기타,교차로운행방법위반,건조,맑음,교차로 - 교차로안,화물,남,37세,중상,승용,남,53세,중상
2012051000100354,2012년 5월 10일 15시,목요일,충청북도 충주시 봉방동,중상사고,0,1,1,0,차대차 - 측면직각충돌,신호위반,건조,맑음,교차로 - 교차로부근,승용,여,31세,상해없음,원동기,남,47세,경상
2012051000100355,2012년 5월 10일 15시,목요일,충청북도 충주시 금릉동,중상사고,0,3,0,0,차대차 - 측면직각충돌,직진우회전진행방해,건조,맑음,교차로 - 교차로안,승용,여,36세,중상,승용,남,57세,중상
2012051000100392,2012년 5월 10일 16시,목요일,충청북도 청주시 흥덕구 모충동,경상사고,0,0,1,0,차대사람 - 기타,안전운전불이행,건조,맑음,교차로 - 교차로부근,승용,남,49세,상해없음,보행자,여,48세,경상
2012051000100429,2012년 5월 10일 17시,목요일,충청북도 괴산군 연풍면,중상사고,0,1,0,0,차대사람 - 횡단중,안전운전불이행,건조,맑음,교차로 - 교차로안,화물,남,49세,상해없음,보행자,남,9세,중상
2012051000100471,2012년 5월 10일 18시,목요일,충청북도 청주시 흥덕구 사직동,경상사고,0,0,1,0,차대차 - 추돌 - 진행중,안전운전불이행,건조,맑음,단일로 - 기타,이륜,남,59세,상해없음,승용,남,29세,경상
2012051000100472,2012년 5월 10일 18시,목요일,충청북도 충주시 대소원면,경상사고,0,0,2,0,차대차 - 추돌 - 주정차중,안전거리미확보,건조,맑음,단일로 - 기타,승용,남,27세,상해없음,승용,여,35세,경상
2012051000100507,2012년 5월 10일 19시,목요일,충청북도 청원군 내수읍,중상사고,0,1,3,0,차대차 - 추돌 - 주정차중,안전운전불이행,건조,맑음,교차로 - 교차로안,승용,남,63세,상해없음,승용,여,35세,경상
2012051000100556,2012년 5월 10일 20시,목요일,충청북도 진천군 초평면,중상사고,0,1,0,0,차대차 - 추돌 - 진행중,안전운전불이행,건조,맑음,교차로 - 교차로안,승용,남,52세,상해없음,농기계,남,66세,중상
2012051000100557,2012년 5월 10일 20시,목요일,충청북도 청원군 오송읍,경상사고,0,0,2,0,차대차 - 추돌 - 진행중,안전운전불이행,건조,맑음,단일로 - 기타,승용,남,63세,상해없음,승용,남,46세,경상
2012051000100580,2012년 5월 10일 21시,목요일,충청북도 충주시 연수동,중상사고,0,1,1,0,차대차 - 추돌 - 주정차중,안전운전불이행,건조,맑음,교차로 - 교차로부근,승합,남,35세,상해없음,승용,여,36세,중상
2012051000100581,2012년 5월 10일 21시,목요일,충청북도 제천시 장락동,중상사고,0,1,4,0,차대차 - 기타,안전거리미확보,건조,맑음,단일로 - 기타,승용,여,43세,상해없음,화물,남,33세,경상
2012051000100604,2012년 5월 10일 22시,목요일,충청북도 음성군 원남면,사망사고,1,0,0,0,차량단독 - 전도전복,안전운전불이행,건조,맑음,단일로 - 기타,화물,남,47세,사망,,,,
2012051000100605,2012년 5월 10일 22시,목요일,충청북도 진천군 진천읍,경상사고,0,0,3,0,차대차 - 추돌 - 주정차중,안전운전불이행,건조,맑음,교차로 - 교차로안,승합,남,50세,상해없음,승용,남,23세,경상
2012051000100638,2012년 5월 10일 23시,목요일,충청북도 청원군 내수읍,사망사고,1,1,0,0,차대차 - 추돌 - 진행중,안전운전불이행,건조,맑음,교차로 - 교차로안,승용,남,43세,상해없음,승용,남,47세,중상
2012051000100639,2012년 5월 10일 23시,목요일,충청북도 제천시 장락동,경상사고,0,0,1,0,차대차 - 기타,안전운전불이행,건조,맑음,단일로 - 기타,기타불명,기타불명,기타불명,기타불명,자전거,남,30세,경상
2012051000100640,2012년 5월 10일 23시,목요일,충청북도 진천군 진천읍,중상사고,0,1,0,0,차대차 - 측면직각충돌,교차로운행방법위반,건조,맑음,교차로 - 교차로안,승용,남,41세,상해없음,승용,남,24세,중상
2012051100100043,2012년 5월 11일 01시,금요일,충청북도 음성군 맹동면,중상사고,0,1,2,0,차량단독 - 공작물충돌,안전운전불이행,건조,맑음,교차로 - 교차로안,승용,여,29세,경상,,,,
2012051100100058,2012년 5월 11일 02시,금요일,충청북도 제천시 청전동,중상사고,0,1,0,0,차대차 - 기타,안전운전불이행,건조,맑음,교차로 - 교차로부근,화물,남,21세,상해없음,승용,남,49세,상해없음
2012051100100059,2012년 5월 11일 02시,금요일,충청북도 음성군 대소면,경상사고,0,0,1,0,차대차 - 측면직각충돌,안전운전불이행,건조,맑음,교차로 - 교차로부근,승용,남,34세,상해없음,승용,남,39세,상해없음
2012051100100073,2012년 5월 11일 03시,금요일,충청북도 청주시 흥덕구 복대동,경상사고,0,0,1,0,차대차 - 측면직각충돌,안전운전불이행,건조,맑음,교차로 - 교차로안,승용,남,34세,상해없음,이륜,남,39세,경상
2012051100100091,2012년 5월 11일 05시,금요일,충청북도 충주시 연수동,중상사고,0,1,1,0,차대차 - 추돌 - 진행중,안전운전불이행,건조,맑음,교차로 - 교차로안,승용,남,41세,경상,승용,여,46세,중상
2012051100100129,2012년 5월 11일 07시,금요일,충청북도 청주시 흥덕구 송절동,경상사고,0,0,2,0,차대차 - 기타,안전운전불이행,건조,맑음,교차로 - 교차로부근,승용,남,29세,상해없음,승용,여,23세,경상
2012051100100155,2012년 5월 11일 08시,금요일,충청북도 충주시 칠금동,경상사고,0,0,1,0,차대차 - 추돌 - 진행중,안전거리미확보,건조,맑음,교차로 - 교차로부근,화물,남,56세,상해없음,승용,남,29세,경상
2012051100100156,2012년 5월 11일 08시,금요일,충청북도 제천시 장락동,경상사고,0,0,3,0,차대차 - 측면직각충돌,기타,건조,맑음,교차로 - 교차로안,승용,여,34세,상해없음,승용,여,55세,경상
2012051100100195,2012년 5월 11일 09시,금요일,충청북도 청주시 상당구 금천동,경상사고,0,0,3,0,차대차 - 측면직각충돌,안전운전불이행,건조,맑음,교차로 - 교차로부근,승용,남,84세,경상,승용,남,30세,경상
2012051100100216,2012년 5월 11일 10시,금요일,충청북도 청주시 상당구 내덕동,중상사고,0,1,0,0,차대차 - 기타,신호위반,건조,흐림,교차로 - 교차로안,승용,남,27세,상해없음,이륜,남,19세,중상
2012051100100263,2012년 5월 11일 12시,금요일,충청북도 충주시 연수동,경상사고,0,0,1,0,차대차 - 측면직각충돌,안전운전불이행,건조,맑음,교차로 - 교차로안,자전거,여,69세,경상,승용,여,44세,상해없음
2012051100100293,2012년 5월 11일 13시,금요일,충청북도 청주시 상당구 용암동,경상사고,0,0,1,0,차대차 - 추돌 - 진행중,안전운전불이행,건조,맑음,단일로 - 횡단보도부근,승합,남,30세,상해없음,승용,여,44세,경상
2012051100100294,2012년 5월 11일 13시,금요일,충청북도 청주시 흥덕구 분평동,사망사고,1,0,0,0,차대차 - 측면직각충돌,안전운전불이행,건조,맑음,교차로 - 교차로부근,승용,여,28세,상해없음,자전거,여,63세,사망
2012051100100351,2012년 5월 11일 15시,금요일,충청북도 청주시 상당구 수동,중상사고,0,1,2,0,차대차 - 측면직각충돌,안전거리미확보,건조,맑음,단일로 - 기타,승용,남,42세,중상,승용,남,39세,경상
2012051100100352,2012년 5월 11일 15시,금요일,충청북도 충주시 대소원면,경상사고,0,0,1,0,차대차 - 추돌 - 진행중,안전운전불이행,건조,맑음,교차로 - 교차로안,화물,남,45세,상해없음,특수,남,68세,경상
2012051100100353,2012년 5월 11일 15시,금요일,충청북도 청주시 상당구 용암동,경상사고,0,0,1,0,차대사람 - 횡단중,보행자보호의무위반,건조,맑음,교차로 - 교차로안,승용,여,55세,상해없음,보행자,여,10세,경상
2012051100100428,2012년 5월 11일 17시,금요일,충청북도 제천시 장락동,중상사고,0,1,0,0,차대차 - 측면직각충돌,중앙선침범,건조,맑음,단일로 - 기타,승용,여,34세,상해없음,승용,남,56세,중상
2012051100100429,2012년 5월 11일 17시,금요일,충청북도 음성군 대소면,중상사고,0,1,0,0,차대사람 - 횡단중,안전운전불이행,건조,맑음,단일로 - 기타,승용,남,64세,상해없음,보행자,여,14세,중상
2012051100100430,2012년 5월 11일 17시,금요일,충청북도 청원군 남일면,경상사고,0,0,1,0,차대차 - 측면직각충돌,신호위반,건조,맑음,교차로 - 교차로안,이륜,남,19세,상해없음,승용,남,57세,상해없음
2012051100100468,2012년 5월 11일 18시,금요일,충청북도 옥천군 옥천읍,중상사고,0,2,0,0,차대차 - 측면직각충돌,중앙선침범,건조,맑음,단일로 - 기타,승용,여,54세,상해없음,승용,남,34세,중상
2012051100100511,2012년 5월 11일 19시,금요일,충청북도 청주시 상당구 서운동,중상사고,0,1,0,0,차대사람 - 기타,안전운전불이행,건조,맑음,단일로 - 기타,승용,남,64세,상해없음,보행자,여,56세,중상
2012051100100512,2012년 5월 11일 19시,금요일,충청북도 충주시 칠금동,중상사고,0,1,0,0,차대사람 - 차도통행중,안전운전불이행,건조,맑음,단일로 - 기타,승용,남,49세,상해없음,보행자,여,8세,중상
2012051100100552,2012년 5월 11일 20시,금요일,충청북도 영동군 영동읍,부상신고사고,0,0,0,1,차대차 - 측면직각충돌,기타,건조,맑음,교차로 - 교차로안,자전거,남,30세,부상신고,승용,여,47세,상해없음
2012051100100581,2012년 5월 11일 21시,금요일,충청북도 청주시 흥덕구 사창동,경상사고,0,0,1,0,차대사람 - 횡단중,보행자보호의무위반,건조,맑음,교차로 - 교차로부근,승용,남,52세,상해없음,보행자,여,20세,경상
2012051100100662,2012년 5월 11일 23시,금요일,충청북도 충주시 교현동,부상신고사고,0,0,0,1,차대차 - 측면직각충돌,기타,건조,맑음,교차로 - 교차로부근,원동기,남,18세,부상신고,승용,남,52세,상해없음
2012051100100663,2012년 5월 11일 23시,금요일,충청북도 청주시 흥덕구 송절동,중상사고,0,1,1,0,차대차 - 측면직각충돌,안전거리미확보,건조,맑음,단일로 - 기타,승용,남,17세,상해없음,승용,남,43세,중상
2012051200100015,2012년 5월 12일 00시,토요일,충청북도 청주시 흥덕구 가경동,중상사고,0,3,1,0,차대차 - 측면직각충돌,안전운전불이행,건조,맑음,단일로 - 기타,화물,남,51세,상해없음,승용,남,59세,중상
2012051200100042,2012년 5월 12일 01시,토요일,충청북도 청주시 상당구 용담동,경상사고,0,0,1,0,차대차 - 추돌 - 주정차중,중앙선침범,건조,맑음,교차로 - 교차로부근,승용,남,21세,상해없음,승용,남,40세,경상
2012051200100062,2012년 5월 12일 02시,토요일,충청북도 음성군 원남면,경상사고,0,0,2,0,차대차 - 기타,안전운전불이행,건조,맑음,단일로 - 기타,승용,남,32세,경상,승용,남,59세,상해없음
2012051200100063,2012년 5월 12일 02시,토요일,충청북도 청주시 흥덕구 사창동,경상사고,0,0,1,0,차대사람 - 길가장자리구역통행중,안전운전불이행,건조,맑음,단일로 - 기타,승용,남,23세,상해없음,보행자,남,22세,경상
2012051200100103,2012년 5월 12일 04시,토요일,충청북도 충주시 종민동,중상사고,0,3,0,0,차량단독 - 공작물충돌,안전운전불이행,건조,맑음,단일로 - 기타,승용,남,29세,상해없음,,,,
2012051200100140,2012년 5월 12일 06시,토요일,충청북도 괴산군 괴산읍,중상사고,0,2,0,0,차대차 - 측면직각충돌,중앙선침범,건조,맑음,단일로 - 기타,승용,여,41세,상해없음,승용,남,63세,중상
2012051200100202,2012년 5월 12일 09시,토요일,충청북도 보은군 보은읍,경상사고,0,0,1,0,차대사람 - 횡단중,안전운전불이행,건조,맑음,교차로 - 교차로안,승용,여,28세,상해없음,보행자,남,54세,경상
2012051200100235,2012년 5월 12일 10시,토요일,충청북도 청주시 상당구 내덕동,경상사고,0,0,1,0,차대차 - 측면직각충돌,교차로운행방법위반,건조,맑음,교차로 - 교차로안,승용,남,57세,상해없음,원동기,남,17세,경상
2012051200100236,2012년 5월 12일 10시,토요일,충청북도 청주시 흥덕구 신봉동,경상사고,0,0,1,0,차대차 - 측면직각충돌,안전운전불이행,건조,맑음,단일로 - 기타,기타불명,기타불명,기타불명,기타불명,자전거,남,9세,경상
2012051200100266,2012년 5월 12일 11시,토요일,충청북도 청원군 미원면,중상사고,0,4,0,0,차대차 - 정면충돌,중앙선침범,건조,맑음,단일로 - 기타,승용,여,28세,중상,승용,남,27세,중상
2012051200100298,2012년 5월 12일 12시,토요일,충청북도 영동군 양산면,경상사고,0,0,1,0,차대차 - 기타,안전운전불이행,건조,맑음,단일로 - 기타,화물,남,32세,경상,화물,남,59세,상해없음
2012051200100299,2012년 5월 12일 12시,토요일,충청북도 영동군 심천면,중상사고,0,2,0,0,차량단독 - 공작물충돌,과속,건조,맑음,교차로 - 교차로부근,승용,남,73세,상해없음,,,,
2012051200100342,2012년 5월 12일 13시,토요일,충청북도 충주시 단월동,중상사고,0,1,0,0,차대차 - 측면직각충돌,중앙선침범,건조,맑음,단일로 - 기타,자전거,남,74세,중상,승용,남,78세,상해없음
2012051200100370,2012년 5월 12일 14시,토요일,충청북도 청주시 상당구 우암동,중상사고,0,2,0,0,차대사람 - 기타,신호위반,건조,맑음,단일로 - 횡단보도상,원동기,남,25세,중상,보행자,남,24세,중상
2012051200100406,2012년 5월 12일 15시,토요일,충청북도 청원군 오창읍,경상사고,0,0,1,0,차대차 - 측면직각충돌,안전운전불이행,건조,맑음,단일로 - 기타,승용,남,47세,상해없음,승용,남,56세,경상
2012051200100407,2012년 5월 12일 15시,토요일,충청북도 청주시 흥덕구 분평동,중상사고,0,1,0,0,차대사람 - 횡단중,안전운전불이행,건조,맑음,단일로 - 기타,화물,남,44세,상해없음,보행자,여,44세,중상
2012051200100438,2012년 5월 12일 16시,토요일,충청북도 청주시 상당구 용암동,경상사고,0,0,2,0,차대차 - 측면직각충돌,교차로운행방법위반,건조,맑음,교차로 - 교차로안,승용,남,59세,경상,이륜,남,57세,경상
2012051200100468,2012년 5월 12일 17시,토요일,충청북도 청원군 오창읍,사망사고,1,2,1,0,차대차 - 측면직각충돌,중앙선침범,건조,맑음,단일로 - 기타,승용,남,52세,상해없음,승용,남,28세,상해없음
2012051200100469,2012년 5월 12일 17시,토요일,충청북도 옥천군 군서면,중상사고,0,1,1,0,차대차 - 측면직각충돌,신호위반,건조,맑음,교차로 - 교차로안,승용,남,31세,상해없음,승용,남,29세,경상