사고번호,사고일시,요일,시군구,사고내용,사망자수,중상자수,경상자수,부상신고자수,사고유형,법규위반,노면상태,기상상태,도로형태,가해운전자 차종,가해운전자 성별,가해운전자 연령,가해운전자 상해정도,피해운전자 차종,피해운전자 성별,피해운전자 연령,피해운전자 상해정도
2012051200100470,2012년 5월 12일 17시,토요일,충청북도 청주시 흥덕구 개신동,경상사고,0,0,1,0,차대차 - 측면직각충돌,안전운전불이행,건조,맑음,교차로 - 교차로부근,승용,남,33세,상해없음,승용,남,34세,상해없음
2012051200100471,2012년 5월 12일 17시,토요일,충청북도 청주시 상당구 명암동,경상사고,0,0,4,0,차대차 - 측면직각충돌,안전운전불이행,건조,맑음,교차로 - 교차로부근,화물,남,56세,상해없음,승용,남,40세,경상
2012051200100512,2012년 5월 12일 18시,토요일,충청북도 충주시 가금면,경상사고,0,0,2,0,차대차 - 측면직각충돌,안전운전불이행,건조,맑음,단일로 - 기타,승용,남,32세,상해없음,승용,남,50세,경상
2012051200100542,2012년 5월 12일 19시,토요일,충청북도 제천시 하소동,중상사고,0,1,0,0,차대차 - 측면직각충돌,안전운전불이행,건조,맑음,교차로 - 교차로안,승용,남,42세,상해없음,승용,남,66세,중상
2012051200100543,2012년 5월 12일 19시,토요일,충청북도 청주시 흥덕구 사직동,중상사고,0,1,0,0,차대사람 - 기타,안전운전불이행,건조,맑음,교차로 - 교차로부근,승용,남,30세,상해없음,보행자,여,8세,중상
2012051200100624,2012년 5월 12일 21시,토요일,충청북도 충주시 교현동,경상사고,0,0,1,0,차대차 - 측면직각충돌,안전운전불이행,건조,맑음,단일로 - 기타,화물,남,47세,상해없음,자전거,남,18세,경상
2012051200100625,2012년 5월 12일 21시,토요일,충청북도 진천군 진천읍,중상사고,0,1,0,0,차대차 - 측면직각충돌,신호위반,건조,맑음,교차로 - 교차로안,승용,남,38세,상해없음,원동기,남,29세,중상
2012051200100659,2012년 5월 12일 22시,토요일,충청북도 청주시 상당구 금천동,경상사고,0,0,1,0,차대차 - 측면직각충돌,안전운전불이행,건조,맑음,교차로 - 교차로안,승용,남,27세,상해없음,원동기,남,18세,경상
2012051200100660,2012년 5월 12일 22시,토요일,충청북도 보은군 보은읍,경상사고,0,0,1,0,차대차 - 추돌 - 진행중,안전운전불이행,건조,맑음,단일로 - 기타,승용,남,37세,상해없음,승용,남,24세,경상
2012051200100661,2012년 5월 12일 22시,토요일,충청북도 청주시 흥덕구 사창동,부상신고사고,0,0,0,1,차대차 - 추돌 - 주정차중,안전운전불이행,건조,맑음,단일로 - 기타,기타불명,기타불명,기타불명,기타불명,승용,여,25세,부상신고
2012051300100016,2012년 5월 13일 00시,일요일,충청북도 청주시 상당구 남문로1가동,경상사고,0,0,1,0,차대사람 - 기타,교차로운행방법위반,건조,맑음,교차로 - 교차로안,승용,남,44세,상해없음,보행자,여,28세,경상
2012051300100036,2012년 5월 13일 01시,일요일,충청북도 증평군 증평읍,중상사고,0,1,1,0,차대차 - 추돌 - 주정차중,안전운전불이행,건조,맑음,교차로 - 교차로안,승용,남,34세,상해없음,승합,여,49세,중상
2012051300100037,2012년 5월 13일 01시,일요일,충청북도 청주시 흥덕구 가경동,중상사고,0,1,1,1,차대차 - 추돌 - 주정차중,안전운전불이행,건조,맑음,교차로 - 교차로부근,승용,여,48세,상해없음,승용,남,55세,경상
2012051300100038,2012년 5월 13일 01시,일요일,충청북도 청주시 흥덕구 운천동,경상사고,0,0,2,0,차대차 - 기타,안전거리미확보,건조,맑음,단일로 - 기타,기타불명,기타불명,기타불명,기타불명,승용,남,42세,상해없음
2012051300100072,2012년 5월 13일 03시,일요일,충청북도 충주시 연수동,경상사고,0,0,2,0,차대차 - 측면직각충돌,안전운전불이행,건조,맑음,단일로 - 기타,승용,여,33세,경상,화물,남,47세,기타불명
2012051300100073,2012년 5월 13일 03시,일요일,충청북도 청주시 흥덕구 비하동,경상사고,0,0,1,0,차대사람 - 횡단중,안전운전불이행,건조,맑음,교차로 - 교차로안,승용,남,22세,상해없음,보행자,남,27세,경상
2012051300100074,2012년 5월 13일 03시,일요일,충청북도 청주시 흥덕구 사창동,경상사고,0,0,1,0,차대사람 - 기타,안전운전불이행,건조,맑음,단일로 - 기타,승용,남,29세,상해없음,보행자,남,23세,경상
2012051300100097,2012년 5월 13일 05시,일요일,충청북도 청원군 남일면,중상사고,0,2,2,0,차대차 - 기타,안전운전불이행,건조,맑음,교차로 - 교차로부근,화물,남,44세,경상,화물,남,60세,경상
2012051300100132,2012년 5월 13일 08시,일요일,충청북도 청원군 내수읍,경상사고,0,0,1,0,차대차 - 기타,안전운전불이행,건조,맑음,단일로 - 기타,승용,남,67세,상해없음,승용,여,57세,경상
2012051300100146,2012년 5월 13일 09시,일요일,충청북도 증평군 도안면,사망사고,1,0,1,0,차대차 - 측면직각충돌,신호위반,건조,맑음,교차로 - 교차로안,원동기,남,90세 이상,사망,승용,남,90세 이상,상해없음
2012051300100159,2012년 5월 13일 10시,일요일,충청북도 청주시 흥덕구 미평동,경상사고,0,0,1,0,차대차 - 기타,안전운전불이행,건조,맑음,교차로 - 교차로부근,화물,남,56세,기타불명,승합,남,50세,상해없음
2012051300100181,2012년 5월 13일 11시,일요일,충청북도 음성군 대소면,경상사고,0,0,3,0,차대차 - 기타,안전운전불이행,건조,맑음,단일로 - 기타,승용,남,40세,경상,원동기,남,33세,경상
2012051300100256,2012년 5월 13일 14시,일요일,충청북도 제천시 봉양읍,경상사고,0,0,1,0,차대차 - 기타,중앙선침범,건조,맑음,단일로 - 기타,승용,남,25세,상해없음,화물,남,41세,경상
2012051300100257,2012년 5월 13일 14시,일요일,충청북도 괴산군 사리면,중상사고,0,1,1,0,차대차 - 기타,안전거리미확보,건조,맑음,단일로 - 기타,승용,남,51세,상해없음,승용,여,43세,중상
2012051300100258,2012년 5월 13일 14시,일요일,충청북도 진천군 백곡면,중상사고,0,1,3,0,차대차 - 측면직각충돌,교차로운행방법위반,건조,맑음,교차로 - 교차로부근,승용,남,47세,경상,승용,여,43세,경상
2012051300100287,2012년 5월 13일 15시,일요일,충청북도 청주시 상당구 서문동,중상사고,0,3,0,0,차대차 - 기타,안전운전불이행,건조,맑음,단일로 - 기타,승용,남,26세,상해없음,승용,여,35세,중상
2012051300100360,2012년 5월 13일 17시,일요일,충청북도 청주시 흥덕구 봉명동,중상사고,0,1,0,0,차대사람 - 횡단중,보행자보호의무위반,건조,맑음,단일로 - 기타,승용,남,43세,상해없음,보행자,여,76세,중상
2012051300100448,2012년 5월 13일 20시,일요일,충청북도 청주시 상당구 내덕동,경상사고,0,0,3,0,차대차 - 기타,안전운전불이행,건조,맑음,교차로 - 교차로안,승용,남,30세,상해없음,승용,남,48세,경상
2012051300100449,2012년 5월 13일 20시,일요일,충청북도 보은군 보은읍,중상사고,0,1,0,0,차대차 - 측면직각충돌,중앙선침범,건조,맑음,단일로 - 기타,승용,남,47세,상해없음,이륜,남,57세,중상
2012051300100485,2012년 5월 13일 21시,일요일,충청북도 청원군 오창읍,중상사고,0,1,1,0,차대차 - 기타,안전운전불이행,건조,맑음,단일로 - 기타,승용,남,27세,경상,농기계,남,58세,중상
2012051300100486,2012년 5월 13일 21시,일요일,충청북도 음성군 음성읍,중상사고,0,1,0,0,차대차 - 측면직각충돌,신호위반,건조,맑음,교차로 - 교차로안,승용,남,25세,상해없음,화물,남,49세,중상
2012051300100487,2012년 5월 13일 21시,일요일,충청북도 청원군 미원면,중상사고,0,1,1,0,차대차 - 정면충돌,중앙선침범,건조,맑음,단일로 - 기타,승용,남,51세,중상,화물,남,62세,경상
2012051400100014,2012년 5월 14일 01시,월요일,충청북도 음성군 감곡면,경상사고,0,0,1,0,차량단독 - 전도전복,안전운전불이행,건조,맑음,단일로 - 기타,승용,남,20세,경상,,,,
2012051400100022,2012년 5월 14일 02시,월요일,충청북도 청주시 흥덕구 사창동,중상사고,0,2,0,0,차대차 - 측면직각충돌,교차로운행방법위반,건조,맑음,교차로 - 교차로안,승용,남,23세,중상,승용,남,52세,중상
2012051400100109,2012년 5월 14일 08시,월요일,충청북도 청주시 상당구 용암동,중상사고,0,1,2,0,차대차 - 측면직각충돌,교차로운행방법위반,건조,맑음,교차로 - 교차로안,승용,여,52세,중상,승용,여,48세,경상
2012051400100172,2012년 5월 14일 10시,월요일,충청북도 충주시 달천동,부상신고사고,0,0,0,1,차대차 - 추돌 - 진행중,안전거리미확보,습기,비,단일로 - 기타,화물,남,71세,상해없음,화물,남,39세,상해없음
2012051400100215,2012년 5월 14일 11시,월요일,충청북도 충주시 봉방동,중상사고,0,2,0,0,차대차 - 측면직각충돌,안전거리미확보,습기,비,단일로 - 기타,승합,남,52세,상해없음,화물,남,70세,중상
2012051400100216,2012년 5월 14일 11시,월요일,충청북도 청주시 흥덕구 송절동,중상사고,0,1,0,0,차대차 - 측면직각충돌,교차로운행방법위반,습기,비,교차로 - 교차로안,건설기계,남,52세,상해없음,승용,여,57세,중상
2012051400100254,2012년 5월 14일 12시,월요일,충청북도 충주시 성서동,경상사고,0,0,2,0,차대사람 - 차도통행중,안전운전불이행,습기,비,단일로 - 기타,화물,남,53세,상해없음,보행자,여,17세,경상
2012051400100255,2012년 5월 14일 12시,월요일,충청북도 영동군 황간면,경상사고,0,0,1,0,차대차 - 기타,불법유턴,습기,비,교차로 - 교차로부근,농기계,남,73세,경상,승합,남,60세,상해없음
2012051400100294,2012년 5월 14일 13시,월요일,충청북도 제천시 송학면,경상사고,0,0,1,0,차량단독 - 전도전복,안전운전불이행,습기,비,단일로 - 기타,승용,남,38세,경상,,,,
2012051400100295,2012년 5월 14일 13시,월요일,충청북도 청주시 흥덕구 복대동,중상사고,0,3,0,0,차대차 - 측면직각충돌,안전운전불이행,건조,맑음,단일로 - 기타,승합,남,60세,상해없음,승용,남,52세,중상
2012051400100296,2012년 5월 14일 13시,월요일,충청북도 청주시 상당구 용암동,중상사고,0,1,0,0,차대사람 - 횡단중,안전운전불이행,습기,비,교차로 - 교차로부근,승합,남,63세,상해없음,보행자,남,6세,중상
2012051400100329,2012년 5월 14일 14시,월요일,충청북도 청주시 상당구 오동동,경상사고,0,0,2,0,차량단독 - 공작물충돌,안전운전불이행,습기,비,단일로 - 기타,승용,남,28세,경상,,,,
2012051400100331,2012년 5월 14일 14시,월요일,충청북도 제천시 봉양읍,사망사고,2,1,1,0,차대차 - 정면충돌,중앙선침범,습기,비,단일로 - 기타,승합,남,27세,중상,화물,남,47세,경상
2012051400100332,2012년 5월 14일 14시,월요일,충청북도 청주시 흥덕구 봉명동,중상사고,0,1,5,0,차대차 - 측면직각충돌,교차로운행방법위반,건조,맑음,교차로 - 교차로안,승용,남,52세,경상,승용,남,38세,중상
2012051400100374,2012년 5월 14일 15시,월요일,충청북도 음성군 대소면,경상사고,0,0,4,0,차대차 - 측면직각충돌,안전운전불이행,습기,비,교차로 - 교차로안,기타불명,기타불명,기타불명,기타불명,승용,남,62세,경상
2012051400100375,2012년 5월 14일 15시,월요일,충청북도 청주시 흥덕구 복대동,경상사고,0,0,1,0,차대차 - 측면직각충돌,안전거리미확보,건조,맑음,단일로 - 기타,승용,남,56세,상해없음,승합,남,53세,상해없음
2012051400100457,2012년 5월 14일 17시,월요일,충청북도 청원군 현도면,중상사고,0,1,0,0,차대차 - 기타,안전운전불이행,습기,흐림,단일로 - 기타,이륜,남,57세,중상,승합,남,55세,상해없음
2012051400100499,2012년 5월 14일 18시,월요일,충청북도 청주시 상당구 북문로1가동,경상사고,0,0,2,0,차대차 - 측면직각충돌,교차로운행방법위반,습기,비,교차로 - 교차로안,승용,여,57세,경상,승용,여,43세,경상
2012051400100546,2012년 5월 14일 19시,월요일,충청북도 제천시 의림동,중상사고,0,2,0,0,차대차 - 기타,안전운전불이행,습기,비,단일로 - 기타,승용,남,43세,상해없음,승용,남,40세,중상
2012051400100547,2012년 5월 14일 19시,월요일,충청북도 제천시 고암동,경상사고,0,0,1,0,차대차 - 기타,중앙선침범,습기,비,단일로 - 기타,승용,남,49세,상해없음,승용,남,53세,경상
2012051400100548,2012년 5월 14일 19시,월요일,충청북도 음성군 금왕읍,중상사고,0,1,2,0,차대차 - 기타,교차로운행방법위반,건조,맑음,교차로 - 교차로안,화물,여,54세,중상,승용,여,25세,경상
2012051400100606,2012년 5월 14일 20시,월요일,충청북도 제천시 남천동,경상사고,0,0,2,0,차대차 - 기타,안전운전불이행,건조,맑음,교차로 - 교차로부근,승용,남,44세,상해없음,승용,남,21세,경상
2012051400100607,2012년 5월 14일 20시,월요일,충청북도 제천시 금성면,중상사고,0,3,0,0,차대차 - 측면직각충돌,안전운전불이행,습기,맑음,기타 - 기타,승용,남,65세,상해없음,승용,남,29세,중상
2012051400100608,2012년 5월 14일 20시,월요일,충청북도 증평군 도안면,중상사고,0,4,0,0,차대차 - 정면충돌,중앙선침범,습기,비,교차로 - 교차로부근,승용,여,64세,중상,승용,남,41세,중상
2012051400100660,2012년 5월 14일 21시,월요일,충청북도 청주시 상당구 용암동,경상사고,0,0,2,0,차대차 - 추돌 - 진행중,안전운전불이행,습기,흐림,단일로 - 기타,승용,남,56세,상해없음,승용,남,59세,경상
2012051400100696,2012년 5월 14일 22시,월요일,충청북도 청원군 오창읍,중상사고,0,1,0,0,차량단독 - 공작물충돌,안전운전불이행,습기,비,교차로 - 교차로안,승용,남,29세,중상,,,,
2012051400100697,2012년 5월 14일 22시,월요일,충청북도 제천시 하소동,경상사고,0,0,1,0,차대차 - 기타,신호위반,습기,비,교차로 - 교차로부근,화물,남,22세,상해없음,승용,남,54세,경상
2012051400100735,2012년 5월 14일 23시,월요일,충청북도 청원군 오창읍,경상사고,0,0,1,0,차대차 - 기타,안전운전불이행,건조,맑음,교차로 - 교차로부근,승용,남,36세,상해없음,승용,남,46세,경상
2012051400100736,2012년 5월 14일 23시,월요일,충청북도 청주시 상당구 용암동,경상사고,0,0,1,0,차대차 - 추돌 - 주정차중,안전운전불이행,습기,흐림,교차로 - 교차로부근,승용,남,45세,상해없음,화물,남,23세,경상
2012051500100011,2012년 5월 15일 00시,화요일,충청북도 청원군 오창읍,경상사고,0,0,1,0,차대차 - 측면직각충돌,신호위반,건조,맑음,교차로 - 교차로안,승용,남,21세,상해없음,승용,남,41세,경상
2012051500100012,2012년 5월 15일 00시,화요일,충청북도 제천시 장락동,중상사고,0,2,1,0,차대차 - 기타,안전운전불이행,건조,맑음,단일로 - 기타,승용,남,29세,상해없음,승용,남,39세,경상
2012051500100062,2012년 5월 15일 04시,화요일,충청북도 청주시 상당구 용담동,경상사고,0,0,1,0,차대사람 - 기타,안전운전불이행,건조,맑음,단일로 - 기타,승용,여,30세,상해없음,보행자,남,26세,경상
2012051500100072,2012년 5월 15일 05시,화요일,충청북도 청주시 흥덕구 복대동,경상사고,0,0,1,0,차대차 - 측면직각충돌,신호위반,건조,맑음,교차로 - 교차로안,승용,남,60세,상해없음,승용,여,52세,경상
2012051500100109,2012년 5월 15일 07시,화요일,충청북도 충주시 단월동,중상사고,0,2,3,0,차대차 - 추돌 - 진행중,안전운전불이행,건조,맑음,교차로 - 교차로안,화물,남,41세,중상,승용,남,49세,경상
2012051500100110,2012년 5월 15일 07시,화요일,충청북도 충주시 주덕읍,중상사고,0,1,0,0,차대차 - 정면충돌,중앙선침범,건조,맑음,교차로 - 교차로부근,특수,남,47세,상해없음,승용,남,28세,중상
2012051500100111,2012년 5월 15일 07시,화요일,충청북도 증평군 증평읍,경상사고,0,0,2,0,차대차 - 측면직각충돌,신호위반,건조,맑음,교차로 - 교차로안,승용,남,28세,경상,승용,남,43세,경상
2012051500100189,2012년 5월 15일 09시,화요일,충청북도 제천시 봉양읍,중상사고,0,1,4,0,차대차 - 기타,중앙선침범,건조,맑음,단일로 - 기타,화물,남,48세,상해없음,승용,여,44세,경상
2012051500100236,2012년 5월 15일 11시,화요일,충청북도 진천군 이월면,경상사고,0,0,3,0,차대차 - 측면직각충돌,안전운전불이행,건조,맑음,교차로 - 교차로안,승용,남,47세,상해없음,승용,남,59세,경상
2012051500100300,2012년 5월 15일 13시,화요일,충청북도 충주시 연수동,중상사고,0,1,0,0,차대차 - 추돌 - 진행중,신호위반,건조,맑음,교차로 - 교차로안,화물,남,37세,상해없음,승용,남,74세,중상
2012051500100301,2012년 5월 15일 13시,화요일,충청북도 충주시 교현동,중상사고,0,1,0,0,차대차 - 추돌 - 진행중,안전거리미확보,건조,맑음,교차로 - 교차로부근,이륜,남,67세,중상,승용,여,49세,상해없음
2012051500100302,2012년 5월 15일 13시,화요일,충청북도 청주시 흥덕구 가경동,경상사고,0,0,1,0,차대사람 - 횡단중,안전운전불이행,건조,맑음,단일로 - 기타,화물,남,60세,상해없음,보행자,여,7세,경상
2012051500100303,2012년 5월 15일 13시,화요일,충청북도 청주시 상당구 용암동,경상사고,0,0,1,0,차대사람 - 기타,안전운전불이행,건조,맑음,교차로 - 교차로부근,승용,여,53세,상해없음,보행자,남,8세,경상
2012051500100326,2012년 5월 15일 14시,화요일,충청북도 충주시 연수동,중상사고,0,2,3,0,차대차 - 측면직각충돌,안전운전불이행,건조,맑음,단일로 - 기타,승용,남,43세,경상,승용,여,49세,중상
2012051500100366,2012년 5월 15일 15시,화요일,충청북도 청주시 상당구 서문동,경상사고,0,0,1,0,차대차 - 기타,안전운전불이행,건조,맑음,단일로 - 기타,승용,남,60세,상해없음,승합,남,54세,상해없음
2012051500100367,2012년 5월 15일 15시,화요일,충청북도 충주시 칠금동,중상사고,0,2,0,0,차대차 - 측면직각충돌,직진우회전진행방해,건조,맑음,교차로 - 교차로안,승용,여,40세,중상,원동기,남,18세,중상
2012051500100398,2012년 5월 15일 16시,화요일,충청북도 청주시 흥덕구 비하동,경상사고,0,0,2,0,차대차 - 측면직각충돌,안전운전불이행,건조,맑음,단일로 - 기타,승용,여,42세,경상,승용,여,56세,경상
2012051500100399,2012년 5월 15일 16시,화요일,충청북도 청원군 현도면,중상사고,0,2,0,0,차대차 - 기타,교차로운행방법위반,건조,맑음,교차로 - 교차로안,승합,여,51세,중상,승용,여,35세,중상
2012051500100436,2012년 5월 15일 17시,화요일,충청북도 제천시 화산동,중상사고,0,1,1,0,차대차 - 기타,안전운전불이행,건조,맑음,교차로 - 교차로안,화물,남,41세,경상,화물,남,73세,중상
2012051500100437,2012년 5월 15일 17시,화요일,충청북도 음성군 대소면,경상사고,0,0,1,0,차대차 - 측면직각충돌,안전운전불이행,건조,맑음,교차로 - 교차로안,화물,남,33세,상해없음,자전거,여,12세,경상
2012051500100438,2012년 5월 15일 17시,화요일,충청북도 청주시 흥덕구 복대동,경상사고,0,0,1,0,차대차 - 추돌 - 주정차중,안전운전불이행,건조,맑음,단일로 - 기타,승용,남,28세,상해없음,승용,남,34세,경상
2012051500100474,2012년 5월 15일 18시,화요일,충청북도 청원군 북이면,중상사고,0,1,2,0,차대차 - 기타,안전운전불이행,건조,맑음,단일로 - 기타,화물,남,56세,상해없음,승용,남,50세,중상
2012051500100475,2012년 5월 15일 18시,화요일,충청북도 제천시 남천동,경상사고,0,0,2,0,차대차 - 기타,기타,건조,맑음,교차로 - 교차로안,원동기,남,18세,경상,화물,남,52세,상해없음
2012051500100476,2012년 5월 15일 18시,화요일,충청북도 청주시 흥덕구 개신동,경상사고,0,0,4,0,차대차 - 측면직각충돌,교차로운행방법위반,건조,맑음,교차로 - 교차로안,승용,남,45세,상해없음,승용,남,45세,상해없음
2012051500100477,2012년 5월 15일 18시,화요일,충청북도 청주시 흥덕구 분평동,경상사고,0,0,1,0,차대차 - 기타,안전운전불이행,건조,맑음,단일로 - 기타,이륜,남,73세,경상,승합,남,57세,상해없음
2012051500100510,2012년 5월 15일 19시,화요일,충청북도 음성군 감곡면,중상사고,0,1,0,0,차대사람 - 횡단중,안전운전불이행,건조,맑음,단일로 - 기타,승용,여,45세,상해없음,보행자,남,14세,중상
2012051500100550,2012년 5월 15일 20시,화요일,충청북도 충주시 교현동,부상신고사고,0,0,0,1,차대차 - 추돌 - 주정차중,안전운전불이행,건조,맑음,단일로 - 기타,승용,남,49세,상해없음,이륜,남,48세,부상신고
2012051500100551,2012년 5월 15일 20시,화요일,충청북도 음성군 대소면,경상사고,0,0,3,0,차대차 - 추돌 - 주정차중,안전운전불이행,건조,맑음,단일로 - 기타,승용,남,48세,상해없음,승용,남,42세,경상
2012051500100589,2012년 5월 15일 21시,화요일,충청북도 청주시 흥덕구 운천동,중상사고,0,1,1,0,차대차 - 측면직각충돌,안전운전불이행,건조,맑음,단일로 - 기타,승합,남,52세,상해없음,승용,남,30세,경상
2012051500100590,2012년 5월 15일 21시,화요일,충청북도 청주시 상당구 영운동,경상사고,0,0,1,0,차대차 - 기타,교차로운행방법위반,건조,맑음,교차로 - 교차로안,승용,여,52세,상해없음,자전거,남,37세,경상
2012051500100636,2012년 5월 15일 22시,화요일,충청북도 청주시 흥덕구 성화동,중상사고,0,1,0,0,차대사람 - 횡단중,보행자보호의무위반,건조,맑음,교차로 - 교차로안,승합,남,57세,상해없음,보행자,여,19세,중상
2012051500100669,2012년 5월 15일 23시,화요일,충청북도 충주시 대소원면,경상사고,0,0,2,0,차대사람 - 횡단중,안전운전불이행,건조,맑음,단일로 - 기타,기타불명,기타불명,기타불명,기타불명,보행자,남,21세,경상
2012051600100116,2012년 5월 16일 07시,수요일,충청북도 진천군 진천읍,경상사고,0,0,1,0,차대차 - 추돌 - 주정차중,안전운전불이행,기타,기타,교차로 - 교차로안,승용,남,47세,상해없음,승용,남,57세,상해없음
2012051600100159,2012년 5월 16일 08시,수요일,충청북도 청원군 남이면,중상사고,0,1,0,0,차대차 - 기타,기타,건조,맑음,단일로 - 기타,승용,남,37세,상해없음,승용,여,64세,중상
2012051600100199,2012년 5월 16일 09시,수요일,충청북도 음성군 음성읍,중상사고,0,1,0,0,차대차 - 측면직각충돌,교차로운행방법위반,건조,맑음,교차로 - 교차로안,승용,남,43세,상해없음,승용,남,38세,중상
2012051600100232,2012년 5월 16일 11시,수요일,충청북도 청주시 흥덕구 개신동,경상사고,0,0,4,0,차대차 - 측면직각충돌,안전운전불이행,건조,맑음,단일로 - 기타,승용,남,31세,경상,승용,여,33세,경상
2012051600100254,2012년 5월 16일 12시,수요일,충청북도 청주시 흥덕구 복대동,중상사고,0,1,1,0,차대사람 - 횡단중,신호위반,건조,맑음,단일로 - 횡단보도상,원동기,남,60세,상해없음,보행자,여,59세,중상
2012051600100283,2012년 5월 16일 13시,수요일,충청북도 충주시 연수동,중상사고,0,1,0,0,차대차 - 추돌 - 진행중,안전운전불이행,건조,맑음,단일로 - 기타,승용,여,58세,상해없음,자전거,여,66세,중상
2012051600100284,2012년 5월 16일 13시,수요일,충청북도 영동군 영동읍,경상사고,0,0,4,0,차대차 - 측면직각충돌,직진우회전진행방해,건조,맑음,교차로 - 교차로안,승용,여,31세,경상,승합,남,52세,경상
2012051600100285,2012년 5월 16일 13시,수요일,충청북도 청주시 흥덕구 성화동,경상사고,0,0,1,0,차대사람 - 차도통행중,안전운전불이행,건조,맑음,단일로 - 기타,승용,여,40세,상해없음,보행자,남,8세,경상
2012051600100286,2012년 5월 16일 13시,수요일,충청북도 청주시 흥덕구 복대동,경상사고,0,0,1,0,차대차 - 측면직각충돌,안전운전불이행,건조,맑음,단일로 - 기타,이륜,남,27세,경상,승용,남,41세,상해없음
2012051600100315,2012년 5월 16일 14시,수요일,충청북도 진천군 진천읍,중상사고,0,1,1,0,차대차 - 추돌 - 진행중,중앙선침범,건조,맑음,교차로 - 교차로안,승용,남,47세,상해없음,이륜,남,41세,경상
2012051600100350,2012년 5월 16일 15시,수요일,충청북도 제천시 영천동,중상사고,0,2,0,0,차대차 - 측면직각충돌,교차로운행방법위반,건조,맑음,교차로 - 교차로안,화물,남,60세,상해없음,승용,남,49세,중상
2012051600100351,2012년 5월 16일 15시,수요일,충청북도 증평군 증평읍,경상사고,0,0,1,0,차대사람 - 기타,안전운전불이행,건조,맑음,단일로 - 기타,승용,남,75세,상해없음,보행자,여,5세,경상
2012051600100352,2012년 5월 16일 15시,수요일,충청북도 청주시 흥덕구 강서동,중상사고,0,1,0,0,차대차 - 측면직각충돌,신호위반,건조,맑음,교차로 - 교차로안,원동기,남,18세,중상,승용,남,54세,상해없음
2012051600100353,2012년 5월 16일 15시,수요일,충청북도 청주시 흥덕구 정봉동,중상사고,0,1,0,0,차대차 - 측면직각충돌,안전운전불이행,건조,맑음,교차로 - 교차로부근,승용,여,55세,상해없음,원동기,남,64세,중상
2012051600100389,2012년 5월 16일 16시,수요일,충청북도 충주시 문화동,중상사고,0,1,0,0,차대차 - 측면직각충돌,안전운전불이행,건조,맑음,교차로 - 교차로안,승용,여,58세,상해없음,원동기,남,69세,중상
2012051600100390,2012년 5월 16일 16시,수요일,충청북도 보은군 보은읍,경상사고,0,0,2,0,차대차 - 추돌 - 주정차중,안전운전불이행,건조,맑음,단일로 - 기타,승용,여,40세,상해없음,승용,여,51세,경상
2012051600100391,2012년 5월 16일 16시,수요일,충청북도 청주시 흥덕구 사창동,경상사고,0,0,1,0,차대차 - 측면직각충돌,불법유턴,건조,맑음,교차로 - 교차로부근,기타불명,기타불명,기타불명,기타불명,원동기,남,25세,경상
2012051600100392,2012년 5월 16일 16시,수요일,충청북도 청주시 흥덕구 복대동,중상사고,0,1,0,0,차대사람 - 횡단중,보행자보호의무위반,건조,맑음,단일로 - 횡단보도상,승용,남,26세,상해없음,보행자,남,12세,중상
2012051600100393,2012년 5월 16일 16시,수요일,충청북도 청원군 가덕면,사망사고,1,1,0,0,차대차 - 추돌 - 진행중,안전운전불이행,건조,맑음,단일로 - 기타,화물,남,26세,상해없음,농기계,남,61세,사망
2012051600100420,2012년 5월 16일 17시,수요일,충청북도 청주시 상당구 탑동,중상사고,0,1,0,0,차대차 - 기타,교차로운행방법위반,건조,맑음,교차로 - 교차로안,승용,남,52세,상해없음,이륜,여,52세,중상
2012051600100421,2012년 5월 16일 17시,수요일,충청북도 청주시 흥덕구 사직동,경상사고,0,0,2,0,차대차 - 측면직각충돌,중앙선침범,건조,맑음,단일로 - 기타,승용,남,63세,상해없음,승용,여,44세,경상
2012051600100422,2012년 5월 16일 17시,수요일,충청북도 청주시 흥덕구 산남동,중상사고,0,1,0,0,차대사람 - 기타,안전운전불이행,건조,맑음,단일로 - 기타,승용,남,67세,상해없음,보행자,남,10세,중상
2012051600100496,2012년 5월 16일 19시,수요일,충청북도 청주시 상당구 율량동,경상사고,0,0,4,0,차대차 - 기타,신호위반,건조,맑음,교차로 - 교차로안,화물,남,37세,상해없음,승합,남,37세,경상
2012051600100570,2012년 5월 16일 21시,수요일,충청북도 청주시 흥덕구 복대동,경상사고,0,0,1,0,차대차 - 측면직각충돌,신호위반,건조,맑음,교차로 - 교차로안,승용,남,39세,상해없음,승합,남,45세,상해없음
2012051600100637,2012년 5월 16일 23시,수요일,충청북도 청주시 흥덕구 가경동,경상사고,0,0,1,0,차대차 - 측면직각충돌,신호위반,건조,맑음,교차로 - 교차로안,승용,남,36세,상해없음,자전거,남,18세,경상
2012051700100014,2012년 5월 17일 00시,목요일,충청북도 제천시 두학동,중상사고,0,1,0,0,차대차 - 추돌 - 진행중,안전거리미확보,건조,맑음,단일로 - 기타,화물,남,42세,상해없음,승용,여,39세,중상
2012051700100034,2012년 5월 17일 01시,목요일,충청북도 음성군 대소면,경상사고,0,0,1,0,차대차 - 측면직각충돌,안전운전불이행,건조,맑음,단일로 - 기타,승용,남,26세,상해없음,승용,남,36세,경상