사고번호,사고일시,요일,시군구,사고내용,사망자수,중상자수,경상자수,부상신고자수,사고유형,법규위반,노면상태,기상상태,도로형태,가해운전자 차종,가해운전자 성별,가해운전자 연령,가해운전자 상해정도,피해운전자 차종,피해운전자 성별,피해운전자 연령,피해운전자 상해정도
2012052200100340,2012년 5월 22일 14시,화요일,충청북도 제천시 하소동,경상사고,0,0,1,0,차대차 - 측면직각충돌,직진우회전진행방해,건조,맑음,교차로 - 교차로안,승용,남,55세,상해없음,승용,남,60세,상해없음
2012052200100342,2012년 5월 22일 14시,화요일,충청북도 옥천군 동이면,중상사고,0,1,0,0,차대차 - 추돌 - 진행중,안전운전불이행,건조,맑음,단일로 - 기타,승용,여,55세,상해없음,승용,남,40세,중상
2012052200100368,2012년 5월 22일 15시,화요일,충청북도 충주시 대소원면,경상사고,0,0,3,0,차대차 - 추돌 - 진행중,직진우회전진행방해,건조,맑음,교차로 - 교차로안,특수,남,57세,상해없음,승용,남,24세,경상
2012052200100369,2012년 5월 22일 15시,화요일,충청북도 충주시 가주동,사망사고,1,0,0,0,차대차 - 정면충돌,안전운전불이행,건조,맑음,단일로 - 기타,특수,남,31세,상해없음,화물,남,68세,사망
2012052200100370,2012년 5월 22일 15시,화요일,충청북도 음성군 음성읍,중상사고,0,1,0,0,차대차 - 측면직각충돌,안전운전불이행,건조,맑음,교차로 - 교차로안,화물,남,55세,상해없음,특수,남,41세,중상
2012052200100371,2012년 5월 22일 15시,화요일,충청북도 옥천군 이원면,중상사고,0,2,0,0,차대차 - 측면직각충돌,직진우회전진행방해,건조,맑음,교차로 - 교차로안,승합,남,67세,상해없음,이륜,남,74세,중상
2012052200100402,2012년 5월 22일 16시,화요일,충청북도 옥천군 옥천읍,경상사고,0,0,1,0,차대차 - 측면직각충돌,직진우회전진행방해,건조,맑음,교차로 - 교차로안,승용,여,51세,상해없음,이륜,남,18세,경상
2012052200100403,2012년 5월 22일 16시,화요일,충청북도 청주시 흥덕구 가경동,중상사고,0,1,3,0,차대차 - 기타,신호위반,건조,맑음,교차로 - 교차로안,승용,여,31세,상해없음,승합,남,48세,경상
2012052200100446,2012년 5월 22일 17시,화요일,충청북도 청원군 오송읍,중상사고,0,2,1,0,차대차 - 측면직각충돌,교차로운행방법위반,건조,맑음,교차로 - 교차로안,승용,남,38세,중상,승용,여,38세,경상
2012052200100447,2012년 5월 22일 17시,화요일,충청북도 청주시 흥덕구 봉명동,중상사고,0,1,1,0,차대차 - 측면직각충돌,안전운전불이행,건조,맑음,교차로 - 교차로안,승용,여,57세,상해없음,승용,남,21세,경상
2012052200100560,2012년 5월 22일 20시,화요일,충청북도 청주시 흥덕구 사직동,경상사고,0,0,1,0,차대사람 - 횡단중,보행자보호의무위반,건조,맑음,단일로 - 기타,기타불명,기타불명,기타불명,기타불명,보행자,남,15세,경상
2012052200100596,2012년 5월 22일 21시,화요일,충청북도 청주시 흥덕구 모충동,경상사고,0,0,1,0,차량단독 - 기타,안전운전불이행,건조,맑음,단일로 - 기타,승용,남,46세,상해없음,,,,
2012052200100636,2012년 5월 22일 22시,화요일,충청북도 청원군 오창읍,경상사고,0,0,1,0,차대사람 - 기타,안전운전불이행,건조,맑음,단일로 - 기타,승용,남,39세,상해없음,보행자,남,52세,경상
2012052200100637,2012년 5월 22일 22시,화요일,충청북도 제천시 화산동,중상사고,0,1,0,0,차대사람 - 기타,안전운전불이행,건조,맑음,교차로 - 교차로부근,승용,남,60세,상해없음,보행자,남,72세,중상
2012052200100668,2012년 5월 22일 23시,화요일,충청북도 음성군 삼성면,경상사고,0,0,1,0,차량단독 - 공작물충돌,안전운전불이행,건조,맑음,단일로 - 기타,승용,남,28세,경상,,,,
2012052300100023,2012년 5월 23일 01시,수요일,충청북도 청주시 흥덕구 가경동,경상사고,0,0,1,0,차대차 - 측면직각충돌,신호위반,건조,맑음,교차로 - 교차로안,승용,남,40세,상해없음,승용,남,43세,경상
2012052300100050,2012년 5월 23일 03시,수요일,충청북도 청주시 상당구 용암동,경상사고,0,0,2,0,차대차 - 측면직각충돌,신호위반,건조,맑음,교차로 - 교차로안,화물,남,24세,상해없음,승용,남,23세,경상
2012052300100077,2012년 5월 23일 06시,수요일,충청북도 청주시 상당구 영운동,사망사고,1,0,0,0,차대차 - 기타,안전운전불이행,건조,맑음,교차로 - 교차로안,승용,남,58세,상해없음,자전거,여,52세,사망
2012052300100131,2012년 5월 23일 08시,수요일,충청북도 옥천군 동이면,중상사고,0,1,0,0,차대차 - 측면직각충돌,안전운전불이행,건조,맑음,단일로 - 기타,승용,여,31세,상해없음,원동기,여,66세,중상
2012052300100132,2012년 5월 23일 08시,수요일,충청북도 청주시 흥덕구 사직동,경상사고,0,0,1,0,차대차 - 측면직각충돌,기타,건조,맑음,단일로 - 기타,승용,남,53세,상해없음,이륜,남,22세,경상
2012052300100188,2012년 5월 23일 10시,수요일,충청북도 청원군 오창읍,중상사고,0,2,1,0,차대차 - 기타,교차로운행방법위반,건조,맑음,교차로 - 교차로안,이륜,남,72세,경상,승용,남,27세,중상
2012052300100205,2012년 5월 23일 11시,수요일,충청북도 청주시 상당구 석교동,경상사고,0,0,1,0,차대차 - 측면직각충돌,안전운전불이행,건조,맑음,단일로 - 기타,원동기,남,65세,경상,승용,남,44세,상해없음
2012052300100206,2012년 5월 23일 11시,수요일,충청북도 청주시 흥덕구 가경동,중상사고,0,1,0,0,차대차 - 추돌 - 진행중,교차로운행방법위반,건조,맑음,교차로 - 교차로안,승용,남,41세,상해없음,이륜,남,35세,중상
2012052300100262,2012년 5월 23일 13시,수요일,충청북도 충주시 칠금동,중상사고,0,1,0,0,차대사람 - 길가장자리구역통행중,안전운전불이행,건조,맑음,단일로 - 기타,승용,여,55세,상해없음,보행자,남,57세,중상
2012052300100263,2012년 5월 23일 13시,수요일,충청북도 제천시 하소동,경상사고,0,0,1,0,차대차 - 기타,기타,건조,맑음,단일로 - 기타,화물,남,62세,상해없음,승용,남,51세,상해없음
2012052300100292,2012년 5월 23일 14시,수요일,충청북도 충주시 칠금동,중상사고,0,2,0,0,차대차 - 추돌 - 진행중,안전거리미확보,건조,맑음,단일로 - 기타,승용,남,30세,상해없음,승용,남,65세,중상
2012052300100293,2012년 5월 23일 14시,수요일,충청북도 청주시 흥덕구 문암동,경상사고,0,0,2,0,차대차 - 측면직각충돌,안전운전불이행,건조,맑음,단일로 - 기타,화물,남,55세,상해없음,승용,남,32세,경상
2012052300100294,2012년 5월 23일 14시,수요일,충청북도 청원군 미원면,경상사고,0,0,1,0,차대차 - 기타,안전운전불이행,건조,맑음,단일로 - 교량,승합,남,60세,상해없음,건설기계,남,52세,경상
2012052300100295,2012년 5월 23일 14시,수요일,충청북도 청주시 상당구 용암동,경상사고,0,0,1,0,차대사람 - 기타,안전운전불이행,건조,맑음,단일로 - 기타,승용,여,36세,상해없음,보행자,남,11세,경상
2012052300100326,2012년 5월 23일 15시,수요일,충청북도 단양군 영춘면,중상사고,0,1,0,0,차대사람 - 길가장자리구역통행중,안전운전불이행,건조,맑음,단일로 - 기타,화물,남,62세,상해없음,보행자,여,58세,중상
2012052300100366,2012년 5월 23일 16시,수요일,충청북도 청주시 상당구 사천동,중상사고,0,1,0,0,차대차 - 측면직각충돌,교차로운행방법위반,건조,맑음,교차로 - 교차로안,승용,남,65세,상해없음,자전거,여,40세,상해없음
2012052300100412,2012년 5월 23일 17시,수요일,충청북도 청주시 상당구 율량동,경상사고,0,0,2,0,차대차 - 기타,안전운전불이행,건조,맑음,교차로 - 교차로안,승용,남,64세,상해없음,화물,남,47세,상해없음
2012052300100413,2012년 5월 23일 17시,수요일,충청북도 청주시 상당구 내덕동,경상사고,0,0,1,0,차대차 - 추돌 - 주정차중,안전운전불이행,건조,맑음,교차로 - 교차로부근,승용,남,20세,상해없음,승용,여,55세,경상
2012052300100414,2012년 5월 23일 17시,수요일,충청북도 옥천군 옥천읍,경상사고,0,0,1,0,차대차 - 측면직각충돌,신호위반,건조,맑음,단일로 - 횡단보도상,승용,남,31세,상해없음,자전거,여,62세,경상
2012052300100415,2012년 5월 23일 17시,수요일,충청북도 청주시 흥덕구 사창동,경상사고,0,0,4,0,차대차 - 추돌 - 진행중,안전운전불이행,건조,맑음,단일로 - 기타,승합,남,44세,상해없음,화물,남,50세,경상
2012052300100460,2012년 5월 23일 18시,수요일,충청북도 충주시 문화동,경상사고,0,0,1,0,차대차 - 측면직각충돌,직진우회전진행방해,건조,맑음,교차로 - 교차로안,승용,남,54세,상해없음,자전거,남,64세,경상
2012052300100532,2012년 5월 23일 20시,수요일,충청북도 충주시 칠금동,중상사고,0,1,2,0,차대차 - 측면직각충돌,신호위반,건조,맑음,교차로 - 교차로안,원동기,남,16세,상해없음,승용,남,32세,상해없음
2012052300100644,2012년 5월 23일 23시,수요일,충청북도 청주시 상당구 사천동,경상사고,0,0,2,0,차대차 - 기타,중앙선침범,건조,맑음,단일로 - 기타,승용,여,49세,상해없음,승합,남,56세,경상
2012052400100059,2012년 5월 24일 04시,목요일,충청북도 제천시 왕암동,중상사고,0,3,0,0,차대차 - 기타,안전운전불이행,건조,맑음,단일로 - 기타,화물,남,57세,상해없음,승용,남,57세,중상
2012052400100140,2012년 5월 24일 08시,목요일,충청북도 청주시 흥덕구 장성동,경상사고,0,0,1,0,차대차 - 측면직각충돌,신호위반,건조,맑음,교차로 - 교차로안,승용,남,38세,상해없음,승용,남,54세,경상
2012052400100182,2012년 5월 24일 09시,목요일,충청북도 음성군 감곡면,중상사고,0,1,0,0,차대차 - 기타,안전운전불이행,건조,맑음,단일로 - 기타,이륜,남,27세,상해없음,이륜,남,48세,중상
2012052400100275,2012년 5월 24일 13시,목요일,충청북도 청주시 흥덕구 봉명동,경상사고,0,0,1,0,차대차 - 기타,안전운전불이행,건조,맑음,단일로 - 횡단보도상,자전거,남,63세,경상,승용,남,53세,상해없음
2012052400100296,2012년 5월 24일 14시,목요일,충청북도 청주시 상당구 율량동,중상사고,0,1,0,0,차대차 - 측면직각충돌,안전운전불이행,건조,맑음,교차로 - 교차로부근,승합,남,35세,상해없음,승용,남,28세,중상
2012052400100348,2012년 5월 24일 16시,목요일,충청북도 옥천군 옥천읍,경상사고,0,0,1,0,차대사람 - 길가장자리구역통행중,안전운전불이행,건조,맑음,단일로 - 기타,기타불명,기타불명,기타불명,기타불명,보행자,여,19세,경상
2012052400100393,2012년 5월 24일 17시,목요일,충청북도 충주시 용산동,경상사고,0,0,1,0,차대차 - 추돌 - 주정차중,안전운전불이행,건조,맑음,단일로 - 기타,승용,여,34세,상해없음,승용,여,39세,경상
2012052400100436,2012년 5월 24일 18시,목요일,충청북도 영동군 추풍령면,중상사고,0,1,0,0,차대차 - 측면직각충돌,교차로운행방법위반,건조,맑음,교차로 - 교차로안,농기계,남,61세,중상,승용,남,61세,상해없음
2012052400100437,2012년 5월 24일 18시,목요일,충청북도 청주시 흥덕구 평동,경상사고,0,0,3,0,차대차 - 추돌 - 주정차중,안전운전불이행,건조,맑음,교차로 - 교차로부근,화물,남,50세,경상,승용,남,47세,경상
2012052400100504,2012년 5월 24일 20시,목요일,충청북도 충주시 교현동,경상사고,0,0,1,0,차대차 - 정면충돌,신호위반,건조,맑음,교차로 - 교차로안,승용,남,40세,상해없음,화물,남,31세,경상
2012052400100505,2012년 5월 24일 20시,목요일,충청북도 음성군 음성읍,중상사고,0,1,1,0,차대차 - 추돌 - 주정차중,안전운전불이행,건조,맑음,단일로 - 기타,화물,남,50세,중상,화물,남,42세,경상
2012052400100538,2012년 5월 24일 21시,목요일,충청북도 청주시 흥덕구 복대동,경상사고,0,0,3,0,차대차 - 측면직각충돌,신호위반,건조,맑음,교차로 - 교차로안,이륜,남,17세,경상,승합,남,49세,경상
2012052400100539,2012년 5월 24일 21시,목요일,충청북도 청주시 상당구 용암동,경상사고,0,0,1,0,차대사람 - 횡단중,안전운전불이행,건조,맑음,교차로 - 교차로안,승용,여,45세,상해없음,보행자,미분류,1세,경상
2012052400100574,2012년 5월 24일 22시,목요일,충청북도 청주시 상당구 율량동,중상사고,0,3,1,0,차대차 - 기타,안전운전불이행,건조,맑음,교차로 - 교차로부근,화물,남,58세,상해없음,승용,남,39세,경상
2012052400100575,2012년 5월 24일 22시,목요일,충청북도 청원군 오창읍,경상사고,0,0,1,0,차대차 - 기타,안전운전불이행,건조,맑음,교차로 - 교차로부근,승용,남,45세,상해없음,승용,남,34세,경상
2012052400100607,2012년 5월 24일 23시,목요일,충청북도 충주시 연수동,중상사고,0,2,0,0,차대차 - 측면직각충돌,직진우회전진행방해,건조,맑음,교차로 - 교차로안,승용,남,54세,상해없음,승용,남,36세,상해없음
2012052400100608,2012년 5월 24일 23시,목요일,충청북도 제천시 청전동,중상사고,0,1,0,0,차대사람 - 기타,신호위반,건조,맑음,교차로 - 교차로안,승용,남,49세,상해없음,보행자,여,36세,중상
2012052400100609,2012년 5월 24일 23시,목요일,충청북도 청주시 흥덕구 비하동,경상사고,0,0,1,0,차대차 - 정면충돌,중앙선침범,건조,맑음,단일로 - 기타,승용,남,32세,상해없음,승용,남,35세,경상
2012052400100610,2012년 5월 24일 23시,목요일,충청북도 청주시 흥덕구 가경동,경상사고,0,0,1,0,차량단독 - 공작물충돌,안전운전불이행,건조,맑음,교차로 - 교차로부근,승용,남,27세,상해없음,,,,
2012052500100029,2012년 5월 25일 01시,금요일,충청북도 충주시 살미면,중상사고,0,2,0,0,차대차 - 정면충돌,중앙선침범,건조,맑음,단일로 - 기타,승용,남,28세,중상,화물,남,31세,중상
2012052500100030,2012년 5월 25일 01시,금요일,충청북도 청주시 흥덕구 사창동,중상사고,0,2,0,0,차대차 - 추돌 - 주정차중,안전운전불이행,건조,맑음,교차로 - 교차로부근,승용,남,23세,상해없음,승용,남,41세,중상
2012052500100046,2012년 5월 25일 02시,금요일,충청북도 음성군 금왕읍,중상사고,0,1,0,0,차대차 - 추돌 - 주정차중,안전운전불이행,건조,맑음,교차로 - 교차로안,승용,남,60세,상해없음,승용,여,40세,중상
2012052500100047,2012년 5월 25일 02시,금요일,충청북도 청주시 흥덕구 봉명동,중상사고,0,1,0,0,차대사람 - 횡단중,보행자보호의무위반,건조,맑음,단일로 - 기타,승용,남,52세,상해없음,보행자,남,23세,중상
2012052500100076,2012년 5월 25일 05시,금요일,충청북도 청주시 상당구 내덕동,중상사고,0,1,0,0,차대차 - 기타,안전운전불이행,건조,맑음,교차로 - 교차로안,승용,남,24세,상해없음,원동기,남,51세,중상
2012052500100085,2012년 5월 25일 06시,금요일,충청북도 괴산군 감물면,경상사고,0,0,2,0,차대차 - 측면직각충돌,기타,건조,맑음,교차로 - 교차로안,승용,남,39세,상해없음,승용,남,64세,경상
2012052500100144,2012년 5월 25일 08시,금요일,충청북도 음성군 금왕읍,중상사고,0,1,1,0,차대차 - 측면직각충돌,교차로운행방법위반,건조,맑음,교차로 - 교차로안,승용,남,67세,경상,승용,남,42세,중상
2012052500100145,2012년 5월 25일 08시,금요일,충청북도 청원군 강내면,경상사고,0,0,1,0,차대차 - 측면직각충돌,교차로운행방법위반,건조,맑음,교차로 - 교차로안,이륜,남,37세,경상,승용,남,33세,상해없음
2012052500100146,2012년 5월 25일 08시,금요일,충청북도 청주시 흥덕구 사창동,중상사고,0,2,3,0,차대차 - 추돌 - 진행중,안전운전불이행,건조,맑음,단일로 - 기타,승용,남,66세,상해없음,승용,남,53세,경상
2012052500100278,2012년 5월 25일 12시,금요일,충청북도 증평군 증평읍,경상사고,0,0,1,0,차대차 - 추돌 - 주정차중,안전운전불이행,건조,맑음,단일로 - 기타,자전거,여,67세,경상,화물,남,38세,기타불명
2012052500100307,2012년 5월 25일 13시,금요일,충청북도 청주시 상당구 우암동,경상사고,0,0,1,0,차대차 - 측면직각충돌,안전운전불이행,건조,맑음,교차로 - 교차로부근,자전거,여,84세,경상,승용,남,65세,상해없음
2012052500100308,2012년 5월 25일 13시,금요일,충청북도 청원군 문의면,중상사고,0,4,0,0,차대차 - 기타,교차로운행방법위반,건조,맑음,교차로 - 교차로안,화물,남,59세,중상,승용,여,35세,중상
2012052500100339,2012년 5월 25일 14시,금요일,충청북도 충주시 교현동,경상사고,0,0,1,0,차대차 - 측면직각충돌,교차로운행방법위반,건조,맑음,교차로 - 교차로안,승용,여,33세,상해없음,자전거,남,16세,경상
2012052500100340,2012년 5월 25일 14시,금요일,충청북도 충주시 목행동,중상사고,0,2,0,0,차대차 - 추돌 - 주정차중,안전운전불이행,건조,맑음,단일로 - 기타,화물,남,45세,상해없음,승용,남,54세,중상
2012052500100341,2012년 5월 25일 14시,금요일,충청북도 진천군 진천읍,중상사고,0,1,0,0,차대사람 - 횡단중,안전운전불이행,건조,맑음,단일로 - 기타,승용,여,42세,상해없음,보행자,여,52세,중상
2012052500100342,2012년 5월 25일 14시,금요일,충청북도 청원군 오송읍,경상사고,0,0,1,0,차대사람 - 횡단중,신호위반,건조,맑음,단일로 - 횡단보도상,승합,남,51세,상해없음,보행자,남,72세,경상
2012052500100343,2012년 5월 25일 14시,금요일,충청북도 청주시 상당구 용암동,경상사고,0,0,5,0,차대차 - 추돌 - 진행중,안전거리미확보,건조,맑음,교차로 - 교차로부근,승합,남,73세,상해없음,승용,여,31세,경상
2012052500100379,2012년 5월 25일 15시,금요일,충청북도 제천시 화산동,중상사고,0,1,1,0,차대차 - 기타,안전운전불이행,건조,맑음,단일로 - 기타,승용,여,52세,중상,화물,남,28세,경상
2012052500100380,2012년 5월 25일 15시,금요일,충청북도 증평군 증평읍,경상사고,0,0,1,0,차대차 - 측면직각충돌,직진우회전진행방해,건조,맑음,교차로 - 교차로안,승용,남,74세,상해없음,승용,여,31세,경상
2012052500100381,2012년 5월 25일 15시,금요일,충청북도 청주시 상당구 지북동,중상사고,0,1,1,0,차대차 - 기타,안전운전불이행,건조,맑음,단일로 - 교량,승합,남,43세,상해없음,화물,남,43세,경상
2012052500100424,2012년 5월 25일 16시,금요일,충청북도 청주시 흥덕구 가경동,경상사고,0,0,1,0,차대사람 - 횡단중,보행자보호의무위반,건조,맑음,단일로 - 횡단보도상,승용,남,48세,상해없음,보행자,여,6세,경상
2012052500100457,2012년 5월 25일 17시,금요일,충청북도 청주시 흥덕구 석곡동,경상사고,0,0,1,0,차대차 - 기타,안전운전불이행,건조,맑음,단일로 - 기타,승용,남,59세,상해없음,자전거,남,8세,경상
2012052500100494,2012년 5월 25일 18시,금요일,충청북도 충주시 봉방동,경상사고,0,0,1,0,차대사람 - 기타,안전운전불이행,건조,맑음,단일로 - 기타,승용,여,32세,상해없음,보행자,여,32세,경상
2012052500100495,2012년 5월 25일 18시,금요일,충청북도 괴산군 소수면,사망사고,1,0,0,0,차량단독 - 도로외이탈 - 추락,안전운전불이행,건조,맑음,단일로 - 기타,승용,남,55세,사망,,,,
2012052500100539,2012년 5월 25일 19시,금요일,충청북도 제천시 남천동,중상사고,0,2,0,0,차대차 - 추돌 - 진행중,안전거리미확보,건조,맑음,단일로 - 기타,승용,여,53세,상해없음,승용,남,54세,중상
2012052500100540,2012년 5월 25일 19시,금요일,충청북도 청주시 흥덕구 가경동,중상사고,0,1,0,0,차대사람 - 기타,안전운전불이행,건조,맑음,단일로 - 기타,승용,남,53세,상해없음,보행자,남,15세,중상
2012052500100541,2012년 5월 25일 19시,금요일,충청북도 청주시 흥덕구 산남동,경상사고,0,0,1,0,차대차 - 추돌 - 진행중,안전운전불이행,건조,맑음,교차로 - 교차로안,화물,남,18세,상해없음,승용,남,28세,경상
2012052500100542,2012년 5월 25일 19시,금요일,충청북도 청원군 오창읍,중상사고,0,1,0,0,차대차 - 측면직각충돌,안전운전불이행,건조,맑음,단일로 - 기타,화물,남,41세,상해없음,승용,남,31세,중상
2012052500100579,2012년 5월 25일 20시,금요일,충청북도 청주시 상당구 용암동,중상사고,0,1,0,0,차대사람 - 기타,안전운전불이행,건조,맑음,단일로 - 기타,원동기,남,26세,상해없음,보행자,남,58세,중상
2012052500100616,2012년 5월 25일 21시,금요일,충청북도 진천군 이월면,중상사고,0,1,0,0,차대차 - 추돌 - 진행중,안전운전불이행,건조,맑음,단일로 - 기타,승용,남,27세,상해없음,농기계,남,61세,중상
2012052500100617,2012년 5월 25일 21시,금요일,충청북도 청주시 흥덕구 분평동,중상사고,0,1,0,0,차대사람 - 기타,안전운전불이행,건조,맑음,교차로 - 교차로부근,승용,남,41세,상해없음,보행자,남,58세,중상
2012052500100688,2012년 5월 25일 23시,금요일,충청북도 충주시 교현동,경상사고,0,0,1,1,차대차 - 측면직각충돌,안전거리미확보,건조,맑음,교차로 - 교차로안,승용,남,35세,부상신고,승용,남,34세,경상
2012052500100689,2012년 5월 25일 23시,금요일,충청북도 단양군 단양읍,중상사고,0,1,0,0,차대차 - 추돌 - 주정차중,안전운전불이행,건조,맑음,단일로 - 기타,승용,남,26세,중상,승용,남,51세,상해없음
2012052600100152,2012년 5월 26일 07시,토요일,충청북도 제천시 남천동,경상사고,0,0,1,0,차대차 - 측면직각충돌,안전운전불이행,건조,맑음,교차로 - 교차로부근,승용,남,72세,상해없음,승용,남,62세,경상
2012052600100153,2012년 5월 26일 07시,토요일,충청북도 청주시 흥덕구 비하동,경상사고,0,0,5,0,차대차 - 측면직각충돌,안전운전불이행,건조,맑음,교차로 - 교차로부근,승용,남,31세,기타불명,승합,남,51세,경상
2012052600100178,2012년 5월 26일 08시,토요일,충청북도 충주시 대소원면,중상사고,0,1,2,1,차대차 - 추돌 - 주정차중,안전운전불이행,건조,맑음,단일로 - 터널,승합,남,55세,경상,승용,남,48세,상해없음
2012052600100203,2012년 5월 26일 09시,토요일,충청북도 충주시 교현동,중상사고,0,2,0,0,차대차 - 기타,안전운전불이행,건조,맑음,단일로 - 기타,승용,남,52세,상해없음,자전거,남,16세,중상
2012052600100204,2012년 5월 26일 09시,토요일,충청북도 청주시 흥덕구 신봉동,중상사고,0,1,0,0,차대차 - 측면직각충돌,안전운전불이행,건조,맑음,단일로 - 기타,승용,여,53세,상해없음,자전거,남,70세,중상
2012052600100224,2012년 5월 26일 10시,토요일,충청북도 충주시 용산동,경상사고,0,0,1,0,차대사람 - 보도통행중,보행자보호의무위반,건조,맑음,단일로 - 기타,승용,남,33세,상해없음,보행자,여,14세,경상
2012052600100225,2012년 5월 26일 10시,토요일,충청북도 보은군 보은읍,중상사고,0,1,0,0,차대차 - 기타,안전운전불이행,건조,맑음,단일로 - 기타,승용,남,29세,상해없음,자전거,남,71세,중상
2012052600100264,2012년 5월 26일 11시,토요일,충청북도 충주시 충의동,중상사고,0,2,1,0,차대차 - 추돌 - 진행중,안전운전불이행,건조,맑음,단일로 - 기타,승용,남,55세,상해없음,승용,남,47세,상해없음
2012052600100265,2012년 5월 26일 11시,토요일,충청북도 제천시 봉양읍,경상사고,0,0,1,0,차대차 - 측면직각충돌,안전운전불이행,건조,맑음,단일로 - 기타,승용,남,28세,경상,승용,여,52세,상해없음
2012052600100266,2012년 5월 26일 11시,토요일,충청북도 음성군 원남면,경상사고,0,0,1,0,차대차 - 기타,차로위반,건조,맑음,단일로 - 기타,화물,남,53세,경상,화물,남,45세,상해없음
2012052600100293,2012년 5월 26일 12시,토요일,충청북도 제천시 명동,중상사고,0,2,3,0,차대차 - 측면직각충돌,신호위반,건조,맑음,교차로 - 교차로안,승용,남,56세,상해없음,승용,남,54세,경상
2012052600100294,2012년 5월 26일 12시,토요일,충청북도 청원군 문의면,경상사고,0,0,2,0,차대차 - 추돌 - 진행중,안전운전불이행,건조,맑음,단일로 - 기타,승합,여,54세,기타불명,승합,남,27세,경상
2012052600100331,2012년 5월 26일 13시,토요일,충청북도 충주시 풍동,중상사고,0,2,2,0,차대차 - 추돌 - 주정차중,안전운전불이행,건조,맑음,교차로 - 교차로부근,승합,남,48세,상해없음,승용,남,78세,중상
2012052600100368,2012년 5월 26일 14시,토요일,충청북도 청원군 오창읍,중상사고,0,2,0,0,차대차 - 기타,안전운전불이행,건조,맑음,교차로 - 교차로부근,건설기계,남,51세,상해없음,승용,남,30세,중상
2012052600100369,2012년 5월 26일 14시,토요일,충청북도 음성군 대소면,중상사고,0,1,0,0,차대차 - 측면직각충돌,안전운전불이행,건조,맑음,교차로 - 교차로부근,승용,남,75세,상해없음,화물,남,54세,중상
2012052600100401,2012년 5월 26일 15시,토요일,충청북도 제천시 서부동,경상사고,0,0,1,0,차대사람 - 기타,안전운전불이행,건조,맑음,단일로 - 횡단보도부근,승용,여,38세,상해없음,보행자,여,59세,경상
2012052600100443,2012년 5월 26일 16시,토요일,충청북도 청주시 흥덕구 봉명동,중상사고,0,2,0,0,차대사람 - 기타,안전운전불이행,건조,맑음,교차로 - 교차로부근,승용,남,50세,상해없음,보행자,남,7세,중상
2012052600100510,2012년 5월 26일 18시,토요일,충청북도 보은군 수한면,중상사고,0,1,0,0,차량단독 - 기타,안전운전불이행,건조,맑음,단일로 - 기타,원동기,남,62세,중상,,,,
2012052600100511,2012년 5월 26일 18시,토요일,충청북도 청주시 흥덕구 죽림동,중상사고,0,1,0,0,차대사람 - 기타,안전운전불이행,건조,맑음,단일로 - 기타,승용,남,38세,상해없음,보행자,남,4세,중상
2012052600100512,2012년 5월 26일 18시,토요일,충청북도 청주시 흥덕구 정봉동,중상사고,0,1,0,0,차대차 - 측면직각충돌,중앙선침범,건조,맑음,단일로 - 기타,이륜,남,43세,상해없음,승용,남,36세,상해없음
2012052600100546,2012년 5월 26일 19시,토요일,충청북도 청주시 흥덕구 사창동,경상사고,0,0,2,0,차대차 - 측면직각충돌,안전운전불이행,건조,맑음,단일로 - 기타,승용,여,38세,경상,화물,남,41세,기타불명
2012052600100578,2012년 5월 26일 20시,토요일,충청북도 괴산군 불정면,중상사고,0,1,0,0,차대차 - 추돌 - 주정차중,안전운전불이행,건조,맑음,단일로 - 기타,승용,남,52세,상해없음,화물,남,22세,상해없음
2012052600100612,2012년 5월 26일 21시,토요일,충청북도 청주시 상당구 서문동,경상사고,0,0,1,0,차대차 - 추돌 - 진행중,안전운전불이행,건조,맑음,교차로 - 교차로부근,화물,남,59세,상해없음,승용,여,27세,상해없음
2012052600100651,2012년 5월 26일 22시,토요일,충청북도 제천시 동현동,중상사고,0,1,2,0,차대차 - 측면직각충돌,직진우회전진행방해,건조,맑음,교차로 - 교차로안,승용,여,39세,상해없음,승용,남,50세,중상
2012052600100681,2012년 5월 26일 23시,토요일,충청북도 청주시 상당구 내덕동,경상사고,0,0,2,0,차대차 - 기타,안전운전불이행,건조,맑음,단일로 - 기타,화물,여,53세,상해없음,승용,남,45세,경상
2012052700100020,2012년 5월 27일 00시,일요일,충청북도 청주시 상당구 사천동,중상사고,0,1,1,0,차대차 - 기타,안전운전불이행,건조,맑음,교차로 - 교차로부근,승용,남,39세,상해없음,승용,남,31세,중상
2012052700100021,2012년 5월 27일 00시,일요일,충청북도 청주시 흥덕구 사직동,경상사고,0,0,1,0,차대차 - 추돌 - 주정차중,안전운전불이행,건조,맑음,교차로 - 교차로부근,승용,여,39세,상해없음,승용,남,57세,경상
2012052700100041,2012년 5월 27일 01시,일요일,충청북도 청원군 북이면,중상사고,0,2,0,0,차대차 - 정면충돌,중앙선침범,건조,맑음,교차로 - 교차로안,승용,여,43세,상해없음,승용,남,29세,중상
2012052700100115,2012년 5월 27일 05시,일요일,충청북도 청주시 흥덕구 송정동,경상사고,0,0,2,0,차대차 - 측면직각충돌,신호위반,건조,맑음,교차로 - 교차로안,기타불명,기타불명,기타불명,기타불명,승용,남,60세,경상