사고번호,사고일시,요일,시군구,사고내용,사망자수,중상자수,경상자수,부상신고자수,사고유형,법규위반,노면상태,기상상태,도로형태,가해운전자 차종,가해운전자 성별,가해운전자 연령,가해운전자 상해정도,피해운전자 차종,피해운전자 성별,피해운전자 연령,피해운전자 상해정도
2012052700100164,2012년 5월 27일 09시,일요일,충청북도 청원군 옥산면,경상사고,0,0,1,0,차대사람 - 기타,안전운전불이행,건조,맑음,교차로 - 교차로부근,건설기계,남,38세,상해없음,보행자,남,36세,경상
2012052700100180,2012년 5월 27일 10시,일요일,충청북도 옥천군 안남면,부상신고사고,0,0,0,1,차대차 - 측면직각충돌,안전운전불이행,건조,맑음,교차로 - 교차로부근,원동기,남,55세,부상신고,승용,남,56세,상해없음
2012052700100211,2012년 5월 27일 11시,일요일,충청북도 옥천군 동이면,중상사고,0,1,0,0,차대차 - 추돌 - 진행중,안전운전불이행,건조,맑음,교차로 - 교차로안,이륜,남,65세,중상,화물,남,56세,상해없음
2012052700100212,2012년 5월 27일 11시,일요일,충청북도 청원군 오송읍,중상사고,0,1,0,0,차대사람 - 차도통행중,안전운전불이행,건조,맑음,교차로 - 교차로부근,승용,남,27세,상해없음,보행자,여,58세,중상
2012052700100234,2012년 5월 27일 12시,일요일,충청북도 청주시 흥덕구 송정동,중상사고,0,1,0,0,차대차 - 측면직각충돌,안전거리미확보,건조,맑음,교차로 - 교차로안,승용,여,19세,상해없음,승용,남,54세,중상
2012052700100351,2012년 5월 27일 16시,일요일,충청북도 청주시 상당구 남문로2가동,경상사고,0,0,3,0,차대차 - 추돌 - 진행중,안전운전불이행,건조,맑음,단일로 - 기타,승용,남,52세,상해없음,승용,여,41세,경상
2012052700100417,2012년 5월 27일 18시,일요일,충청북도 청주시 상당구 오동동,경상사고,0,0,1,0,차대차 - 기타,안전운전불이행,건조,맑음,교차로 - 교차로안,화물,남,26세,상해없음,자전거,남,81세,경상
2012052700100418,2012년 5월 27일 18시,일요일,충청북도 청주시 상당구 오동동,경상사고,0,0,1,0,차대차 - 추돌 - 진행중,안전운전불이행,건조,맑음,단일로 - 기타,승용,남,24세,상해없음,승용,남,45세,상해없음
2012052700100419,2012년 5월 27일 18시,일요일,충청북도 청주시 흥덕구 가경동,경상사고,0,0,1,0,차대차 - 측면직각충돌,안전운전불이행,건조,맑음,교차로 - 교차로안,승용,남,66세,상해없음,승용,여,48세,경상
2012052700100482,2012년 5월 27일 20시,일요일,충청북도 청주시 흥덕구 송정동,중상사고,0,2,1,0,차대차 - 기타,안전운전불이행,건조,맑음,교차로 - 교차로부근,승합,남,52세,상해없음,승용,여,50세,중상
2012052700100514,2012년 5월 27일 21시,일요일,충청북도 충주시 연수동,경상사고,0,0,1,0,차대차 - 기타,차로위반,건조,맑음,교차로 - 교차로부근,기타불명,기타불명,기타불명,기타불명,이륜,남,18세,경상
2012052700100515,2012년 5월 27일 21시,일요일,충청북도 제천시 수산면,경상사고,0,0,2,0,차대차 - 추돌 - 진행중,안전운전불이행,건조,맑음,단일로 - 교량,승합,남,50세,상해없음,승용,남,31세,경상
2012052700100566,2012년 5월 27일 23시,일요일,충청북도 청원군 북이면,경상사고,0,0,1,0,차량단독 - 기타,안전운전불이행,건조,맑음,단일로 - 기타,승용,남,42세,상해없음,,,,
2012052700100567,2012년 5월 27일 23시,일요일,충청북도 제천시 두학동,경상사고,0,0,2,0,차대차 - 측면직각충돌,중앙선침범,건조,맑음,단일로 - 기타,승용,여,33세,상해없음,승용,남,53세,경상
2012052800100010,2012년 5월 28일 00시,월요일,충청북도 옥천군 옥천읍,부상신고사고,0,0,0,1,차대차 - 측면직각충돌,안전운전불이행,건조,맑음,교차로 - 교차로안,승용,남,39세,부상신고,승용,남,37세,상해없음
2012052800100048,2012년 5월 28일 03시,월요일,충청북도 청주시 흥덕구 사창동,경상사고,0,0,3,0,차대차 - 기타,신호위반,습기,비,교차로 - 교차로안,승용,남,27세,상해없음,승용,남,31세,경상
2012052800100099,2012년 5월 28일 07시,월요일,충청북도 충주시 목행동,중상사고,0,1,3,0,차대차 - 추돌 - 진행중,안전거리미확보,건조,맑음,단일로 - 교량,건설기계,남,53세,상해없음,승용,남,69세,경상
2012052800100114,2012년 5월 28일 08시,월요일,충청북도 옥천군 군북면,부상신고사고,0,0,0,1,차량단독 - 기타,안전운전불이행,건조,맑음,단일로 - 기타,이륜,남,59세,부상신고,,,,
2012052800100115,2012년 5월 28일 08시,월요일,충청북도 청주시 흥덕구 복대동,경상사고,0,0,1,0,차대사람 - 기타,안전운전불이행,건조,맑음,교차로 - 교차로안,승용,남,35세,상해없음,보행자,여,17세,경상
2012052800100134,2012년 5월 28일 09시,월요일,충청북도 청주시 흥덕구 가경동,중상사고,0,1,0,0,차대차 - 측면직각충돌,안전운전불이행,건조,맑음,교차로 - 교차로부근,승용,여,52세,상해없음,승용,여,49세,중상
2012052800100154,2012년 5월 28일 10시,월요일,충청북도 충주시 엄정면,경상사고,0,0,1,0,차대차 - 측면직각충돌,직진우회전진행방해,건조,맑음,교차로 - 교차로안,승용,남,62세,상해없음,원동기,여,55세,경상
2012052800100155,2012년 5월 28일 10시,월요일,충청북도 단양군 매포읍,경상사고,0,0,6,0,차대차 - 측면직각충돌,직진우회전진행방해,건조,맑음,교차로 - 교차로안,승용,남,77세,경상,승용,남,30세,경상
2012052800100213,2012년 5월 28일 12시,월요일,충청북도 충주시 살미면,경상사고,0,0,2,0,차대차 - 측면직각충돌,중앙선침범,건조,맑음,단일로 - 기타,승용,남,24세,상해없음,화물,남,46세,경상
2012052800100239,2012년 5월 28일 13시,월요일,충청북도 제천시 장락동,경상사고,0,0,3,0,차대차 - 기타,직진우회전진행방해,건조,맑음,교차로 - 교차로안,승용,여,42세,경상,승용,남,39세,경상
2012052800100240,2012년 5월 28일 13시,월요일,충청북도 제천시 영천동,중상사고,0,1,0,0,차대차 - 기타,안전운전불이행,건조,맑음,교차로 - 교차로안,화물,남,52세,상해없음,화물,남,45세,중상
2012052800100241,2012년 5월 28일 13시,월요일,충청북도 보은군 보은읍,중상사고,0,1,0,0,차대차 - 측면직각충돌,교차로운행방법위반,건조,맑음,교차로 - 교차로안,승용,남,65세,상해없음,원동기,남,72세,중상
2012052800100278,2012년 5월 28일 14시,월요일,충청북도 충주시 엄정면,중상사고,0,1,0,0,차대차 - 측면직각충돌,안전운전불이행,건조,맑음,단일로 - 기타,화물,여,71세,상해없음,승용,남,61세,상해없음
2012052800100279,2012년 5월 28일 14시,월요일,충청북도 청주시 흥덕구 휴암동,경상사고,0,0,4,0,차대차 - 추돌 - 진행중,안전거리미확보,건조,맑음,교차로 - 교차로부근,승용,남,42세,상해없음,승용,남,38세,경상
2012052800100280,2012년 5월 28일 14시,월요일,충청북도 청주시 상당구 용정동,경상사고,0,0,1,0,차대차 - 측면직각충돌,안전운전불이행,건조,흐림,교차로 - 교차로부근,승용,남,36세,상해없음,원동기,남,45세,경상
2012052800100316,2012년 5월 28일 15시,월요일,충청북도 청주시 상당구 우암동,경상사고,0,0,4,0,차대차 - 기타,교차로운행방법위반,건조,맑음,교차로 - 교차로안,승용,여,56세,경상,승용,남,73세,상해없음
2012052800100317,2012년 5월 28일 15시,월요일,충청북도 제천시 봉양읍,경상사고,0,0,1,0,차대차 - 기타,안전운전불이행,건조,맑음,교차로 - 교차로안,원동기,남,73세,경상,승용,남,48세,상해없음
2012052800100318,2012년 5월 28일 15시,월요일,충청북도 옥천군 옥천읍,경상사고,0,0,4,0,차대차 - 측면직각충돌,직진우회전진행방해,건조,맑음,교차로 - 교차로안,승용,남,35세,상해없음,승합,남,57세,경상
2012052800100319,2012년 5월 28일 15시,월요일,충청북도 청주시 흥덕구 문암동,경상사고,0,0,1,0,차대사람 - 기타,안전운전불이행,건조,맑음,단일로 - 기타,자전거,여,44세,상해없음,보행자,남,8세,경상
2012052800100351,2012년 5월 28일 16시,월요일,충청북도 청주시 상당구 북문로3가동,경상사고,0,0,2,0,차대차 - 기타,안전운전불이행,건조,맑음,교차로 - 교차로부근,승용,남,46세,경상,승용,남,51세,경상
2012052800100352,2012년 5월 28일 16시,월요일,충청북도 충주시 수안보면,중상사고,0,3,1,0,차대차 - 추돌 - 진행중,안전운전불이행,건조,맑음,교차로 - 교차로안,승용,남,53세,상해없음,승용,남,58세,중상
2012052800100353,2012년 5월 28일 16시,월요일,충청북도 영동군 용산면,중상사고,0,2,0,0,차대차 - 기타,안전운전불이행,습기,비,교차로 - 교차로안,화물,남,22세,상해없음,원동기,남,72세,중상
2012052800100384,2012년 5월 28일 17시,월요일,충청북도 음성군 대소면,경상사고,0,0,1,0,차대차 - 측면직각충돌,교차로운행방법위반,건조,맑음,교차로 - 교차로안,승용,여,42세,상해없음,승용,남,53세,경상
2012052800100418,2012년 5월 28일 18시,월요일,충청북도 청주시 상당구 남주동,경상사고,0,0,1,0,차대차 - 추돌 - 진행중,안전운전불이행,건조,맑음,교차로 - 교차로부근,승용,여,65세,상해없음,승용,여,51세,경상
2012052800100419,2012년 5월 28일 18시,월요일,충청북도 청주시 상당구 우암동,경상사고,0,0,1,0,차대차 - 기타,안전운전불이행,건조,맑음,단일로 - 기타,승합,남,46세,상해없음,승용,남,56세,상해없음
2012052800100420,2012년 5월 28일 18시,월요일,충청북도 충주시 대소원면,중상사고,0,3,1,0,차대차 - 추돌 - 주정차중,안전운전불이행,습기,비,단일로 - 기타,승합,남,61세,상해없음,승용,남,54세,중상
2012052800100421,2012년 5월 28일 18시,월요일,충청북도 제천시 고암동,경상사고,0,0,1,0,차대차 - 기타,안전운전불이행,건조,맑음,교차로 - 교차로부근,화물,여,48세,상해없음,승용,여,25세,경상
2012052800100422,2012년 5월 28일 18시,월요일,충청북도 음성군 감곡면,경상사고,0,0,3,0,차대차 - 측면직각충돌,안전운전불이행,건조,맑음,단일로 - 기타,승용,남,23세,상해없음,승용,남,56세,경상
2012052800100470,2012년 5월 28일 20시,월요일,충청북도 청주시 상당구 내덕동,경상사고,0,0,1,0,차대사람 - 기타,보행자보호의무위반,건조,맑음,단일로 - 횡단보도상,승용,남,53세,상해없음,보행자,여,52세,경상
2012052800100522,2012년 5월 28일 22시,월요일,충청북도 청주시 상당구 탑동,경상사고,0,0,2,0,차대차 - 기타,안전운전불이행,건조,맑음,교차로 - 교차로안,승용,남,50세,상해없음,승용,여,31세,경상
2012052800100548,2012년 5월 28일 23시,월요일,충청북도 청주시 흥덕구 복대동,경상사고,0,0,1,0,차대사람 - 보도통행중,안전운전불이행,건조,맑음,단일로 - 기타,기타불명,기타불명,기타불명,기타불명,보행자,여,52세,경상
2012052800100549,2012년 5월 28일 23시,월요일,충청북도 청주시 상당구 용암동,경상사고,0,0,1,0,차대차 - 측면직각충돌,안전운전불이행,건조,맑음,교차로 - 교차로안,승용,남,41세,상해없음,승용,남,19세,상해없음
2012052800100550,2012년 5월 28일 23시,월요일,충청북도 청주시 상당구 용암동,경상사고,0,0,1,0,차대차 - 측면직각충돌,교차로운행방법위반,건조,맑음,교차로 - 교차로안,승용,남,48세,상해없음,원동기,남,17세,경상
2012052900100056,2012년 5월 29일 06시,화요일,충청북도 청원군 현도면,부상신고사고,0,0,0,1,차대차 - 측면직각충돌,안전운전불이행,건조,맑음,단일로 - 기타,승용,남,29세,부상신고,승합,남,56세,상해없음
2012052900100077,2012년 5월 29일 07시,화요일,충청북도 영동군 학산면,경상사고,0,0,1,0,차대차 - 기타,교차로운행방법위반,건조,맑음,교차로 - 교차로안,자전거,남,22세,경상,화물,남,57세,상해없음
2012052900100106,2012년 5월 29일 08시,화요일,충청북도 충주시 대소원면,중상사고,0,4,1,0,차대차 - 추돌 - 진행중,안전운전불이행,건조,흐림,교차로 - 교차로부근,승용,남,30세,상해없음,화물,남,53세,중상
2012052900100107,2012년 5월 29일 08시,화요일,충청북도 옥천군 옥천읍,경상사고,0,0,1,0,차대차 - 측면직각충돌,안전운전불이행,건조,맑음,교차로 - 교차로안,승용,남,53세,상해없음,승용,남,27세,경상
2012052900100108,2012년 5월 29일 08시,화요일,충청북도 청주시 흥덕구 봉명동,경상사고,0,0,1,0,차대차 - 측면직각충돌,교차로운행방법위반,건조,맑음,교차로 - 교차로안,승용,여,44세,상해없음,자전거,여,13세,경상
2012052900100179,2012년 5월 29일 10시,화요일,충청북도 청주시 상당구 사천동,경상사고,0,0,3,0,차대차 - 기타,안전운전불이행,건조,맑음,교차로 - 교차로부근,화물,남,55세,상해없음,화물,남,70세,상해없음
2012052900100212,2012년 5월 29일 11시,화요일,충청북도 옥천군 옥천읍,중상사고,0,1,0,0,차대차 - 측면직각충돌,안전운전불이행,건조,맑음,교차로 - 교차로안,자전거,여,58세,중상,승용,남,56세,상해없음
2012052900100253,2012년 5월 29일 13시,화요일,충청북도 제천시 청전동,중상사고,0,1,0,0,차대차 - 측면직각충돌,신호위반,건조,맑음,교차로 - 교차로안,화물,남,60세,상해없음,승용,남,26세,중상
2012052900100254,2012년 5월 29일 13시,화요일,충청북도 음성군 삼성면,경상사고,0,0,1,0,차대차 - 측면직각충돌,교차로운행방법위반,건조,맑음,교차로 - 교차로안,화물,남,46세,상해없음,원동기,남,70세,경상
2012052900100286,2012년 5월 29일 14시,화요일,충청북도 청주시 흥덕구 정봉동,경상사고,0,0,1,0,차대차 - 측면직각충돌,중앙선침범,건조,맑음,단일로 - 기타,승용,남,56세,상해없음,원동기,남,59세,경상
2012052900100287,2012년 5월 29일 14시,화요일,충청북도 청원군 남이면,경상사고,0,0,2,0,차대차 - 측면직각충돌,신호위반,건조,맑음,교차로 - 교차로부근,승용,여,52세,경상,승용,남,52세,경상
2012052900100288,2012년 5월 29일 14시,화요일,충청북도 청주시 흥덕구 산남동,경상사고,0,0,1,0,차대차 - 추돌 - 주정차중,안전운전불이행,건조,맑음,교차로 - 교차로안,승용,여,46세,상해없음,승용,남,46세,경상
2012052900100323,2012년 5월 29일 15시,화요일,충청북도 청주시 상당구 우암동,경상사고,0,0,1,0,차대차 - 기타,안전운전불이행,건조,맑음,교차로 - 교차로부근,승용,남,59세,상해없음,승용,남,55세,경상
2012052900100355,2012년 5월 29일 16시,화요일,충청북도 영동군 상촌면,중상사고,0,1,0,0,차대차 - 측면직각충돌,불법유턴,건조,맑음,단일로 - 기타,농기계,남,69세,중상,화물,남,46세,상해없음
2012052900100432,2012년 5월 29일 18시,화요일,충청북도 충주시 산척면,사망사고,1,1,0,0,차대차 - 기타,안전운전불이행,건조,맑음,단일로 - 기타,승용,남,71세,상해없음,농기계,남,54세,사망
2012052900100433,2012년 5월 29일 18시,화요일,충청북도 충주시 교현동,중상사고,0,1,0,0,차량단독 - 기타,안전운전불이행,건조,맑음,단일로 - 기타,승합,남,43세,상해없음,,,,
2012052900100434,2012년 5월 29일 18시,화요일,충청북도 제천시 명동,중상사고,0,1,0,0,차대사람 - 기타,안전운전불이행,건조,맑음,단일로 - 횡단보도부근,기타불명,기타불명,기타불명,기타불명,보행자,남,12세,중상
2012052900100491,2012년 5월 29일 20시,화요일,충청북도 청주시 상당구 석교동,경상사고,0,0,6,0,차대차 - 기타,안전운전불이행,건조,맑음,교차로 - 교차로안,승용,남,46세,경상,승용,남,54세,경상
2012052900100492,2012년 5월 29일 20시,화요일,충청북도 제천시 천남동,경상사고,0,0,1,0,차대차 - 측면직각충돌,신호위반,건조,맑음,교차로 - 교차로안,승용,남,50세,상해없음,이륜,남,54세,경상
2012052900100522,2012년 5월 29일 21시,화요일,충청북도 청원군 내수읍,경상사고,0,0,2,0,차대차 - 기타,안전운전불이행,건조,맑음,교차로 - 교차로부근,승용,남,59세,상해없음,승용,남,31세,경상
2012052900100523,2012년 5월 29일 21시,화요일,충청북도 청원군 오창읍,경상사고,0,0,2,0,차대차 - 기타,안전운전불이행,건조,맑음,단일로 - 기타,승용,남,41세,상해없음,승용,남,48세,경상
2012052900100550,2012년 5월 29일 22시,화요일,충청북도 청주시 상당구 용암동,경상사고,0,0,2,0,차대차 - 추돌 - 주정차중,안전운전불이행,건조,맑음,교차로 - 교차로부근,화물,남,46세,상해없음,승용,남,36세,상해없음
2012052900100571,2012년 5월 29일 23시,화요일,충청북도 청주시 상당구 용암동,중상사고,0,2,3,0,차대차 - 측면직각충돌,안전운전불이행,건조,맑음,교차로 - 교차로안,승합,여,38세,경상,승합,남,34세,중상
2012053000100044,2012년 5월 30일 03시,수요일,충청북도 청주시 흥덕구 가경동,경상사고,0,0,1,0,차대차 - 측면직각충돌,안전거리미확보,건조,맑음,교차로 - 교차로부근,승용,남,46세,상해없음,화물,남,35세,경상
2012053000100051,2012년 5월 30일 04시,수요일,충청북도 옥천군 이원면,경상사고,0,0,1,0,차대사람 - 기타,안전운전불이행,건조,흐림,단일로 - 기타,화물,남,43세,상해없음,보행자,남,51세,경상
2012053000100102,2012년 5월 30일 08시,수요일,충청북도 괴산군 불정면,중상사고,0,1,0,0,차대차 - 측면직각충돌,직진우회전진행방해,습기,흐림,교차로 - 교차로안,화물,남,60세,상해없음,승용,남,64세,중상
2012053000100103,2012년 5월 30일 08시,수요일,충청북도 청주시 흥덕구 사창동,경상사고,0,0,2,0,차대차 - 추돌 - 진행중,안전운전불이행,건조,맑음,단일로 - 기타,승용,남,64세,상해없음,화물,남,36세,경상
2012053000100161,2012년 5월 30일 10시,수요일,충청북도 제천시 청전동,경상사고,0,0,1,0,차대차 - 기타,신호위반,건조,맑음,교차로 - 교차로안,승용,남,78세,상해없음,승용,여,57세,경상
2012053000100190,2012년 5월 30일 11시,수요일,충청북도 제천시 고암동,경상사고,0,0,1,0,차대차 - 기타,직진우회전진행방해,건조,맑음,교차로 - 교차로안,승용,남,52세,상해없음,화물,남,29세,경상
2012053000100216,2012년 5월 30일 12시,수요일,충청북도 청원군 남일면,중상사고,0,1,1,1,차량단독 - 공작물충돌,안전운전불이행,건조,맑음,기타 - 기타,승용,여,44세,경상,,,,
2012053000100247,2012년 5월 30일 13시,수요일,충청북도 청주시 흥덕구 사창동,경상사고,0,0,1,0,차대사람 - 횡단중,안전운전불이행,건조,맑음,단일로 - 기타,이륜,남,39세,상해없음,보행자,남,19세,경상
2012053000100270,2012년 5월 30일 14시,수요일,충청북도 충주시 대소원면,중상사고,0,1,0,0,차대차 - 측면직각충돌,직진우회전진행방해,건조,맑음,교차로 - 교차로안,승용,남,30세,상해없음,승용,남,44세,중상
2012053000100287,2012년 5월 30일 15시,수요일,충청북도 청원군 오창읍,경상사고,0,0,1,0,차대차 - 기타,안전운전불이행,건조,맑음,단일로 - 기타,승용,남,30세,상해없음,화물,남,55세,경상
2012053000100288,2012년 5월 30일 15시,수요일,충청북도 청주시 흥덕구 봉명동,경상사고,0,0,1,0,차대차 - 측면직각충돌,중앙선침범,건조,맑음,단일로 - 기타,승합,남,54세,상해없음,원동기,남,50세,경상
2012053000100289,2012년 5월 30일 15시,수요일,충청북도 청주시 흥덕구 수곡동,경상사고,0,0,3,0,차대차 - 기타,안전운전불이행,건조,맑음,교차로 - 교차로부근,화물,남,54세,상해없음,승용,남,23세,경상
2012053000100348,2012년 5월 30일 17시,수요일,충청북도 청원군 북이면,중상사고,0,1,0,0,차대차 - 정면충돌,신호위반,건조,맑음,교차로 - 교차로안,화물,남,72세,상해없음,화물,남,23세,중상
2012053000100384,2012년 5월 30일 18시,수요일,충청북도 증평군 증평읍,중상사고,0,1,0,0,차대사람 - 횡단중,안전운전불이행,건조,맑음,단일로 - 기타,화물,남,38세,상해없음,보행자,여,7세,중상
2012053000100385,2012년 5월 30일 18시,수요일,충청북도 보은군 삼승면,사망사고,1,4,0,0,차량단독 - 공작물충돌,안전운전불이행,건조,맑음,단일로 - 기타,화물,남,55세,중상,,,,
2012053000100425,2012년 5월 30일 19시,수요일,충청북도 청주시 흥덕구 휴암동,경상사고,0,0,1,0,차대차 - 추돌 - 주정차중,안전거리미확보,건조,맑음,단일로 - 기타,승용,여,39세,상해없음,승용,남,25세,경상
2012053000100519,2012년 5월 30일 22시,수요일,충청북도 청원군 남일면,경상사고,0,0,1,0,차량단독 - 기타,안전운전불이행,기타,맑음,기타 - 기타,승용,남,34세,경상,,,,
2012053100100015,2012년 5월 31일 00시,목요일,충청북도 제천시 청전동,경상사고,0,0,2,0,차대사람 - 기타,안전운전불이행,건조,맑음,단일로 - 기타,승용,여,39세,상해없음,보행자,여,46세,경상
2012053100100077,2012년 5월 31일 06시,목요일,충청북도 청주시 흥덕구 사창동,경상사고,0,0,2,0,차대차 - 측면직각충돌,안전운전불이행,건조,맑음,교차로 - 교차로안,승용,남,42세,상해없음,승용,남,55세,경상
2012053100100097,2012년 5월 31일 07시,목요일,충청북도 청주시 상당구 우암동,경상사고,0,0,2,0,차대차 - 측면직각충돌,안전운전불이행,건조,맑음,교차로 - 교차로부근,승용,남,24세,상해없음,자전거,남,16세,경상
2012053100100098,2012년 5월 31일 07시,목요일,충청북도 청주시 흥덕구 사창동,경상사고,0,0,1,0,차대차 - 측면직각충돌,안전운전불이행,건조,맑음,단일로 - 기타,자전거,남,58세,경상,승용,여,24세,상해없음
2012053100100099,2012년 5월 31일 07시,목요일,충청북도 청원군 오송읍,중상사고,0,2,1,0,차대차 - 측면직각충돌,교차로운행방법위반,건조,맑음,교차로 - 교차로안,승용,남,32세,경상,승용,여,43세,중상
2012053100100124,2012년 5월 31일 08시,목요일,충청북도 보은군 보은읍,경상사고,0,0,1,0,차대차 - 정면충돌,안전운전불이행,건조,맑음,교차로 - 교차로안,원동기,남,35세,기타불명,자전거,남,11세,경상
2012053100100179,2012년 5월 31일 10시,목요일,충청북도 청주시 상당구 남문로1가동,경상사고,0,0,1,0,차대사람 - 기타,안전운전불이행,건조,맑음,단일로 - 기타,기타불명,기타불명,기타불명,기타불명,보행자,남,38세,경상
2012053100100205,2012년 5월 31일 11시,목요일,충청북도 청주시 흥덕구 송정동,중상사고,0,1,0,0,차대차 - 추돌 - 주정차중,신호위반,건조,맑음,교차로 - 교차로안,이륜,남,69세,중상,승용,남,47세,상해없음
2012053100100206,2012년 5월 31일 11시,목요일,충청북도 청주시 흥덕구 비하동,경상사고,0,0,1,0,차대차 - 기타,안전거리미확보,건조,맑음,단일로 - 기타,화물,남,50세,상해없음,승용,여,37세,경상
2012053100100245,2012년 5월 31일 12시,목요일,충청북도 청주시 상당구 용담동,경상사고,0,0,1,0,차대차 - 기타,안전운전불이행,건조,맑음,교차로 - 교차로부근,승용,남,50세,상해없음,승용,미분류,기타불명,기타불명
2012053100100273,2012년 5월 31일 13시,목요일,충청북도 제천시 영천동,중상사고,0,2,1,0,차대차 - 기타,안전거리미확보,건조,맑음,단일로 - 기타,승용,남,47세,상해없음,승용,여,34세,경상
2012053100100297,2012년 5월 31일 14시,목요일,충청북도 진천군 진천읍,경상사고,0,0,2,0,차대사람 - 기타,안전운전불이행,건조,맑음,기타 - 기타,승용,남,36세,상해없음,보행자,여,29세,경상
2012053100100330,2012년 5월 31일 15시,목요일,충청북도 음성군 생극면,경상사고,0,0,1,0,차대차 - 측면직각충돌,교차로운행방법위반,건조,맑음,교차로 - 교차로안,화물,남,50세,상해없음,승용,남,71세,경상
2012053100100331,2012년 5월 31일 15시,목요일,충청북도 청원군 옥산면,경상사고,0,0,1,0,차대사람 - 횡단중,안전운전불이행,건조,맑음,단일로 - 기타,승용,남,59세,상해없음,보행자,여,2세,경상
2012053100100363,2012년 5월 31일 16시,목요일,충청북도 영동군 영동읍,중상사고,0,1,0,0,차대사람 - 차도통행중,안전운전불이행,건조,맑음,교차로 - 교차로부근,화물,여,52세,상해없음,보행자,여,71세,중상
2012053100100395,2012년 5월 31일 17시,목요일,충청북도 청주시 상당구 내덕동,경상사고,0,0,1,0,차대사람 - 횡단중,안전운전불이행,건조,맑음,단일로 - 기타,승용,여,45세,상해없음,보행자,여,6세,경상
2012053100100396,2012년 5월 31일 17시,목요일,충청북도 청주시 흥덕구 사창동,중상사고,0,1,0,0,차대사람 - 기타,안전운전불이행,건조,맑음,교차로 - 교차로부근,승용,남,25세,상해없음,보행자,여,41세,중상
2012053100100445,2012년 5월 31일 18시,목요일,충청북도 청주시 상당구 율량동,경상사고,0,0,1,0,차대사람 - 기타,안전운전불이행,건조,맑음,교차로 - 교차로부근,승용,남,51세,상해없음,보행자,남,75세,경상
2012053100100480,2012년 5월 31일 19시,목요일,충청북도 청주시 상당구 영동,경상사고,0,0,1,0,차대차 - 기타,안전거리미확보,건조,맑음,단일로 - 기타,승용,남,47세,상해없음,원동기,남,21세,경상
2012053100100512,2012년 5월 31일 20시,목요일,충청북도 제천시 왕암동,경상사고,0,0,3,0,차대차 - 기타,신호위반,건조,맑음,교차로 - 교차로안,승용,남,25세,경상,승용,여,29세,경상
2012053100100513,2012년 5월 31일 20시,목요일,충청북도 영동군 영동읍,중상사고,0,1,0,0,차대사람 - 횡단중,중앙선침범,건조,맑음,단일로 - 기타,화물,남,38세,상해없음,보행자,여,70세,중상
2012053100100514,2012년 5월 31일 20시,목요일,충청북도 청원군 미원면,중상사고,0,1,0,0,차대차 - 기타,중앙선침범,건조,맑음,단일로 - 기타,기타불명,기타불명,기타불명,기타불명,자전거,남,66세,중상
2012053100100564,2012년 5월 31일 21시,목요일,충청북도 청주시 상당구 남문로2가동,경상사고,0,0,2,0,차대차 - 기타,안전운전불이행,건조,맑음,교차로 - 교차로부근,승용,남,45세,상해없음,승용,여,31세,경상
2012053100100565,2012년 5월 31일 21시,목요일,충청북도 제천시 중앙로2가,경상사고,0,0,3,0,차대차 - 추돌 - 진행중,안전운전불이행,건조,맑음,단일로 - 기타,승용,남,56세,상해없음,승합,남,31세,경상
2012053100100566,2012년 5월 31일 21시,목요일,충청북도 옥천군 옥천읍,중상사고,0,2,0,0,차대차 - 정면충돌,중앙선침범,건조,맑음,단일로 - 기타,이륜,남,17세,상해없음,이륜,남,60세,중상
2012053100100603,2012년 5월 31일 22시,목요일,충청북도 청주시 상당구 북문로2가동,경상사고,0,0,1,0,차대사람 - 기타,안전운전불이행,건조,맑음,단일로 - 기타,기타불명,기타불명,기타불명,기타불명,보행자,여,60세,경상
2012053100100604,2012년 5월 31일 22시,목요일,충청북도 제천시 중앙로1가,경상사고,0,0,1,0,차대차 - 기타,신호위반,건조,맑음,교차로 - 교차로안,원동기,남,47세,경상,승용,남,48세,상해없음
2012053100100605,2012년 5월 31일 22시,목요일,충청북도 제천시 강제동,중상사고,0,5,2,0,차대차 - 측면직각충돌,신호위반,건조,맑음,교차로 - 교차로안,승합,여,37세,상해없음,승합,여,50세,중상
2012053100100606,2012년 5월 31일 22시,목요일,충청북도 청주시 흥덕구 복대동,경상사고,0,0,1,0,차대차 - 측면직각충돌,안전운전불이행,건조,맑음,단일로 - 기타,화물,남,42세,기타불명,승용,여,50세,경상
2012053100100639,2012년 5월 31일 23시,목요일,충청북도 청주시 흥덕구 성화동,경상사고,0,0,1,0,차대차 - 측면직각충돌,신호위반,건조,맑음,교차로 - 교차로안,승용,여,32세,상해없음,승용,남,32세,상해없음
2012060100100034,2012년 6월 1일 01시,금요일,충청북도 제천시 두학동,경상사고,0,0,1,0,차대차 - 기타,중앙선침범,건조,맑음,단일로 - 기타,승용,남,33세,상해없음,화물,남,48세,경상
2012060100100053,2012년 6월 1일 02시,금요일,충청북도 청주시 상당구 용암동,경상사고,0,0,1,0,차대사람 - 기타,안전운전불이행,건조,맑음,단일로 - 기타,승용,남,27세,상해없음,보행자,남,27세,경상
2012060100100095,2012년 6월 1일 06시,금요일,충청북도 청주시 흥덕구 봉명동,중상사고,0,1,0,0,차대차 - 측면직각충돌,안전운전불이행,건조,맑음,교차로 - 교차로안,승용,남,53세,상해없음,자전거,남,77세,중상