사고번호,사고일시,요일,시군구,사고내용,사망자수,중상자수,경상자수,부상신고자수,사고유형,법규위반,노면상태,기상상태,도로형태,가해운전자 차종,가해운전자 성별,가해운전자 연령,가해운전자 상해정도,피해운전자 차종,피해운전자 성별,피해운전자 연령,피해운전자 상해정도
2012060100100096,2012년 6월 1일 06시,금요일,충청북도 청원군 남일면,중상사고,0,1,0,0,차대차 - 추돌 - 주정차중,안전운전불이행,건조,맑음,단일로 - 기타,화물,남,52세,중상,건설기계,남,51세,상해없음
2012060100100117,2012년 6월 1일 07시,금요일,충청북도 진천군 진천읍,중상사고,0,5,3,0,차대차 - 측면직각충돌,신호위반,건조,맑음,교차로 - 교차로안,승용,남,49세,상해없음,승합,남,39세,중상
2012060100100154,2012년 6월 1일 08시,금요일,충청북도 제천시 동현동,경상사고,0,0,1,0,차대차 - 측면직각충돌,신호위반,건조,맑음,교차로 - 교차로부근,승용,남,63세,상해없음,승용,남,31세,경상
2012060100100155,2012년 6월 1일 08시,금요일,충청북도 청주시 흥덕구 사창동,중상사고,0,1,0,0,차대사람 - 횡단중,안전운전불이행,건조,맑음,단일로 - 기타,화물,남,65세,상해없음,보행자,남,60세,중상
2012060100100156,2012년 6월 1일 08시,금요일,충청북도 청주시 상당구 영운동,부상신고사고,0,0,0,1,차대사람 - 기타,안전운전불이행,건조,맑음,단일로 - 기타,승용,남,32세,상해없음,보행자,여,14세,부상신고
2012060100100200,2012년 6월 1일 09시,금요일,충청북도 영동군 영동읍,중상사고,0,1,0,0,차대차 - 기타,안전운전불이행,건조,맑음,단일로 - 기타,원동기,남,20세,중상,승용,남,51세,상해없음
2012060100100228,2012년 6월 1일 10시,금요일,충청북도 청원군 미원면,중상사고,0,1,0,0,차량단독 - 도로외이탈 - 기타,안전운전불이행,건조,맑음,단일로 - 기타,화물,남,47세,중상,,,,
2012060100100275,2012년 6월 1일 12시,금요일,충청북도 청주시 흥덕구 사직동,경상사고,0,0,1,0,차대차 - 측면직각충돌,안전운전불이행,건조,맑음,단일로 - 기타,승용,남,33세,상해없음,승용,여,37세,경상
2012060100100307,2012년 6월 1일 13시,금요일,충청북도 청원군 옥산면,경상사고,0,0,1,0,차대차 - 기타,기타,건조,맑음,교차로 - 교차로안,승용,남,49세,상해없음,원동기,남,71세,경상
2012060100100308,2012년 6월 1일 13시,금요일,충청북도 청주시 흥덕구 비하동,중상사고,0,1,0,0,차대사람 - 횡단중,보행자보호의무위반,건조,맑음,교차로 - 교차로부근,화물,남,43세,상해없음,보행자,여,65세,중상
2012060100100335,2012년 6월 1일 14시,금요일,충청북도 음성군 금왕읍,경상사고,0,0,1,0,차대차 - 정면충돌,안전운전불이행,건조,맑음,교차로 - 교차로안,승용,남,37세,상해없음,승용,여,30세,경상
2012060100100363,2012년 6월 1일 15시,금요일,충청북도 청주시 상당구 문화동,중상사고,0,1,0,0,차대사람 - 기타,안전운전불이행,건조,맑음,교차로 - 교차로부근,승용,여,42세,상해없음,보행자,여,62세,중상
2012060100100395,2012년 6월 1일 16시,금요일,충청북도 청주시 흥덕구 사직동,경상사고,0,0,1,0,차대차 - 측면직각충돌,안전운전불이행,건조,맑음,단일로 - 기타,자전거,남,14세,경상,승용,남,77세,상해없음
2012060100100431,2012년 6월 1일 17시,금요일,충청북도 음성군 금왕읍,경상사고,0,0,1,0,차대차 - 측면직각충돌,신호위반,건조,맑음,교차로 - 교차로안,화물,남,54세,상해없음,승용,남,46세,경상
2012060100100432,2012년 6월 1일 17시,금요일,충청북도 청주시 흥덕구 개신동,중상사고,0,1,0,0,차대차 - 측면직각충돌,중앙선침범,건조,맑음,교차로 - 교차로부근,승용,여,46세,상해없음,이륜,남,16세,중상
2012060100100508,2012년 6월 1일 19시,금요일,충청북도 제천시 청전동,중상사고,0,1,3,0,차대차 - 추돌 - 진행중,안전운전불이행,건조,맑음,단일로 - 기타,화물,남,66세,상해없음,승용,여,36세,중상
2012060100100591,2012년 6월 1일 21시,금요일,충청북도 청주시 상당구 용정동,경상사고,0,0,2,0,차대차 - 추돌 - 주정차중,안전운전불이행,건조,맑음,교차로 - 교차로부근,승용,남,51세,상해없음,승용,남,33세,경상
2012060100100629,2012년 6월 1일 22시,금요일,충청북도 청주시 상당구 영운동,중상사고,0,1,0,0,차대사람 - 횡단중,안전운전불이행,건조,맑음,단일로 - 기타,승용,남,48세,상해없음,보행자,남,48세,중상
2012060100100660,2012년 6월 1일 23시,금요일,충청북도 충주시 연수동,경상사고,0,0,1,0,차대사람 - 길가장자리구역통행중,안전운전불이행,건조,맑음,단일로 - 기타,승용,남,69세,상해없음,보행자,남,28세,경상
2012060100100661,2012년 6월 1일 23시,금요일,충청북도 청주시 상당구 영운동,경상사고,0,0,1,0,차대차 - 추돌 - 진행중,안전운전불이행,건조,맑음,교차로 - 교차로안,승용,남,26세,상해없음,승용,남,56세,경상
2012060200100021,2012년 6월 2일 00시,토요일,충청북도 청주시 상당구 정상동,중상사고,0,1,0,0,차량단독 - 전도전복,안전운전불이행,건조,맑음,단일로 - 기타,이륜,남,29세,중상,,,,
2012060200100022,2012년 6월 2일 00시,토요일,충청북도 청주시 흥덕구 사직동,경상사고,0,0,1,0,차대차 - 기타,안전운전불이행,건조,맑음,교차로 - 교차로부근,원동기,남,33세,경상,승용,남,56세,상해없음
2012060200100023,2012년 6월 2일 00시,토요일,충청북도 청주시 흥덕구 개신동,경상사고,0,0,3,0,차대차 - 측면직각충돌,신호위반,건조,맑음,교차로 - 교차로안,승용,여,45세,상해없음,승용,남,41세,경상
2012060200100047,2012년 6월 2일 01시,토요일,충청북도 청주시 흥덕구 개신동,경상사고,0,0,1,0,차대차 - 추돌 - 진행중,안전운전불이행,건조,맑음,단일로 - 기타,승합,남,46세,상해없음,승용,남,49세,경상
2012060200100094,2012년 6월 2일 04시,토요일,충청북도 청주시 상당구 율량동,중상사고,0,2,0,0,차대차 - 기타,안전운전불이행,건조,맑음,단일로 - 기타,이륜,남,18세,중상,기타불명,미분류,기타불명,기타불명
2012060200100095,2012년 6월 2일 04시,토요일,충청북도 청주시 흥덕구 복대동,경상사고,0,0,2,0,차대차 - 기타,중앙선침범,건조,맑음,단일로 - 기타,승용,남,28세,상해없음,승용,남,63세,경상
2012060200100151,2012년 6월 2일 08시,토요일,충청북도 괴산군 연풍면,경상사고,0,0,3,0,차대차 - 기타,안전운전불이행,건조,맑음,단일로 - 기타,승용,남,52세,상해없음,승용,남,54세,경상
2012060200100199,2012년 6월 2일 10시,토요일,충청북도 음성군 원남면,중상사고,0,2,2,0,차대차 - 측면직각충돌,교차로운행방법위반,건조,맑음,교차로 - 교차로안,승용,여,58세,중상,승용,남,45세,경상
2012060200100200,2012년 6월 2일 10시,토요일,충청북도 청주시 흥덕구 수곡동,경상사고,0,0,1,0,차대사람 - 기타,안전운전불이행,건조,맑음,교차로 - 교차로안,승용,남,63세,상해없음,보행자,남,51세,경상
2012060200100261,2012년 6월 2일 12시,토요일,충청북도 제천시 고암동,경상사고,0,0,1,0,차대차 - 측면직각충돌,직진우회전진행방해,건조,맑음,교차로 - 교차로안,승용,남,58세,상해없음,승용,남,53세,상해없음
2012060200100262,2012년 6월 2일 12시,토요일,충청북도 음성군 삼성면,중상사고,0,1,0,0,차대차 - 기타,안전운전불이행,건조,맑음,교차로 - 교차로부근,승용,남,28세,상해없음,원동기,남,70세,중상
2012060200100335,2012년 6월 2일 14시,토요일,충청북도 청원군 오송읍,중상사고,0,1,1,0,차대차 - 측면직각충돌,교차로운행방법위반,건조,맑음,교차로 - 교차로안,건설기계,남,58세,경상,화물,남,53세,중상
2012060200100382,2012년 6월 2일 15시,토요일,충청북도 제천시 중앙로1가,경상사고,0,0,3,0,차대차 - 측면직각충돌,안전운전불이행,건조,맑음,교차로 - 교차로안,승용,여,58세,상해없음,승용,여,40세,경상
2012060200100418,2012년 6월 2일 16시,토요일,충청북도 청원군 오창읍,경상사고,0,0,1,0,차대차 - 측면직각충돌,신호위반,건조,맑음,교차로 - 교차로안,승용,남,27세,상해없음,승용,남,40세,경상
2012060200100419,2012년 6월 2일 16시,토요일,충청북도 충주시 대소원면,경상사고,0,0,2,0,차대차 - 측면직각충돌,안전거리미확보,건조,맑음,교차로 - 교차로부근,승용,남,33세,상해없음,승용,여,53세,경상
2012060200100420,2012년 6월 2일 16시,토요일,충청북도 단양군 단양읍,경상사고,0,0,1,0,차대사람 - 횡단중,안전운전불이행,건조,맑음,교차로 - 교차로안,승용,남,42세,상해없음,보행자,여,12세,경상
2012060200100421,2012년 6월 2일 16시,토요일,충청북도 청주시 흥덕구 복대동,중상사고,0,2,0,0,차대차 - 측면직각충돌,중앙선침범,건조,맑음,단일로 - 기타,이륜,남,54세,중상,화물,남,30세,상해없음
2012060200100422,2012년 6월 2일 16시,토요일,충청북도 청주시 흥덕구 모충동,경상사고,0,0,3,0,차대차 - 측면직각충돌,안전운전불이행,건조,맑음,단일로 - 기타,승용,남,47세,경상,화물,남,26세,경상
2012060200100423,2012년 6월 2일 16시,토요일,충청북도 청원군 가덕면,경상사고,0,0,1,0,차대차 - 추돌 - 진행중,안전운전불이행,건조,맑음,교차로 - 교차로부근,승합,남,59세,상해없음,승용,남,63세,경상
2012060200100457,2012년 6월 2일 17시,토요일,충청북도 청원군 옥산면,경상사고,0,0,1,0,차대차 - 측면직각충돌,안전운전불이행,건조,맑음,단일로 - 기타,화물,남,41세,상해없음,승용,남,27세,경상
2012060200100494,2012년 6월 2일 18시,토요일,충청북도 음성군 금왕읍,부상신고사고,0,0,0,1,차대차 - 추돌 - 진행중,안전거리미확보,건조,맑음,단일로 - 기타,승용,여,24세,상해없음,승용,남,47세,상해없음
2012060200100529,2012년 6월 2일 19시,토요일,충청북도 청주시 흥덕구 운천동,경상사고,0,0,3,0,차대차 - 추돌 - 주정차중,안전운전불이행,건조,맑음,교차로 - 교차로부근,승용,남,44세,경상,승용,남,25세,경상
2012060200100530,2012년 6월 2일 19시,토요일,충청북도 청주시 흥덕구 산남동,중상사고,0,1,0,0,차대차 - 측면직각충돌,신호위반,건조,맑음,교차로 - 교차로안,승용,남,61세,상해없음,원동기,남,24세,중상
2012060200100567,2012년 6월 2일 20시,토요일,충청북도 제천시 청전동,중상사고,0,1,0,0,차대사람 - 기타,안전운전불이행,습기,비,교차로 - 교차로안,화물,남,39세,상해없음,보행자,여,57세,중상
2012060200100568,2012년 6월 2일 20시,토요일,충청북도 단양군 단양읍,중상사고,0,4,4,0,차대차 - 정면충돌,중앙선침범,습기,비,단일로 - 교량,승용,여,50세,중상,승용,여,63세,경상
2012060200100569,2012년 6월 2일 20시,토요일,충청북도 청주시 상당구 용암동,경상사고,0,0,1,0,차대차 - 측면직각충돌,안전운전불이행,건조,맑음,교차로 - 교차로부근,승합,남,55세,상해없음,원동기,남,21세,경상
2012060200100622,2012년 6월 2일 22시,토요일,충청북도 충주시 문화동,경상사고,0,0,2,0,차대사람 - 횡단중,중앙선침범,건조,맑음,교차로 - 교차로부근,원동기,남,17세,경상,보행자,남,53세,경상
2012060200100623,2012년 6월 2일 22시,토요일,충청북도 청주시 상당구 지북동,중상사고,0,1,0,0,차대차 - 기타,신호위반,건조,맑음,교차로 - 교차로안,자전거,남,45세,중상,승용,남,52세,상해없음
2012060300100013,2012년 6월 3일 00시,일요일,충청북도 청주시 상당구 북문로2가동,경상사고,0,0,1,0,차대사람 - 길가장자리구역통행중,안전운전불이행,건조,맑음,단일로 - 기타,승용,여,22세,상해없음,보행자,남,48세,경상
2012060300100014,2012년 6월 3일 00시,일요일,충청북도 청주시 상당구 우암동,중상사고,0,4,0,0,차대차 - 측면직각충돌,교차로운행방법위반,건조,맑음,교차로 - 교차로안,승용,남,55세,중상,승용,여,51세,중상
2012060300100025,2012년 6월 3일 01시,일요일,충청북도 제천시 백운면,중상사고,0,1,0,0,차량단독 - 전도전복,안전운전불이행,건조,맑음,단일로 - 기타,승용,남,23세,상해없음,,,,
2012060300100056,2012년 6월 3일 03시,일요일,충청북도 충주시 교현동,경상사고,0,0,1,0,차대차 - 기타,안전운전불이행,건조,맑음,단일로 - 기타,승용,남,17세,상해없음,승용,남,57세,상해없음
2012060300100144,2012년 6월 3일 09시,일요일,충청북도 제천시 봉양읍,중상사고,0,2,2,0,차대차 - 기타,신호위반,건조,맑음,교차로 - 교차로안,승용,여,46세,상해없음,화물,남,65세,경상
2012060300100145,2012년 6월 3일 09시,일요일,충청북도 영동군 영동읍,경상사고,0,0,2,0,차대차 - 기타,안전운전불이행,건조,맑음,단일로 - 기타,농기계,남,48세,경상,승용,여,30세,경상
2012060300100189,2012년 6월 3일 11시,일요일,충청북도 청주시 흥덕구 가경동,경상사고,0,0,7,0,차대차 - 추돌 - 진행중,과속,건조,맑음,교차로 - 교차로안,승용,남,22세,경상,승용,남,35세,경상
2012060300100190,2012년 6월 3일 11시,일요일,충청북도 청주시 상당구 용암동,중상사고,0,2,3,0,차대차 - 기타,신호위반,건조,맑음,교차로 - 교차로안,특수,남,28세,상해없음,승용,여,32세,중상
2012060300100191,2012년 6월 3일 11시,일요일,충청북도 청주시 상당구 방서동,경상사고,0,0,1,0,차대차 - 기타,안전거리미확보,건조,맑음,교차로 - 교차로부근,승용,여,42세,상해없음,승용,남,42세,상해없음
2012060300100269,2012년 6월 3일 14시,일요일,충청북도 청원군 오창읍,사망사고,1,0,0,0,차대차 - 기타,신호위반,건조,맑음,교차로 - 교차로안,이륜,남,76세,사망,승용,남,28세,상해없음
2012060300100270,2012년 6월 3일 14시,일요일,충청북도 충주시 칠금동,중상사고,0,1,1,0,차대사람 - 기타,안전운전불이행,건조,맑음,단일로 - 기타,자전거,여,28세,상해없음,보행자,여,35세,중상
2012060300100271,2012년 6월 3일 14시,일요일,충청북도 청원군 부용면,부상신고사고,0,0,0,1,차대차 - 추돌 - 진행중,교차로운행방법위반,건조,맑음,교차로 - 교차로안,이륜,남,43세,부상신고,화물,남,54세,상해없음
2012060300100295,2012년 6월 3일 15시,일요일,충청북도 청주시 상당구 사천동,경상사고,0,0,1,0,차대차 - 기타,교차로운행방법위반,건조,맑음,교차로 - 교차로안,승용,남,27세,상해없음,승용,여,32세,상해없음
2012060300100296,2012년 6월 3일 15시,일요일,충청북도 충주시 문화동,중상사고,0,1,0,0,차대사람 - 기타,안전운전불이행,건조,맑음,단일로 - 기타,승용,여,69세,상해없음,보행자,남,76세,중상
2012060300100297,2012년 6월 3일 15시,일요일,충청북도 충주시 문화동,중상사고,0,1,0,0,차량단독 - 공작물충돌,안전운전불이행,건조,맑음,교차로 - 교차로부근,승용,남,49세,중상,,,,
2012060300100298,2012년 6월 3일 15시,일요일,충청북도 제천시 봉양읍,경상사고,0,0,1,0,차대차 - 기타,안전운전불이행,건조,맑음,단일로 - 기타,기타불명,기타불명,기타불명,기타불명,자전거,남,57세,경상
2012060300100359,2012년 6월 3일 17시,일요일,충청북도 충주시 동량면,경상사고,0,0,1,0,차대차 - 기타,중앙선침범,건조,맑음,단일로 - 기타,승용,남,48세,상해없음,자전거,여,52세,경상
2012060300100421,2012년 6월 3일 19시,일요일,충청북도 청주시 상당구 남주동,경상사고,0,0,1,0,차대차 - 측면직각충돌,교차로운행방법위반,건조,맑음,교차로 - 교차로안,승용,남,22세,상해없음,승용,남,60세,상해없음
2012060300100422,2012년 6월 3일 19시,일요일,충청북도 충주시 달천동,경상사고,0,0,2,0,차대차 - 추돌 - 진행중,안전운전불이행,건조,맑음,교차로 - 교차로부근,화물,남,59세,상해없음,승용,남,43세,경상
2012060300100423,2012년 6월 3일 19시,일요일,충청북도 옥천군 안남면,중상사고,0,1,0,0,차량단독 - 공작물충돌,안전운전불이행,건조,맑음,단일로 - 기타,승용,남,57세,중상,,,,
2012060300100458,2012년 6월 3일 20시,일요일,충청북도 옥천군 안내면,경상사고,0,0,2,0,차대차 - 측면직각충돌,중앙선침범,건조,맑음,단일로 - 기타,기타불명,기타불명,기타불명,기타불명,승용,남,57세,경상
2012060300100498,2012년 6월 3일 21시,일요일,충청북도 영동군 황간면,중상사고,0,2,0,0,차대차 - 정면충돌,중앙선침범,건조,맑음,단일로 - 기타,화물,남,45세,상해없음,승용,남,58세,중상
2012060300100499,2012년 6월 3일 21시,일요일,충청북도 청원군 미원면,중상사고,0,1,0,0,차대사람 - 길가장자리구역통행중,안전운전불이행,건조,맑음,단일로 - 기타,화물,남,39세,상해없음,보행자,남,58세,중상
2012060400100010,2012년 6월 4일 00시,월요일,충청북도 청주시 상당구 내덕동,경상사고,0,0,1,0,차대차 - 기타,신호위반,건조,맑음,교차로 - 교차로안,승용,남,29세,상해없음,승용,남,30세,경상
2012060400100045,2012년 6월 4일 06시,월요일,충청북도 진천군 이월면,경상사고,0,0,1,0,차대차 - 측면직각충돌,중앙선침범,건조,맑음,단일로 - 기타,승용,남,36세,상해없음,승용,남,60세,경상
2012060400100071,2012년 6월 4일 07시,월요일,충청북도 청주시 상당구 정상동,중상사고,0,2,1,0,차대차 - 정면충돌,신호위반,건조,맑음,교차로 - 교차로안,승용,여,43세,중상,승용,여,31세,경상
2012060400100072,2012년 6월 4일 07시,월요일,충청북도 제천시 금성면,중상사고,0,1,0,0,차대차 - 기타,중앙선침범,건조,맑음,단일로 - 기타,화물,남,58세,상해없음,화물,남,51세,중상
2012060400100166,2012년 6월 4일 10시,월요일,충청북도 충주시 대소원면,경상사고,0,0,3,0,차대차 - 측면직각충돌,안전운전불이행,건조,맑음,단일로 - 기타,승용,남,29세,경상,승용,남,47세,경상
2012060400100248,2012년 6월 4일 13시,월요일,충청북도 진천군 진천읍,경상사고,0,0,1,0,차대차 - 측면직각충돌,안전운전불이행,건조,맑음,교차로 - 교차로안,승용,여,27세,상해없음,승용,남,54세,경상
2012060400100280,2012년 6월 4일 14시,월요일,충청북도 청주시 상당구 내덕동,경상사고,0,0,1,0,차대사람 - 횡단중,안전운전불이행,건조,맑음,교차로 - 교차로부근,승용,남,69세,상해없음,보행자,여,36세,경상
2012060400100281,2012년 6월 4일 14시,월요일,충청북도 청원군 강내면,중상사고,0,3,1,0,차대차 - 추돌 - 진행중,안전거리미확보,건조,맑음,교차로 - 교차로부근,화물,남,56세,상해없음,승용,남,75세,경상
2012060400100320,2012년 6월 4일 15시,월요일,충청북도 충주시 칠금동,경상사고,0,0,1,0,차대차 - 측면직각충돌,안전운전불이행,건조,맑음,단일로 - 기타,원동기,남,76세,경상,승용,남,30세,상해없음
2012060400100321,2012년 6월 4일 15시,월요일,충청북도 청주시 흥덕구 수곡동,중상사고,0,1,0,0,차대차 - 기타,안전운전불이행,건조,맑음,단일로 - 기타,화물,남,55세,상해없음,자전거,남,37세,중상
2012060400100363,2012년 6월 4일 16시,월요일,충청북도 보은군 보은읍,경상사고,0,0,1,0,차대사람 - 횡단중,보행자보호의무위반,건조,맑음,단일로 - 횡단보도상,승용,남,29세,상해없음,보행자,남,78세,경상
2012060400100395,2012년 6월 4일 17시,월요일,충청북도 청주시 흥덕구 사창동,중상사고,0,1,3,0,차대차 - 추돌 - 진행중,안전운전불이행,건조,맑음,단일로 - 기타,승용,남,47세,상해없음,승용,남,61세,경상
2012060400100396,2012년 6월 4일 17시,월요일,충청북도 청주시 흥덕구 사창동,중상사고,0,1,1,0,차대차 - 추돌 - 진행중,안전운전불이행,건조,맑음,단일로 - 기타,승용,여,39세,상해없음,승용,남,27세,중상
2012060400100428,2012년 6월 4일 18시,월요일,충청북도 충주시 연수동,경상사고,0,0,1,0,차대차 - 측면직각충돌,안전운전불이행,건조,맑음,기타 - 기타,자전거,남,12세,경상,승용,여,43세,상해없음
2012060400100429,2012년 6월 4일 18시,월요일,충청북도 청주시 흥덕구 비하동,중상사고,0,3,1,1,차대차 - 측면직각충돌,안전거리미확보,건조,맑음,단일로 - 기타,승용,남,30세,중상,승용,여,33세,중상
2012060400100430,2012년 6월 4일 18시,월요일,충청북도 청주시 흥덕구 봉명동,경상사고,0,0,1,0,차대차 - 측면직각충돌,안전거리미확보,건조,맑음,단일로 - 기타,이륜,남,63세,경상,승용,남,49세,상해없음
2012060400100469,2012년 6월 4일 19시,월요일,충청북도 청주시 흥덕구 사직동,경상사고,0,0,1,0,차대사람 - 횡단중,보행자보호의무위반,건조,맑음,단일로 - 횡단보도상,승용,여,35세,상해없음,보행자,남,13세,경상
2012060400100527,2012년 6월 4일 21시,월요일,충청북도 청주시 상당구 남주동,경상사고,0,0,2,0,차대차 - 기타,안전운전불이행,건조,맑음,단일로 - 기타,승용,남,47세,상해없음,승용,남,62세,경상
2012060400100554,2012년 6월 4일 22시,월요일,충청북도 음성군 대소면,중상사고,0,1,0,0,차대사람 - 차도통행중,안전운전불이행,건조,맑음,단일로 - 기타,승용,남,34세,상해없음,보행자,남,49세,중상
2012060500100011,2012년 6월 5일 00시,화요일,충청북도 청주시 흥덕구 개신동,경상사고,0,0,1,0,차량단독 - 공작물충돌,기타,건조,맑음,미분류 - 미분류,이륜,남,27세,경상,,,,
2012060500100029,2012년 6월 5일 01시,화요일,충청북도 청원군 오송읍,사망사고,1,0,0,0,차량단독 - 공작물충돌,안전운전불이행,건조,맑음,단일로 - 기타,승용,남,42세,사망,,,,
2012060500100073,2012년 6월 5일 06시,화요일,충청북도 음성군 금왕읍,경상사고,0,0,2,0,차대차 - 측면직각충돌,교차로운행방법위반,건조,맑음,교차로 - 교차로안,화물,남,60세,상해없음,승합,남,39세,상해없음
2012060500100092,2012년 6월 5일 07시,화요일,충청북도 영동군 황간면,중상사고,0,1,0,0,차대차 - 기타,기타,건조,맑음,단일로 - 기타,화물,남,49세,상해없음,원동기,남,79세,중상
2012060500100119,2012년 6월 5일 08시,화요일,충청북도 청주시 흥덕구 개신동,경상사고,0,0,1,0,차대사람 - 횡단중,보행자보호의무위반,건조,맑음,교차로 - 교차로부근,승용,남,43세,상해없음,보행자,여,33세,경상
2012060500100120,2012년 6월 5일 08시,화요일,충청북도 청주시 상당구 지북동,경상사고,0,0,1,0,차대차 - 기타,기타,건조,맑음,단일로 - 기타,승용,남,49세,상해없음,자전거,남,13세,경상
2012060500100202,2012년 6월 5일 10시,화요일,충청북도 증평군 증평읍,중상사고,0,1,0,0,차대사람 - 횡단중,보행자보호의무위반,건조,맑음,교차로 - 교차로안,화물,남,30세,상해없음,보행자,여,69세,중상
2012060500100224,2012년 6월 5일 11시,화요일,충청북도 청원군 부용면,중상사고,0,1,1,0,차대차 - 기타,안전거리미확보,건조,맑음,교차로 - 교차로부근,승용,여,51세,경상,승용,남,55세,중상
2012060500100249,2012년 6월 5일 12시,화요일,충청북도 청주시 흥덕구 수곡동,중상사고,0,1,0,0,차대차 - 측면직각충돌,직진우회전진행방해,건조,맑음,교차로 - 교차로안,승용,남,35세,상해없음,자전거,남,82세,중상
2012060500100271,2012년 6월 5일 13시,화요일,충청북도 제천시 장락동,중상사고,0,2,0,0,차대차 - 기타,직진우회전진행방해,건조,맑음,교차로 - 교차로안,승용,여,49세,상해없음,승용,남,44세,중상
2012060500100274,2012년 6월 5일 13시,화요일,충청북도 청원군 남이면,경상사고,0,0,1,0,차대차 - 기타,안전운전불이행,건조,맑음,단일로 - 기타,승용,기타불명,기타불명,기타불명,화물,남,33세,상해없음
2012060500100295,2012년 6월 5일 14시,화요일,충청북도 충주시 동량면,중상사고,0,1,0,0,차대차 - 추돌 - 진행중,중앙선침범,건조,맑음,교차로 - 교차로부근,화물,남,48세,상해없음,화물,남,55세,중상
2012060500100296,2012년 6월 5일 14시,화요일,충청북도 충주시 대소원면,중상사고,0,1,0,0,차대차 - 추돌 - 진행중,직진우회전진행방해,건조,맑음,교차로 - 교차로안,승용,남,54세,상해없음,이륜,여,53세,중상
2012060500100297,2012년 6월 5일 14시,화요일,충청북도 제천시 덕산면,중상사고,0,1,0,0,차대차 - 기타,안전운전불이행,건조,맑음,교차로 - 교차로안,승용,남,37세,기타불명,이륜,남,31세,중상
2012060500100399,2012년 6월 5일 17시,화요일,충청북도 제천시 봉양읍,중상사고,0,2,1,0,차대차 - 추돌 - 진행중,안전운전불이행,건조,맑음,단일로 - 기타,승용,남,25세,상해없음,승용,남,30세,중상
2012060500100400,2012년 6월 5일 17시,화요일,충청북도 충주시 문화동,중상사고,0,1,0,0,차대차 - 기타,안전거리미확보,건조,맑음,단일로 - 기타,승용,여,45세,상해없음,원동기,남,18세,중상
2012060500100401,2012년 6월 5일 17시,화요일,충청북도 괴산군 문광면,중상사고,0,1,0,0,차대차 - 추돌 - 진행중,안전운전불이행,건조,맑음,단일로 - 터널,화물,남,45세,상해없음,농기계,남,41세,중상
2012060500100441,2012년 6월 5일 18시,화요일,충청북도 청주시 흥덕구 운천동,경상사고,0,0,1,0,차대차 - 측면직각충돌,중앙선침범,건조,맑음,단일로 - 기타,화물,남,47세,상해없음,이륜,남,41세,경상
2012060500100484,2012년 6월 5일 19시,화요일,충청북도 청주시 흥덕구 성화동,경상사고,0,0,1,0,차대차 - 측면직각충돌,안전운전불이행,건조,맑음,교차로 - 교차로부근,이륜,남,17세,경상,승용,여,26세,상해없음
2012060500100514,2012년 6월 5일 20시,화요일,충청북도 청주시 상당구 우암동,경상사고,0,0,1,0,차대사람 - 기타,기타,건조,맑음,단일로 - 횡단보도부근,이륜,남,53세,상해없음,보행자,남,35세,경상
2012060500100572,2012년 6월 5일 21시,화요일,충청북도 충주시 교현동,중상사고,0,1,1,0,차대차 - 정면충돌,직진우회전진행방해,건조,맑음,교차로 - 교차로안,승용,남,23세,상해없음,승용,여,43세,경상
2012060500100612,2012년 6월 5일 22시,화요일,충청북도 청주시 흥덕구 송정동,중상사고,0,1,1,0,차대차 - 추돌 - 주정차중,안전운전불이행,건조,맑음,교차로 - 교차로부근,승용,여,46세,상해없음,승용,남,40세,경상
2012060500100613,2012년 6월 5일 22시,화요일,충청북도 청주시 흥덕구 복대동,경상사고,0,0,2,0,차대차 - 측면직각충돌,중앙선침범,건조,맑음,단일로 - 기타,승용,여,57세,경상,특수,남,27세,경상
2012060600100019,2012년 6월 6일 00시,수요일,충청북도 청주시 흥덕구 복대동,경상사고,0,0,2,0,차대차 - 측면직각충돌,중앙선침범,건조,맑음,단일로 - 기타,승용,남,29세,상해없음,승용,남,43세,경상
2012060600100065,2012년 6월 6일 02시,수요일,충청북도 음성군 금왕읍,중상사고,0,2,0,0,차대사람 - 기타,안전운전불이행,건조,맑음,교차로 - 교차로안,기타불명,기타불명,기타불명,기타불명,보행자,남,18세,중상
2012060600100066,2012년 6월 6일 02시,수요일,충청북도 청주시 흥덕구 사창동,중상사고,0,1,1,0,차대차 - 측면직각충돌,신호위반,건조,맑음,교차로 - 교차로안,이륜,남,19세,중상,승용,남,31세,경상
2012060600100111,2012년 6월 6일 05시,수요일,충청북도 청원군 오송읍,경상사고,0,0,1,0,차량단독 - 공작물충돌,안전운전불이행,건조,맑음,단일로 - 기타,승용,여,38세,경상,,,,
2012060600100132,2012년 6월 6일 07시,수요일,충청북도 청주시 흥덕구 외북동,경상사고,0,0,2,0,차대차 - 추돌 - 주정차중,안전운전불이행,건조,맑음,교차로 - 교차로부근,화물,남,42세,상해없음,승용,남,52세,경상
2012060600100150,2012년 6월 6일 08시,수요일,충청북도 충주시 연수동,중상사고,0,1,0,0,차대차 - 기타,안전거리미확보,건조,맑음,교차로 - 교차로안,승용,남,34세,상해없음,원동기,남,38세,중상
2012060600100151,2012년 6월 6일 08시,수요일,충청북도 청주시 흥덕구 사직동,중상사고,0,1,1,0,차대차 - 기타,안전운전불이행,건조,맑음,단일로 - 기타,승용,남,47세,상해없음,승용,남,60세,상해없음
2012060600100221,2012년 6월 6일 11시,수요일,충청북도 청주시 상당구 문화동,경상사고,0,0,3,0,차대차 - 기타,안전운전불이행,건조,맑음,교차로 - 교차로안,승용,여,50세,상해없음,승용,여,45세,경상