사고번호,사고일시,요일,시군구,사고내용,사망자수,중상자수,경상자수,부상신고자수,사고유형,법규위반,노면상태,기상상태,도로형태,가해운전자 차종,가해운전자 성별,가해운전자 연령,가해운전자 상해정도,피해운전자 차종,피해운전자 성별,피해운전자 연령,피해운전자 상해정도
2012061000100452,2012년 6월 10일 19시,일요일,충청북도 청주시 흥덕구 복대동,중상사고,0,1,1,0,차대차 - 측면직각충돌,기타,건조,맑음,교차로 - 교차로안,원동기,남,30세,중상,승용,남,56세,경상
2012061000100453,2012년 6월 10일 19시,일요일,충청북도 청주시 상당구 영운동,중상사고,0,1,3,0,차대차 - 측면직각충돌,교차로운행방법위반,건조,맑음,교차로 - 교차로안,승용,여,41세,경상,승용,남,33세,중상
2012061000100520,2012년 6월 10일 21시,일요일,충청북도 진천군 문백면,경상사고,0,0,2,0,차대사람 - 기타,안전운전불이행,건조,맑음,단일로 - 기타,승용,남,31세,상해없음,보행자,남,41세,경상
2012061000100547,2012년 6월 10일 22시,일요일,충청북도 청원군 부용면,경상사고,0,0,1,0,차대사람 - 길가장자리구역통행중,안전운전불이행,건조,맑음,단일로 - 기타,화물,남,55세,상해없음,보행자,남,56세,경상
2012061000100571,2012년 6월 10일 23시,일요일,충청북도 청원군 현도면,경상사고,0,0,1,0,차대차 - 측면직각충돌,안전운전불이행,건조,맑음,단일로 - 기타,승용,여,24세,상해없음,승용,남,34세,경상
2012061100100011,2012년 6월 11일 00시,월요일,충청북도 제천시 신월동,중상사고,0,1,2,0,차량단독 - 공작물충돌,안전운전불이행,건조,맑음,단일로 - 기타,승용,남,23세,상해없음,,,,
2012061100100027,2012년 6월 11일 01시,월요일,충청북도 청주시 흥덕구 성화동,경상사고,0,0,3,0,차대차 - 측면직각충돌,교차로운행방법위반,건조,맑음,교차로 - 교차로안,승용,남,45세,상해없음,승용,남,48세,상해없음
2012061100100044,2012년 6월 11일 03시,월요일,충청북도 청주시 상당구 오동동,경상사고,0,0,1,0,차량단독 - 공작물충돌,안전운전불이행,건조,맑음,단일로 - 기타,승용,남,26세,경상,,,,
2012061100100055,2012년 6월 11일 05시,월요일,충청북도 충주시 교현동,중상사고,0,1,0,0,차대차 - 측면직각충돌,안전운전불이행,건조,맑음,단일로 - 기타,자전거,여,69세,중상,승용,남,29세,상해없음
2012061100100071,2012년 6월 11일 06시,월요일,충청북도 청주시 흥덕구 가경동,경상사고,0,0,1,0,차대차 - 측면직각충돌,안전운전불이행,건조,맑음,교차로 - 교차로부근,승용,남,53세,상해없음,자전거,남,53세,경상
2012061100100090,2012년 6월 11일 07시,월요일,충청북도 청주시 흥덕구 가경동,중상사고,0,2,4,0,차대차 - 추돌 - 주정차중,안전운전불이행,건조,맑음,교차로 - 교차로부근,화물,남,28세,상해없음,승합,남,54세,경상
2012061100100091,2012년 6월 11일 07시,월요일,충청북도 청주시 흥덕구 서촌동,경상사고,0,0,1,0,차대사람 - 기타,안전운전불이행,건조,맑음,단일로 - 기타,승합,남,48세,상해없음,보행자,여,63세,경상
2012061100100122,2012년 6월 11일 08시,월요일,충청북도 청주시 상당구 내덕동,경상사고,0,0,2,0,차대차 - 정면충돌,신호위반,건조,맑음,교차로 - 교차로안,승용,남,48세,경상,승용,여,39세,경상
2012061100100123,2012년 6월 11일 08시,월요일,충청북도 청주시 상당구 내덕동,경상사고,0,0,1,0,차대차 - 기타,안전거리미확보,건조,맑음,교차로 - 교차로부근,화물,남,42세,상해없음,승합,남,45세,경상
2012061100100124,2012년 6월 11일 08시,월요일,충청북도 제천시 봉양읍,중상사고,0,1,0,0,차대차 - 추돌 - 진행중,안전운전불이행,건조,맑음,단일로 - 기타,화물,남,45세,상해없음,승용,남,30세,중상
2012061100100125,2012년 6월 11일 08시,월요일,충청북도 진천군 진천읍,경상사고,0,0,1,0,차대차 - 기타,안전운전불이행,건조,맑음,교차로 - 교차로안,자전거,남,13세,경상,승용,남,38세,상해없음
2012061100100126,2012년 6월 11일 08시,월요일,충청북도 청주시 흥덕구 사직동,경상사고,0,0,1,0,차대차 - 기타,신호위반,건조,맑음,단일로 - 횡단보도상,승용,남,53세,상해없음,자전거,남,12세,경상
2012061100100199,2012년 6월 11일 11시,월요일,충청북도 청주시 흥덕구 수곡동,경상사고,0,0,1,0,차대차 - 기타,안전운전불이행,건조,맑음,교차로 - 교차로부근,승용,여,58세,상해없음,승용,남,50세,상해없음
2012061100100272,2012년 6월 11일 14시,월요일,충청북도 충주시 용산동,경상사고,0,0,1,0,차대차 - 측면직각충돌,안전운전불이행,건조,맑음,교차로 - 교차로안,승용,남,54세,상해없음,자전거,남,10세,경상
2012061100100273,2012년 6월 11일 14시,월요일,충청북도 청주시 상당구 명암동,사망사고,1,4,0,0,차대차 - 기타,중앙선침범,건조,맑음,교차로 - 교차로부근,특수,남,26세,상해없음,승용,남,61세,중상
2012061100100338,2012년 6월 11일 16시,월요일,충청북도 청주시 흥덕구 봉명동,중상사고,0,1,1,0,차대차 - 측면직각충돌,신호위반,건조,맑음,교차로 - 교차로안,승용,여,30세,상해없음,승용,남,53세,중상
2012061100100339,2012년 6월 11일 16시,월요일,충청북도 청주시 흥덕구 송절동,중상사고,0,1,0,0,차대차 - 기타,안전운전불이행,건조,맑음,단일로 - 기타,화물,남,39세,상해없음,자전거,남,14세,중상
2012061100100374,2012년 6월 11일 17시,월요일,충청북도 음성군 대소면,중상사고,0,5,0,0,차대차 - 측면직각충돌,교차로운행방법위반,건조,맑음,교차로 - 교차로안,화물,남,22세,상해없음,승용,남,40세,중상
2012061100100375,2012년 6월 11일 17시,월요일,충청북도 청주시 흥덕구 봉명동,경상사고,0,0,1,0,차대차 - 기타,안전운전불이행,건조,맑음,단일로 - 기타,기타불명,기타불명,기타불명,기타불명,승합,남,47세,경상
2012061100100376,2012년 6월 11일 17시,월요일,충청북도 청주시 흥덕구 송정동,경상사고,0,0,1,0,차대차 - 측면직각충돌,안전거리미확보,건조,맑음,단일로 - 기타,승용,남,55세,상해없음,승용,남,31세,경상
2012061100100421,2012년 6월 11일 18시,월요일,충청북도 제천시 명동,경상사고,0,0,1,0,차대차 - 기타,직진우회전진행방해,건조,맑음,교차로 - 교차로안,승용,남,32세,경상,승용,여,47세,상해없음
2012061100100422,2012년 6월 11일 18시,월요일,충청북도 청주시 흥덕구 산남동,중상사고,0,1,1,0,차대차 - 추돌 - 주정차중,안전운전불이행,건조,맑음,교차로 - 교차로부근,승용,여,54세,상해없음,승용,여,25세,중상
2012061100100458,2012년 6월 11일 19시,월요일,충청북도 청주시 흥덕구 사창동,중상사고,0,1,1,0,차대차 - 측면직각충돌,안전거리미확보,건조,맑음,단일로 - 기타,이륜,남,44세,상해없음,승용,여,32세,경상
2012061100100489,2012년 6월 11일 20시,월요일,충청북도 청주시 흥덕구 분평동,경상사고,0,0,3,0,차대차 - 기타,안전운전불이행,건조,맑음,교차로 - 교차로부근,승용,남,30세,경상,승용,여,36세,상해없음
2012061100100518,2012년 6월 11일 21시,월요일,충청북도 충주시 문화동,중상사고,0,1,0,0,차대차 - 측면직각충돌,신호위반,건조,맑음,교차로 - 교차로안,원동기,남,16세,중상,승합,남,45세,상해없음
2012061100100576,2012년 6월 11일 23시,월요일,충청북도 청주시 상당구 북문로2가동,경상사고,0,0,2,0,차대차 - 측면직각충돌,신호위반,건조,맑음,교차로 - 교차로안,화물,여,45세,상해없음,승합,남,45세,상해없음
2012061100100577,2012년 6월 11일 23시,월요일,충청북도 청주시 상당구 내덕동,중상사고,0,1,0,0,차대차 - 기타,안전운전불이행,건조,맑음,교차로 - 교차로안,승용,기타불명,기타불명,기타불명,자전거,여,45세,중상
2012061200100025,2012년 6월 12일 01시,화요일,충청북도 진천군 이월면,중상사고,0,1,1,0,차대차 - 추돌 - 진행중,안전운전불이행,건조,맑음,단일로 - 기타,승합,남,31세,중상,화물,남,37세,경상
2012061200100055,2012년 6월 12일 03시,화요일,충청북도 청주시 흥덕구 수곡동,경상사고,0,0,1,0,차대차 - 기타,기타,건조,맑음,단일로 - 기타,승용,남,26세,상해없음,자전거,여,55세,경상
2012061200100081,2012년 6월 12일 06시,화요일,충청북도 단양군 대강면,경상사고,0,0,1,0,차대차 - 정면충돌,안전운전불이행,건조,맑음,단일로 - 기타,승용,남,40세,상해없음,승용,남,64세,경상
2012061200100128,2012년 6월 12일 08시,화요일,충청북도 청주시 상당구 사천동,경상사고,0,0,2,0,차대차 - 기타,신호위반,건조,맑음,교차로 - 교차로안,승용,남,57세,상해없음,이륜,남,37세,경상
2012061200100129,2012년 6월 12일 08시,화요일,충청북도 청주시 상당구 내덕동,중상사고,0,1,0,0,차대차 - 측면직각충돌,신호위반,건조,맑음,단일로 - 횡단보도상,승용,여,44세,상해없음,자전거,여,52세,중상
2012061200100165,2012년 6월 12일 09시,화요일,충청북도 청주시 흥덕구 봉명동,경상사고,0,0,1,0,차대차 - 측면직각충돌,교차로운행방법위반,건조,맑음,교차로 - 교차로안,승용,남,39세,상해없음,승용,남,48세,상해없음
2012061200100190,2012년 6월 12일 10시,화요일,충청북도 청주시 상당구 서운동,경상사고,0,0,1,0,차대사람 - 기타,안전운전불이행,건조,맑음,단일로 - 기타,승합,남,49세,상해없음,보행자,여,64세,경상
2012061200100191,2012년 6월 12일 10시,화요일,충청북도 충주시 달천동,사망사고,1,0,0,0,차대차 - 추돌 - 진행중,안전운전불이행,건조,맑음,단일로 - 기타,승합,남,63세,상해없음,이륜,남,84세,사망
2012061200100192,2012년 6월 12일 10시,화요일,충청북도 음성군 삼성면,경상사고,0,0,3,0,차대차 - 기타,교차로운행방법위반,건조,맑음,교차로 - 교차로안,승용,남,49세,경상,화물,남,31세,경상
2012061200100219,2012년 6월 12일 11시,화요일,충청북도 청원군 오창읍,경상사고,0,0,1,0,차대차 - 측면직각충돌,신호위반,건조,맑음,교차로 - 교차로안,승용,남,46세,상해없음,이륜,남,46세,경상
2012061200100267,2012년 6월 12일 13시,화요일,충청북도 괴산군 괴산읍,중상사고,0,1,0,0,차량단독 - 전도전복,안전운전불이행,건조,맑음,단일로 - 기타,원동기,여,23세,중상,,,,
2012061200100268,2012년 6월 12일 13시,화요일,충청북도 보은군 마로면,사망사고,1,0,0,0,차량단독 - 전도전복,안전운전불이행,건조,맑음,단일로 - 기타,승용,여,32세,사망,,,,
2012061200100303,2012년 6월 12일 14시,화요일,충청북도 청주시 상당구 탑동,중상사고,0,2,0,0,차대차 - 기타,안전운전불이행,건조,맑음,교차로 - 교차로부근,승용,남,50세,상해없음,승용,남,38세,중상
2012061200100335,2012년 6월 12일 15시,화요일,충청북도 청주시 상당구 주성동,경상사고,0,0,1,0,차대차 - 추돌 - 진행중,안전운전불이행,건조,맑음,교차로 - 교차로부근,승용,남,33세,상해없음,승용,남,39세,경상
2012061200100368,2012년 6월 12일 16시,화요일,충청북도 충주시 연수동,경상사고,0,0,1,0,차대사람 - 기타,안전운전불이행,습기,비,교차로 - 교차로부근,승합,남,66세,상해없음,보행자,여,12세,경상
2012061200100396,2012년 6월 12일 17시,화요일,충청북도 청주시 상당구 우암동,중상사고,0,1,0,0,차대사람 - 횡단중,보행자보호의무위반,건조,맑음,교차로 - 교차로안,승용,여,47세,상해없음,보행자,여,82세,중상
2012061200100428,2012년 6월 12일 18시,화요일,충청북도 음성군 감곡면,경상사고,0,0,1,0,차대차 - 기타,교차로운행방법위반,건조,맑음,교차로 - 교차로안,화물,남,50세,상해없음,승용,여,32세,경상
2012061200100429,2012년 6월 12일 18시,화요일,충청북도 진천군 광혜원면,경상사고,0,0,5,0,차대차 - 추돌 - 주정차중,안전운전불이행,건조,맑음,교차로 - 교차로부근,승용,남,28세,상해없음,승용,여,26세,경상
2012061200100430,2012년 6월 12일 18시,화요일,충청북도 청주시 흥덕구 산남동,경상사고,0,0,1,0,차대차 - 기타,안전운전불이행,건조,맑음,단일로 - 기타,자전거,남,9세,경상,승용,여,30세,상해없음
2012061200100476,2012년 6월 12일 19시,화요일,충청북도 충주시 대소원면,중상사고,0,3,0,0,차대차 - 추돌 - 주정차중,안전운전불이행,건조,흐림,교차로 - 교차로부근,승용,남,26세,상해없음,승용,남,52세,중상
2012061200100477,2012년 6월 12일 19시,화요일,충청북도 옥천군 안내면,중상사고,0,1,3,0,차대차 - 측면직각충돌,직진우회전진행방해,건조,맑음,교차로 - 교차로안,승용,남,41세,경상,화물,남,29세,경상
2012061200100515,2012년 6월 12일 20시,화요일,충청북도 청원군 오창읍,중상사고,0,1,0,0,차대차 - 기타,안전운전불이행,습기,비,교차로 - 교차로안,자전거,남,54세,중상,승용,여,37세,상해없음
2012061200100516,2012년 6월 12일 20시,화요일,충청북도 청주시 흥덕구 복대동,중상사고,0,1,0,0,차대사람 - 기타,기타,건조,맑음,단일로 - 기타,승합,남,45세,상해없음,보행자,남,60세,중상
2012061200100541,2012년 6월 12일 21시,화요일,충청북도 청주시 상당구 북문로1가동,중상사고,0,2,0,0,차대차 - 기타,안전운전불이행,건조,맑음,교차로 - 교차로부근,승용,남,60세,상해없음,이륜,남,17세,중상
2012061200100542,2012년 6월 12일 21시,화요일,충청북도 충주시 금릉동,경상사고,0,0,1,0,차대차 - 측면직각충돌,교차로운행방법위반,건조,맑음,교차로 - 교차로안,승용,남,50세,상해없음,이륜,남,17세,경상
2012061200100543,2012년 6월 12일 21시,화요일,충청북도 제천시 장락동,중상사고,0,1,0,0,차대차 - 기타,안전운전불이행,습기,비,교차로 - 교차로안,승용,남,42세,상해없음,원동기,남,43세,중상
2012061200100544,2012년 6월 12일 21시,화요일,충청북도 옥천군 옥천읍,경상사고,0,0,1,0,차대차 - 측면직각충돌,중앙선침범,습기,비,단일로 - 기타,화물,남,37세,상해없음,승합,남,25세,경상
2012061200100606,2012년 6월 12일 23시,화요일,충청북도 청주시 상당구 율량동,경상사고,0,0,1,0,차대사람 - 기타,안전운전불이행,건조,맑음,교차로 - 교차로안,승용,남,50세,상해없음,보행자,남,39세,경상
2012061200100607,2012년 6월 12일 23시,화요일,충청북도 청주시 상당구 사천동,경상사고,0,0,1,0,차대차 - 기타,안전운전불이행,습기,비,단일로 - 기타,승용,남,28세,상해없음,승용,여,45세,경상
2012061200100608,2012년 6월 12일 23시,화요일,충청북도 청주시 흥덕구 봉명동,경상사고,0,0,1,0,차대차 - 추돌 - 주정차중,안전운전불이행,습기,비,단일로 - 기타,승용,남,22세,상해없음,승용,남,54세,경상
2012061200100609,2012년 6월 12일 23시,화요일,충청북도 청주시 흥덕구 분평동,경상사고,0,0,1,0,차대차 - 기타,중앙선침범,건조,맑음,교차로 - 교차로부근,승용,남,50세,상해없음,승용,남,32세,경상
2012061300100006,2012년 6월 13일 00시,수요일,충청북도 청주시 상당구 우암동,경상사고,0,0,2,0,차대차 - 측면직각충돌,중앙선침범,건조,맑음,교차로 - 교차로부근,승용,남,55세,상해없음,이륜,남,18세,경상
2012061300100032,2012년 6월 13일 01시,수요일,충청북도 청주시 흥덕구 사창동,경상사고,0,0,1,0,차대차 - 측면직각충돌,안전운전불이행,건조,맑음,교차로 - 교차로부근,기타불명,기타불명,기타불명,기타불명,자전거,남,30세,경상
2012061300100085,2012년 6월 13일 06시,수요일,충청북도 청주시 흥덕구 휴암동,경상사고,0,0,2,0,차대차 - 추돌 - 주정차중,안전운전불이행,건조,맑음,교차로 - 교차로부근,승용,남,41세,상해없음,화물,남,43세,경상
2012061300100086,2012년 6월 13일 06시,수요일,충청북도 청주시 흥덕구 가경동,경상사고,0,0,1,0,차대차 - 측면직각충돌,안전운전불이행,건조,맑음,교차로 - 교차로안,승용,남,20세,상해없음,승용,여,33세,경상
2012061300100131,2012년 6월 13일 08시,수요일,충청북도 청주시 흥덕구 봉명동,중상사고,0,1,0,0,차대차 - 추돌 - 주정차중,안전운전불이행,건조,맑음,단일로 - 기타,승용,남,51세,상해없음,승용,여,44세,중상
2012061300100150,2012년 6월 13일 09시,수요일,충청북도 청주시 흥덕구 봉명동,경상사고,0,0,1,0,차대차 - 추돌 - 주정차중,안전운전불이행,건조,맑음,교차로 - 교차로부근,승용,남,48세,상해없음,승용,남,37세,경상
2012061300100195,2012년 6월 13일 11시,수요일,충청북도 진천군 진천읍,중상사고,0,1,0,0,차대차 - 기타,안전운전불이행,건조,맑음,교차로 - 교차로부근,화물,남,46세,상해없음,이륜,남,35세,중상
2012061300100242,2012년 6월 13일 13시,수요일,충청북도 제천시 송학면,중상사고,0,1,0,0,차대차 - 기타,안전거리미확보,건조,맑음,단일로 - 기타,건설기계,남,44세,상해없음,화물,남,65세,중상
2012061300100352,2012년 6월 13일 16시,수요일,충청북도 옥천군 안남면,경상사고,0,0,1,0,차대사람 - 횡단중,중앙선침범,건조,맑음,단일로 - 기타,승용,남,52세,상해없음,보행자,남,7세,경상
2012061300100353,2012년 6월 13일 16시,수요일,충청북도 청주시 흥덕구 봉명동,중상사고,0,1,0,0,차대차 - 측면직각충돌,신호위반,건조,맑음,교차로 - 교차로안,승용,여,48세,상해없음,승용,남,30세,중상
2012061300100399,2012년 6월 13일 17시,수요일,충청북도 청주시 상당구 사천동,중상사고,0,1,0,0,차대차 - 기타,신호위반,건조,맑음,단일로 - 기타,승용,남,41세,상해없음,승용,남,28세,중상
2012061300100444,2012년 6월 13일 18시,수요일,충청북도 청원군 오창읍,경상사고,0,0,2,0,차대차 - 추돌 - 주정차중,안전운전불이행,건조,맑음,교차로 - 교차로부근,승용,남,48세,상해없음,승용,여,30세,경상
2012061300100445,2012년 6월 13일 18시,수요일,충청북도 충주시 연수동,경상사고,0,0,1,0,차대차 - 추돌 - 주정차중,안전운전불이행,건조,맑음,단일로 - 기타,승용,남,54세,상해없음,승용,남,46세,경상
2012061300100446,2012년 6월 13일 18시,수요일,충청북도 진천군 이월면,중상사고,0,1,1,0,차대차 - 측면직각충돌,안전운전불이행,건조,맑음,기타 - 기타,이륜,남,47세,중상,승합,남,29세,경상
2012061300100447,2012년 6월 13일 18시,수요일,충청북도 청원군 미원면,부상신고사고,0,0,0,1,차량단독 - 전도전복,안전운전불이행,건조,맑음,단일로 - 교량,화물,남,63세,부상신고,,,,
2012061300100473,2012년 6월 13일 19시,수요일,충청북도 충주시 칠금동,중상사고,0,3,1,0,차대차 - 추돌 - 주정차중,안전운전불이행,건조,맑음,교차로 - 교차로부근,승용,여,52세,상해없음,승용,남,33세,중상
2012061300100474,2012년 6월 13일 19시,수요일,충청북도 청주시 상당구 용암동,경상사고,0,0,3,0,차대차 - 측면직각충돌,안전거리미확보,건조,맑음,단일로 - 기타,승합,남,42세,경상,승용,남,58세,경상
2012061300100549,2012년 6월 13일 21시,수요일,충청북도 청주시 흥덕구 죽림동,중상사고,0,1,1,0,차대차 - 추돌 - 주정차중,안전운전불이행,건조,맑음,단일로 - 기타,승용,남,50세,상해없음,승용,여,40세,중상
2012061300100585,2012년 6월 13일 22시,수요일,충청북도 청주시 흥덕구 복대동,경상사고,0,0,1,0,차대차 - 측면직각충돌,안전운전불이행,건조,맑음,단일로 - 기타,승용,남,48세,상해없음,승합,남,52세,기타불명
2012061400100009,2012년 6월 14일 00시,목요일,충청북도 제천시 장락동,중상사고,0,1,2,0,차대차 - 추돌 - 주정차중,안전운전불이행,건조,맑음,교차로 - 교차로부근,승용,남,43세,상해없음,승용,남,45세,중상
2012061400100010,2012년 6월 14일 00시,목요일,충청북도 제천시 강제동,중상사고,0,1,0,0,차량단독 - 공작물충돌,안전운전불이행,건조,흐림,단일로 - 기타,승용,남,42세,중상,,,,
2012061400100023,2012년 6월 14일 01시,목요일,충청북도 충주시 문화동,경상사고,0,0,1,0,차대차 - 추돌 - 진행중,직진우회전진행방해,건조,맑음,교차로 - 교차로안,승용,남,54세,경상,승용,남,47세,상해없음
2012061400100036,2012년 6월 14일 02시,목요일,충청북도 청주시 흥덕구 가경동,경상사고,0,0,1,0,차대차 - 측면직각충돌,교차로운행방법위반,건조,맑음,교차로 - 교차로안,승용,여,43세,상해없음,승용,여,23세,경상
2012061400100066,2012년 6월 14일 05시,목요일,충청북도 청주시 상당구 용암동,중상사고,0,1,1,0,차대차 - 정면충돌,중앙선침범,건조,맑음,단일로 - 기타,승용,남,25세,중상,승용,남,39세,경상
2012061400100076,2012년 6월 14일 06시,목요일,충청북도 청주시 상당구 서문동,경상사고,0,0,1,0,차대사람 - 기타,안전운전불이행,건조,맑음,교차로 - 교차로부근,승용,남,60세,상해없음,보행자,여,72세,경상
2012061400100141,2012년 6월 14일 08시,목요일,충청북도 충주시 가금면,경상사고,0,0,1,0,차대차 - 추돌 - 진행중,중앙선침범,건조,맑음,단일로 - 기타,화물,남,44세,기타불명,승용,남,44세,경상
2012061400100198,2012년 6월 14일 10시,목요일,충청북도 청주시 상당구 사천동,중상사고,0,1,1,0,차대차 - 추돌 - 진행중,안전운전불이행,건조,맑음,단일로 - 기타,화물,남,36세,상해없음,승용,남,56세,중상
2012061400100199,2012년 6월 14일 10시,목요일,충청북도 진천군 덕산면,경상사고,0,0,1,0,차대차 - 측면직각충돌,교차로운행방법위반,건조,맑음,교차로 - 교차로안,화물,남,46세,상해없음,원동기,남,57세,경상
2012061400100200,2012년 6월 14일 10시,목요일,충청북도 청주시 흥덕구 가경동,경상사고,0,0,1,0,차대사람 - 횡단중,안전운전불이행,건조,맑음,교차로 - 교차로부근,승용,여,34세,상해없음,보행자,여,49세,경상
2012061400100272,2012년 6월 14일 13시,목요일,충청북도 제천시 영천동,사망사고,1,0,0,0,차대사람 - 기타,안전운전불이행,건조,맑음,단일로 - 기타,화물,남,70세,상해없음,보행자,남,68세,사망
2012061400100273,2012년 6월 14일 13시,목요일,충청북도 보은군 보은읍,경상사고,0,0,1,0,차대차 - 기타,교차로운행방법위반,건조,맑음,교차로 - 교차로안,화물,남,58세,상해없음,자전거,여,69세,경상
2012061400100274,2012년 6월 14일 13시,목요일,충청북도 보은군 보은읍,중상사고,0,1,1,1,차대차 - 기타,신호위반,건조,맑음,교차로 - 교차로안,화물,남,55세,부상신고,승용,남,59세,경상
2012061400100275,2012년 6월 14일 13시,목요일,충청북도 음성군 감곡면,중상사고,0,1,0,0,차대차 - 기타,안전운전불이행,건조,맑음,교차로 - 교차로안,원동기,남,73세,중상,화물,남,39세,상해없음
2012061400100300,2012년 6월 14일 14시,목요일,충청북도 청주시 상당구 금천동,경상사고,0,0,1,0,차대차 - 정면충돌,안전운전불이행,건조,맑음,단일로 - 기타,승용,남,41세,상해없음,기타불명,남,53세,경상
2012061400100334,2012년 6월 14일 15시,목요일,충청북도 보은군 보은읍,중상사고,0,1,0,0,차대차 - 기타,교차로운행방법위반,건조,맑음,교차로 - 교차로부근,원동기,남,78세,중상,승용,여,41세,상해없음
2012061400100335,2012년 6월 14일 15시,목요일,충청북도 청주시 흥덕구 모충동,중상사고,0,1,0,0,차대사람 - 길가장자리구역통행중,안전운전불이행,건조,맑음,단일로 - 기타,승용,남,26세,상해없음,보행자,여,75세,중상
2012061400100336,2012년 6월 14일 15시,목요일,충청북도 청주시 상당구 용담동,경상사고,0,0,2,0,차대차 - 추돌 - 진행중,안전운전불이행,건조,맑음,교차로 - 교차로부근,승용,여,23세,경상,승용,여,44세,경상
2012061400100361,2012년 6월 14일 16시,목요일,충청북도 충주시 가금면,중상사고,0,2,1,0,차대차 - 측면직각충돌,안전운전불이행,건조,맑음,단일로 - 기타,승용,남,42세,경상,승용,남,35세,중상
2012061400100397,2012년 6월 14일 17시,목요일,충청북도 제천시 하소동,경상사고,0,0,5,0,차대차 - 기타,기타,건조,맑음,교차로 - 교차로안,승용,남,45세,경상,승용,여,29세,경상
2012061400100481,2012년 6월 14일 19시,목요일,충청북도 음성군 대소면,경상사고,0,0,4,0,차대차 - 기타,차로위반,건조,맑음,단일로 - 기타,화물,남,46세,상해없음,승용,남,35세,경상
2012061400100482,2012년 6월 14일 19시,목요일,충청북도 음성군 감곡면,경상사고,0,0,1,0,차대사람 - 기타,안전운전불이행,건조,맑음,단일로 - 기타,승용,남,29세,상해없음,보행자,여,50세,경상
2012061400100509,2012년 6월 14일 20시,목요일,충청북도 청원군 오창읍,중상사고,0,1,0,0,차대사람 - 횡단중,안전운전불이행,건조,맑음,교차로 - 교차로안,승용,여,45세,상해없음,보행자,남,53세,중상
2012061400100510,2012년 6월 14일 20시,목요일,충청북도 옥천군 옥천읍,사망사고,1,0,0,0,차대차 - 측면직각충돌,안전운전불이행,건조,맑음,교차로 - 교차로안,원동기,남,78세,사망,승용,남,44세,상해없음
2012061400100540,2012년 6월 14일 21시,목요일,충청북도 청주시 흥덕구 복대동,경상사고,0,0,2,0,차대차 - 추돌 - 주정차중,안전운전불이행,건조,맑음,교차로 - 교차로부근,승용,남,56세,상해없음,승용,남,51세,경상
2012061400100574,2012년 6월 14일 22시,목요일,충청북도 청주시 상당구 율량동,경상사고,0,0,2,0,차대차 - 측면직각충돌,안전운전불이행,건조,맑음,단일로 - 기타,승용,남,63세,상해없음,화물,남,60세,경상
2012061500100060,2012년 6월 15일 03시,금요일,충청북도 청주시 흥덕구 복대동,중상사고,0,1,0,0,차대차 - 추돌 - 진행중,안전운전불이행,건조,맑음,단일로 - 기타,승용,남,31세,상해없음,승용,여,46세,중상
2012061500100065,2012년 6월 15일 04시,금요일,충청북도 청주시 상당구 외평동,중상사고,0,1,0,0,차대사람 - 기타,안전운전불이행,건조,맑음,단일로 - 기타,승용,남,42세,상해없음,보행자,여,58세,중상
2012061500100085,2012년 6월 15일 06시,금요일,충청북도 제천시 봉양읍,중상사고,0,2,4,0,차대차 - 기타,안전운전불이행,건조,맑음,단일로 - 기타,승용,여,42세,상해없음,화물,남,58세,경상
2012061500100140,2012년 6월 15일 08시,금요일,충청북도 청주시 상당구 내덕동,경상사고,0,0,1,0,차대차 - 기타,안전운전불이행,건조,맑음,단일로 - 기타,승용,남,70세,상해없음,자전거,남,12세,경상
2012061500100165,2012년 6월 15일 09시,금요일,충청북도 충주시 문화동,중상사고,0,1,0,0,차대차 - 추돌 - 주정차중,안전운전불이행,건조,맑음,단일로 - 기타,화물,남,39세,상해없음,원동기,남,41세,중상
2012061500100203,2012년 6월 15일 10시,금요일,충청북도 괴산군 불정면,중상사고,0,1,0,0,차대사람 - 길가장자리구역통행중,안전운전불이행,건조,맑음,단일로 - 기타,농기계,남,45세,상해없음,보행자,여,77세,중상
2012061500100233,2012년 6월 15일 11시,금요일,충청북도 청주시 상당구 우암동,중상사고,0,1,0,0,차대차 - 기타,신호위반,건조,맑음,교차로 - 교차로안,이륜,남,22세,중상,승용,남,69세,상해없음
2012061500100234,2012년 6월 15일 11시,금요일,충청북도 옥천군 옥천읍,중상사고,0,1,0,0,차대차 - 측면직각충돌,안전운전불이행,건조,흐림,교차로 - 교차로안,승용,남,55세,상해없음,화물,남,46세,중상
2012061500100256,2012년 6월 15일 12시,금요일,충청북도 옥천군 옥천읍,경상사고,0,0,2,0,차대차 - 측면직각충돌,직진우회전진행방해,건조,맑음,교차로 - 교차로안,승용,남,84세,상해없음,화물,남,52세,경상
2012061500100257,2012년 6월 15일 12시,금요일,충청북도 청원군 옥산면,경상사고,0,0,1,0,차대차 - 측면직각충돌,안전운전불이행,건조,맑음,단일로 - 기타,화물,남,49세,상해없음,승용,여,58세,경상
2012061500100284,2012년 6월 15일 13시,금요일,충청북도 청주시 흥덕구 가경동,중상사고,0,1,1,0,차대차 - 측면직각충돌,안전운전불이행,건조,맑음,교차로 - 교차로부근,승용,남,56세,상해없음,승용,남,58세,경상