사고번호,사고일시,요일,시군구,사고내용,사망자수,중상자수,경상자수,부상신고자수,사고유형,법규위반,노면상태,기상상태,도로형태,가해운전자 차종,가해운전자 성별,가해운전자 연령,가해운전자 상해정도,피해운전자 차종,피해운전자 성별,피해운전자 연령,피해운전자 상해정도
2012061900100611,2012년 6월 19일 23시,화요일,충청북도 청주시 상당구 율량동,경상사고,0,0,1,0,차대차 - 기타,안전운전불이행,건조,맑음,단일로 - 기타,승용,남,26세,경상,승용,남,23세,상해없음
2012061900100612,2012년 6월 19일 23시,화요일,충청북도 청주시 흥덕구 분평동,중상사고,0,1,0,0,차대차 - 추돌 - 주정차중,안전운전불이행,건조,맑음,교차로 - 교차로부근,승용,남,26세,상해없음,승용,여,42세,중상
2012062000100014,2012년 6월 20일 00시,수요일,충청북도 진천군 진천읍,경상사고,0,0,1,0,차대차 - 추돌 - 진행중,안전운전불이행,건조,맑음,단일로 - 기타,승용,남,28세,상해없음,화물,남,40세,상해없음
2012062000100029,2012년 6월 20일 01시,수요일,충청북도 괴산군 괴산읍,경상사고,0,0,1,0,차대차 - 측면직각충돌,기타,건조,맑음,교차로 - 교차로안,승용,여,48세,경상,승용,남,35세,상해없음
2012062000100030,2012년 6월 20일 01시,수요일,충청북도 증평군 증평읍,경상사고,0,0,1,0,차량단독 - 공작물충돌,안전운전불이행,건조,맑음,단일로 - 기타,승용,여,27세,경상,,,,
2012062000100031,2012년 6월 20일 01시,수요일,충청북도 청주시 흥덕구 비하동,경상사고,0,0,1,0,차대사람 - 횡단중,보행자보호의무위반,건조,맑음,교차로 - 교차로부근,기타불명,기타불명,기타불명,기타불명,보행자,남,49세,경상
2012062000100132,2012년 6월 20일 08시,수요일,충청북도 청원군 오창읍,중상사고,0,1,1,0,차대차 - 측면직각충돌,신호위반,건조,맑음,교차로 - 교차로안,승용,남,46세,상해없음,승용,남,29세,중상
2012062000100133,2012년 6월 20일 08시,수요일,충청북도 충주시 달천동,경상사고,0,0,1,0,차대차 - 추돌 - 진행중,안전운전불이행,건조,맑음,단일로 - 기타,화물,남,26세,상해없음,자전거,남,89세,경상
2012062000100134,2012년 6월 20일 08시,수요일,충청북도 충주시 교현동,중상사고,0,1,0,0,차대차 - 추돌 - 진행중,안전운전불이행,건조,맑음,단일로 - 기타,승용,남,68세,상해없음,승용,여,56세,중상
2012062000100135,2012년 6월 20일 08시,수요일,충청북도 청주시 흥덕구 봉명동,경상사고,0,0,1,0,차대차 - 측면직각충돌,안전운전불이행,건조,맑음,단일로 - 기타,화물,남,48세,상해없음,승용,여,44세,경상
2012062000100136,2012년 6월 20일 08시,수요일,충청북도 청주시 흥덕구 분평동,경상사고,0,0,1,0,차대차 - 추돌 - 주정차중,안전운전불이행,건조,맑음,단일로 - 기타,자전거,여,69세,경상,승용,여,50세,상해없음
2012062000100160,2012년 6월 20일 09시,수요일,충청북도 진천군 진천읍,중상사고,0,1,1,0,차대차 - 측면직각충돌,안전운전불이행,건조,맑음,기타 - 기타,화물,남,59세,상해없음,이륜,남,23세,중상
2012062000100189,2012년 6월 20일 10시,수요일,충청북도 충주시 문화동,중상사고,0,1,1,0,차대차 - 추돌 - 진행중,안전운전불이행,건조,맑음,교차로 - 교차로안,승용,여,56세,상해없음,자전거,여,73세,경상
2012062000100190,2012년 6월 20일 10시,수요일,충청북도 괴산군 칠성면,중상사고,0,3,0,0,차대차 - 측면직각충돌,기타,건조,맑음,교차로 - 교차로안,화물,남,45세,상해없음,승용,남,60세,중상
2012062000100246,2012년 6월 20일 12시,수요일,충청북도 제천시 남천동,경상사고,0,0,1,0,차대차 - 측면직각충돌,안전운전불이행,건조,맑음,단일로 - 기타,자전거,여,63세,경상,승용,여,55세,상해없음
2012062000100309,2012년 6월 20일 14시,수요일,충청북도 청주시 상당구 남문로2가동,경상사고,0,0,1,0,차대차 - 기타,교차로운행방법위반,건조,맑음,교차로 - 교차로안,승용,여,51세,상해없음,자전거,남,69세,경상
2012062000100404,2012년 6월 20일 17시,수요일,충청북도 제천시 천남동,경상사고,0,0,1,0,차대차 - 추돌 - 진행중,안전운전불이행,건조,맑음,단일로 - 기타,기타불명,기타불명,기타불명,기타불명,원동기,남,64세,경상
2012062000100405,2012년 6월 20일 17시,수요일,충청북도 청원군 옥산면,경상사고,0,0,1,0,차대차 - 추돌 - 진행중,안전거리미확보,건조,맑음,교차로 - 교차로부근,화물,남,47세,상해없음,승용,남,26세,경상
2012062000100433,2012년 6월 20일 18시,수요일,충청북도 충주시 충인동,중상사고,0,1,0,0,차대차 - 측면직각충돌,교차로운행방법위반,기타,맑음,교차로 - 교차로안,원동기,남,53세,상해없음,화물,남,30세,상해없음
2012062000100498,2012년 6월 20일 20시,수요일,충청북도 진천군 문백면,중상사고,0,2,1,0,차대차 - 기타,안전운전불이행,건조,맑음,단일로 - 기타,승용,남,34세,중상,화물,남,59세,기타불명
2012062000100499,2012년 6월 20일 20시,수요일,충청북도 청원군 강내면,경상사고,0,0,1,0,차량단독 - 기타,안전운전불이행,건조,맑음,단일로 - 기타,이륜,남,34세,경상,,,,
2012062000100536,2012년 6월 20일 21시,수요일,충청북도 옥천군 군북면,중상사고,0,1,0,0,차대차 - 측면직각충돌,안전운전불이행,건조,맑음,단일로 - 기타,원동기,남,58세,중상,승용,남,47세,상해없음
2012062000100537,2012년 6월 20일 21시,수요일,충청북도 청주시 흥덕구 사창동,경상사고,0,0,2,0,차대차 - 측면직각충돌,신호위반,건조,맑음,교차로 - 교차로안,승용,남,48세,상해없음,승용,남,23세,경상
2012062000100565,2012년 6월 20일 22시,수요일,충청북도 청주시 상당구 율량동,중상사고,0,1,0,0,차대차 - 측면직각충돌,안전거리미확보,건조,맑음,교차로 - 교차로부근,이륜,남,32세,중상,승용,남,29세,상해없음
2012062000100603,2012년 6월 20일 23시,수요일,충청북도 보은군 수한면,사망사고,1,0,0,0,차대사람 - 차도통행중,안전운전불이행,건조,맑음,단일로 - 기타,승합,남,45세,상해없음,보행자,여,52세,사망
2012062000100604,2012년 6월 20일 23시,수요일,충청북도 청주시 흥덕구 봉명동,경상사고,0,0,1,0,차대차 - 기타,중앙선침범,건조,맑음,단일로 - 기타,승용,여,43세,상해없음,승용,여,41세,경상
2012062100100141,2012년 6월 21일 08시,목요일,충청북도 청주시 흥덕구 비하동,중상사고,0,1,1,0,차대차 - 기타,안전운전불이행,건조,맑음,단일로 - 기타,승용,남,42세,경상,승용,여,36세,중상
2012062100100142,2012년 6월 21일 08시,목요일,충청북도 청원군 강내면,중상사고,0,1,1,0,차대차 - 기타,중앙선침범,건조,맑음,단일로 - 기타,승용,남,41세,상해없음,승용,남,40세,중상
2012062100100204,2012년 6월 21일 10시,목요일,충청북도 청주시 흥덕구 복대동,중상사고,0,1,0,0,차대차 - 기타,중앙선침범,건조,맑음,단일로 - 기타,승용,남,49세,상해없음,이륜,남,41세,중상
2012062100100226,2012년 6월 21일 11시,목요일,충청북도 제천시 영천동,중상사고,0,1,0,0,차대차 - 기타,신호위반,건조,맑음,교차로 - 교차로안,승합,남,55세,상해없음,승용,여,71세,중상
2012062100100312,2012년 6월 21일 14시,목요일,충청북도 청주시 흥덕구 복대동,중상사고,0,2,0,0,차대차 - 기타,신호위반,건조,맑음,교차로 - 교차로안,승용,남,46세,중상,승용,여,57세,중상
2012062100100345,2012년 6월 21일 15시,목요일,충청북도 청원군 오창읍,중상사고,0,1,0,0,차대차 - 측면직각충돌,안전운전불이행,건조,맑음,단일로 - 기타,승용,남,30세,상해없음,이륜,남,71세,중상
2012062100100346,2012년 6월 21일 15시,목요일,충청북도 청원군 오송읍,경상사고,0,0,2,0,차대차 - 기타,교차로운행방법위반,건조,맑음,교차로 - 교차로안,승용,남,44세,경상,승용,남,34세,경상
2012062100100465,2012년 6월 21일 18시,목요일,충청북도 청원군 오창읍,경상사고,0,0,1,0,차대차 - 측면직각충돌,안전거리미확보,건조,맑음,교차로 - 교차로안,화물,남,58세,상해없음,승용,여,40세,경상
2012062100100502,2012년 6월 21일 19시,목요일,충청북도 충주시 교현동,경상사고,0,0,2,0,차대차 - 추돌 - 주정차중,안전운전불이행,건조,맑음,단일로 - 기타,승용,여,40세,상해없음,승용,남,30세,경상
2012062100100503,2012년 6월 21일 19시,목요일,충청북도 제천시 송학면,중상사고,0,1,0,0,차량단독 - 공작물충돌,안전운전불이행,건조,맑음,단일로 - 기타,승용,여,31세,상해없음,,,,
2012062100100504,2012년 6월 21일 19시,목요일,충청북도 청주시 흥덕구 복대동,경상사고,0,0,1,0,차대차 - 기타,안전운전불이행,건조,맑음,단일로 - 기타,화물,남,30세,상해없음,승용,남,33세,경상
2012062100100534,2012년 6월 21일 20시,목요일,충청북도 충주시 봉방동,중상사고,0,1,1,0,차대차 - 추돌 - 주정차중,안전운전불이행,건조,맑음,단일로 - 기타,승합,남,40세,상해없음,승용,여,46세,중상
2012062100100535,2012년 6월 21일 20시,목요일,충청북도 청주시 흥덕구 봉명동,중상사고,0,1,0,0,차대차 - 측면직각충돌,안전운전불이행,건조,맑음,교차로 - 교차로부근,승용,남,29세,상해없음,이륜,남,27세,중상
2012062100100536,2012년 6월 21일 20시,목요일,충청북도 청원군 남이면,중상사고,0,1,2,0,차대차 - 추돌 - 주정차중,안전운전불이행,건조,맑음,교차로 - 교차로부근,승용,남,40세,상해없음,승용,남,47세,경상
2012062100100578,2012년 6월 21일 21시,목요일,충청북도 음성군 대소면,경상사고,0,0,2,0,차대차 - 측면직각충돌,교차로운행방법위반,건조,맑음,교차로 - 교차로안,승용,남,47세,상해없음,승용,남,37세,경상
2012062100100579,2012년 6월 21일 21시,목요일,충청북도 청원군 미원면,경상사고,0,0,3,0,차대차 - 측면직각충돌,교차로운행방법위반,건조,맑음,교차로 - 교차로안,화물,남,58세,상해없음,화물,남,32세,경상
2012062100100608,2012년 6월 21일 22시,목요일,충청북도 청주시 흥덕구 모충동,경상사고,0,0,1,0,차대차 - 정면충돌,중앙선침범,건조,맑음,단일로 - 기타,자전거,남,17세,상해없음,자전거,남,26세,경상
2012062100100635,2012년 6월 21일 23시,목요일,충청북도 음성군 대소면,경상사고,0,0,1,0,차대차 - 추돌 - 주정차중,안전운전불이행,건조,맑음,교차로 - 교차로부근,승용,남,44세,상해없음,원동기,남,17세,경상
2012062200100013,2012년 6월 22일 00시,금요일,충청북도 보은군 속리산면,중상사고,0,1,0,0,차대차 - 측면직각충돌,교차로운행방법위반,건조,맑음,교차로 - 교차로안,화물,남,34세,상해없음,승용,남,20세,중상
2012062200100079,2012년 6월 22일 04시,금요일,충청북도 제천시 덕산면,중상사고,0,1,0,0,차량단독 - 전도전복,안전운전불이행,건조,맑음,단일로 - 기타,승용,여,53세,중상,,,,
2012062200100128,2012년 6월 22일 07시,금요일,충청북도 증평군 증평읍,경상사고,0,0,1,0,차대차 - 측면직각충돌,기타,건조,맑음,교차로 - 교차로안,화물,남,51세,상해없음,승용,남,64세,경상
2012062200100209,2012년 6월 22일 09시,금요일,충청북도 단양군 영춘면,경상사고,0,0,2,0,차량단독 - 전도전복,안전운전불이행,건조,맑음,단일로 - 기타,승용,남,51세,경상,,,,
2012062200100210,2012년 6월 22일 09시,금요일,충청북도 청주시 흥덕구 산남동,경상사고,0,0,1,0,차대사람 - 기타,보행자보호의무위반,건조,맑음,교차로 - 교차로부근,승용,남,45세,상해없음,보행자,남,35세,경상
2012062200100242,2012년 6월 22일 10시,금요일,충청북도 영동군 영동읍,중상사고,0,1,0,0,차대사람 - 횡단중,안전운전불이행,건조,맑음,단일로 - 기타,승용,여,45세,상해없음,보행자,여,4세,중상
2012062200100243,2012년 6월 22일 10시,금요일,충청북도 청원군 오송읍,경상사고,0,0,1,0,차대차 - 측면직각충돌,안전운전불이행,건조,맑음,교차로 - 교차로부근,화물,남,53세,상해없음,자전거,남,61세,경상
2012062200100270,2012년 6월 22일 11시,금요일,충청북도 충주시 교현동,중상사고,0,1,0,0,차대차 - 측면직각충돌,안전거리미확보,건조,맑음,단일로 - 기타,승용,남,64세,상해없음,승용,남,27세,중상
2012062200100286,2012년 6월 22일 12시,금요일,충청북도 옥천군 옥천읍,중상사고,0,2,1,0,차대차 - 측면직각충돌,안전운전불이행,건조,맑음,단일로 - 기타,화물,남,45세,상해없음,승용,남,23세,경상
2012062200100287,2012년 6월 22일 12시,금요일,충청북도 진천군 진천읍,경상사고,0,0,1,0,차대차 - 추돌 - 주정차중,안전운전불이행,건조,맑음,교차로 - 교차로부근,화물,남,37세,상해없음,승용,남,51세,경상
2012062200100306,2012년 6월 22일 13시,금요일,충청북도 증평군 증평읍,중상사고,0,1,0,1,차대차 - 측면직각충돌,신호위반,건조,맑음,교차로 - 교차로안,원동기,남,56세,부상신고,원동기,남,59세,중상
2012062200100307,2012년 6월 22일 13시,금요일,충청북도 청원군 옥산면,경상사고,0,0,1,0,차대차 - 측면직각충돌,중앙선침범,건조,맑음,교차로 - 교차로부근,승합,여,52세,상해없음,승용,남,36세,경상
2012062200100311,2012년 6월 22일 13시,금요일,충청북도 청원군 남이면,경상사고,0,0,3,0,차대차 - 측면직각충돌,안전운전불이행,건조,맑음,단일로 - 기타,화물,남,43세,상해없음,승용,남,20세,경상
2012062200100343,2012년 6월 22일 14시,금요일,충청북도 괴산군 감물면,사망사고,1,1,0,0,차대차 - 정면충돌,중앙선침범,건조,맑음,단일로 - 기타,승용,여,50세,사망,건설기계,남,51세,중상
2012062200100375,2012년 6월 22일 15시,금요일,충청북도 청원군 옥산면,사망사고,1,1,1,0,차량단독 - 전도전복,안전운전불이행,건조,맑음,단일로 - 기타,승용,남,81세,사망,,,,
2012062200100418,2012년 6월 22일 16시,금요일,충청북도 청주시 상당구 용암동,중상사고,0,1,0,0,차대차 - 추돌 - 진행중,안전거리미확보,건조,맑음,교차로 - 교차로부근,승용,여,31세,상해없음,승용,남,58세,상해없음
2012062200100444,2012년 6월 22일 17시,금요일,충청북도 음성군 맹동면,중상사고,0,1,0,0,차대차 - 측면직각충돌,중앙선침범,건조,맑음,단일로 - 기타,원동기,여,60세,중상,승용,남,27세,상해없음
2012062200100445,2012년 6월 22일 17시,금요일,충청북도 진천군 광혜원면,중상사고,0,1,1,0,차대차 - 측면직각충돌,신호위반,건조,맑음,교차로 - 교차로안,승용,남,39세,상해없음,승용,여,54세,중상
2012062200100446,2012년 6월 22일 17시,금요일,충청북도 청원군 오송읍,중상사고,0,1,1,0,차대차 - 측면직각충돌,신호위반,건조,맑음,교차로 - 교차로안,화물,남,40세,중상,화물,남,47세,경상
2012062200100563,2012년 6월 22일 20시,금요일,충청북도 청원군 오창읍,중상사고,0,1,0,0,차대사람 - 기타,보행자보호의무위반,건조,맑음,단일로 - 횡단보도상,화물,남,67세,상해없음,보행자,여,67세,중상
2012062200100604,2012년 6월 22일 21시,금요일,충청북도 보은군 보은읍,중상사고,0,1,0,0,차대차 - 측면직각충돌,교차로운행방법위반,건조,맑음,교차로 - 교차로안,승용,여,44세,상해없음,원동기,남,37세,중상
2012062200100605,2012년 6월 22일 21시,금요일,충청북도 청주시 흥덕구 사창동,경상사고,0,0,1,0,차대사람 - 기타,안전운전불이행,건조,맑음,단일로 - 기타,승용,여,52세,상해없음,보행자,남,31세,경상
2012062200100646,2012년 6월 22일 22시,금요일,충청북도 제천시 신월동,사망사고,1,0,0,0,차대차 - 추돌 - 주정차중,안전운전불이행,건조,맑음,단일로 - 기타,승용,남,59세,사망,화물,남,45세,상해없음
2012062200100647,2012년 6월 22일 22시,금요일,충청북도 증평군 증평읍,경상사고,0,0,1,0,차대차 - 추돌 - 주정차중,안전운전불이행,건조,맑음,교차로 - 교차로부근,승용,남,49세,상해없음,승용,여,48세,경상
2012062200100648,2012년 6월 22일 22시,금요일,충청북도 청주시 흥덕구 가경동,중상사고,0,3,2,0,차대차 - 추돌 - 주정차중,안전운전불이행,건조,맑음,단일로 - 기타,승용,남,50세,상해없음,승용,남,35세,중상
2012062200100649,2012년 6월 22일 22시,금요일,충청북도 청주시 흥덕구 가경동,중상사고,0,1,2,1,차대사람 - 기타,안전운전불이행,건조,맑음,단일로 - 기타,승용,남,49세,상해없음,보행자,남,45세,경상
2012062200100650,2012년 6월 22일 22시,금요일,충청북도 청원군 오송읍,중상사고,0,1,0,0,차대차 - 측면직각충돌,안전운전불이행,건조,맑음,단일로 - 기타,승용,남,22세,상해없음,자전거,남,63세,중상
2012062200100687,2012년 6월 22일 23시,금요일,충청북도 제천시 청전동,중상사고,0,2,0,0,차대차 - 측면직각충돌,중앙선침범,건조,맑음,단일로 - 기타,화물,남,33세,상해없음,승용,남,44세,중상
2012062300100013,2012년 6월 23일 00시,토요일,충청북도 청주시 흥덕구 사창동,경상사고,0,0,1,0,차대차 - 측면직각충돌,차로위반,건조,맑음,교차로 - 교차로부근,승용,남,48세,상해없음,승용,남,57세,경상
2012062300100014,2012년 6월 23일 00시,토요일,충청북도 충주시 대소원면,중상사고,0,1,0,0,차대차 - 추돌 - 진행중,안전운전불이행,건조,맑음,단일로 - 기타,승용,남,30세,중상,화물,남,40세,상해없음
2012062300100045,2012년 6월 23일 01시,토요일,충청북도 청주시 흥덕구 복대동,경상사고,0,0,1,0,차대차 - 추돌 - 진행중,안전운전불이행,건조,맑음,단일로 - 기타,승용,남,27세,상해없음,승용,여,27세,기타불명
2012062300100078,2012년 6월 23일 03시,토요일,충청북도 청주시 상당구 주성동,경상사고,0,0,1,0,차대차 - 측면직각충돌,신호위반,건조,맑음,교차로 - 교차로안,승용,남,33세,상해없음,화물,남,56세,경상
2012062300100167,2012년 6월 23일 08시,토요일,충청북도 보은군 마로면,중상사고,0,1,0,0,차대차 - 추돌 - 주정차중,안전운전불이행,건조,맑음,단일로 - 기타,화물,남,49세,상해없음,원동기,여,73세,중상
2012062300100168,2012년 6월 23일 08시,토요일,충청북도 청원군 옥산면,중상사고,0,1,1,0,차대차 - 기타,안전운전불이행,건조,맑음,단일로 - 기타,승용,여,33세,경상,이륜,남,57세,중상
2012062300100194,2012년 6월 23일 09시,토요일,충청북도 청주시 흥덕구 송정동,경상사고,0,0,1,0,차대차 - 측면직각충돌,신호위반,건조,맑음,교차로 - 교차로안,승용,여,36세,경상,화물,남,50세,상해없음
2012062300100195,2012년 6월 23일 09시,토요일,충청북도 청주시 흥덕구 가경동,경상사고,0,0,1,0,차대차 - 기타,기타,건조,맑음,교차로 - 교차로부근,승용,남,48세,상해없음,자전거,남,41세,경상
2012062300100213,2012년 6월 23일 10시,토요일,충청북도 청주시 상당구 우암동,경상사고,0,0,1,0,차대차 - 기타,안전거리미확보,건조,맑음,단일로 - 기타,승용,남,39세,상해없음,승용,남,66세,경상
2012062300100214,2012년 6월 23일 10시,토요일,충청북도 충주시 대소원면,중상사고,0,3,7,0,차대차 - 기타,안전운전불이행,건조,맑음,단일로 - 기타,승용,남,43세,중상,승용,남,37세,중상
2012062300100215,2012년 6월 23일 10시,토요일,충청북도 제천시 봉양읍,경상사고,0,0,2,0,차량단독 - 도로외이탈 - 추락,안전운전불이행,건조,맑음,단일로 - 기타,농기계,남,70세,경상,,,,
2012062300100278,2012년 6월 23일 12시,토요일,충청북도 단양군 대강면,경상사고,0,0,3,0,차대차 - 측면직각충돌,안전운전불이행,건조,맑음,교차로 - 교차로부근,건설기계,남,32세,상해없음,승용,남,18세,상해없음
2012062300100344,2012년 6월 23일 14시,토요일,충청북도 청주시 상당구 탑동,경상사고,0,0,1,0,차대차 - 측면직각충돌,안전운전불이행,건조,맑음,교차로 - 교차로부근,화물,남,71세,상해없음,자전거,남,32세,경상
2012062300100345,2012년 6월 23일 14시,토요일,충청북도 충주시 노은면,중상사고,0,2,0,0,차대차 - 기타,중앙선침범,건조,맑음,단일로 - 기타,화물,남,69세,상해없음,건설기계,남,45세,상해없음
2012062300100346,2012년 6월 23일 14시,토요일,충청북도 청원군 옥산면,경상사고,0,0,3,0,차대차 - 추돌 - 주정차중,안전운전불이행,건조,맑음,단일로 - 교량,화물,남,60세,상해없음,승용,남,68세,경상
2012062300100347,2012년 6월 23일 14시,토요일,충청북도 청원군 남이면,경상사고,0,0,2,0,차대차 - 추돌 - 진행중,안전운전불이행,건조,맑음,교차로 - 교차로부근,승용,남,48세,상해없음,승용,남,51세,경상
2012062300100438,2012년 6월 23일 17시,토요일,충청북도 음성군 금왕읍,경상사고,0,0,4,0,차대차 - 측면직각충돌,신호위반,건조,맑음,교차로 - 교차로안,화물,남,65세,경상,승용,남,28세,경상
2012062300100506,2012년 6월 23일 19시,토요일,충청북도 청주시 흥덕구 석곡동,경상사고,0,0,2,0,차대차 - 추돌 - 주정차중,안전운전불이행,건조,맑음,단일로 - 기타,화물,남,27세,상해없음,승용,여,55세,경상
2012062300100539,2012년 6월 23일 20시,토요일,충청북도 진천군 진천읍,경상사고,0,0,1,0,차대사람 - 기타,안전운전불이행,건조,맑음,단일로 - 기타,승용,남,23세,상해없음,보행자,남,34세,경상
2012062300100540,2012년 6월 23일 20시,토요일,충청북도 청주시 흥덕구 성화동,경상사고,0,0,1,0,차대차 - 측면직각충돌,안전운전불이행,건조,맑음,교차로 - 교차로부근,승용,남,60세,상해없음,원동기,여,52세,경상
2012062300100635,2012년 6월 23일 23시,토요일,충청북도 청주시 흥덕구 가경동,중상사고,0,3,3,0,차대차 - 기타,안전운전불이행,건조,맑음,단일로 - 기타,승용,남,41세,상해없음,승용,남,45세,중상
2012062400100010,2012년 6월 24일 00시,일요일,충청북도 보은군 보은읍,경상사고,0,0,1,0,차대사람 - 기타,안전운전불이행,건조,맑음,단일로 - 기타,승용,남,25세,상해없음,보행자,남,42세,경상
2012062400100051,2012년 6월 24일 02시,일요일,충청북도 청주시 흥덕구 비하동,경상사고,0,0,5,0,차대차 - 측면직각충돌,신호위반,건조,맑음,교차로 - 교차로안,승용,남,62세,경상,승용,남,30세,경상
2012062400100052,2012년 6월 24일 02시,일요일,충청북도 청주시 상당구 영운동,중상사고,0,3,1,0,차대차 - 측면직각충돌,기타,건조,맑음,교차로 - 교차로안,이륜,남,15세,중상,승용,남,41세,상해없음
2012062400100096,2012년 6월 24일 06시,일요일,충청북도 청원군 현도면,경상사고,0,0,1,0,차량단독 - 공작물충돌,안전운전불이행,건조,맑음,단일로 - 기타,승용,여,46세,경상,,,,
2012062400100127,2012년 6월 24일 09시,일요일,충청북도 충주시 살미면,경상사고,0,0,2,0,차량단독 - 공작물충돌,안전운전불이행,건조,맑음,단일로 - 기타,원동기,남,15세,경상,,,,
2012062400100150,2012년 6월 24일 10시,일요일,충청북도 충주시 연수동,중상사고,0,2,0,0,차대사람 - 기타,안전운전불이행,건조,맑음,단일로 - 기타,승용,남,22세,상해없음,보행자,남,67세,중상
2012062400100169,2012년 6월 24일 11시,일요일,충청북도 청원군 오창읍,경상사고,0,0,2,0,차대차 - 측면직각충돌,신호위반,건조,맑음,교차로 - 교차로안,승용,남,72세,상해없음,승합,남,48세,경상
2012062400100170,2012년 6월 24일 11시,일요일,충청북도 청주시 상당구 금천동,경상사고,0,0,1,0,차대차 - 추돌 - 주정차중,교차로운행방법위반,건조,맑음,교차로 - 교차로안,승용,남,42세,상해없음,승용,여,51세,상해없음
2012062400100171,2012년 6월 24일 11시,일요일,충청북도 충주시 성서동,경상사고,0,0,1,0,차대사람 - 길가장자리구역통행중,신호위반,건조,맑음,단일로 - 기타,승용,남,20세,상해없음,보행자,남,53세,경상
2012062400100172,2012년 6월 24일 11시,일요일,충청북도 옥천군 옥천읍,중상사고,0,1,1,0,차대차 - 측면직각충돌,안전운전불이행,건조,맑음,교차로 - 교차로부근,승합,남,56세,상해없음,승용,남,44세,경상
2012062400100217,2012년 6월 24일 13시,일요일,충청북도 제천시 봉양읍,경상사고,0,0,1,0,차대차 - 추돌 - 진행중,안전거리미확보,건조,맑음,단일로 - 기타,화물,남,66세,상해없음,승합,여,52세,경상
2012062400100218,2012년 6월 24일 13시,일요일,충청북도 보은군 회인면,중상사고,0,2,1,0,차대차 - 정면충돌,중앙선침범,건조,맑음,단일로 - 기타,승용,남,33세,경상,승용,남,57세,중상
2012062400100219,2012년 6월 24일 13시,일요일,충청북도 단양군 매포읍,경상사고,0,0,1,0,차대차 - 측면직각충돌,신호위반,건조,맑음,교차로 - 교차로안,승용,남,39세,상해없음,승용,남,54세,경상
2012062400100244,2012년 6월 24일 14시,일요일,충청북도 충주시 목행동,중상사고,0,1,0,0,차량단독 - 공작물충돌,안전운전불이행,건조,맑음,단일로 - 기타,승용,여,53세,중상,,,,
2012062400100245,2012년 6월 24일 14시,일요일,충청북도 제천시 왕암동,사망사고,1,2,3,0,차대차 - 측면직각충돌,기타,건조,맑음,교차로 - 교차로안,화물,남,48세,중상,승용,남,46세,경상
2012062400100246,2012년 6월 24일 14시,일요일,충청북도 괴산군 청천면,중상사고,0,2,4,0,차대차 - 정면충돌,중앙선침범,건조,맑음,단일로 - 기타,승용,여,43세,상해없음,승용,남,48세,중상
2012062400100309,2012년 6월 24일 16시,일요일,충청북도 충주시 대소원면,경상사고,0,0,1,0,차대사람 - 기타,안전운전불이행,건조,맑음,단일로 - 기타,승용,남,30세,상해없음,보행자,여,51세,경상
2012062400100310,2012년 6월 24일 16시,일요일,충청북도 괴산군 연풍면,중상사고,0,1,0,0,차대차 - 측면직각충돌,기타,건조,맑음,교차로 - 교차로안,원동기,남,50세,중상,승용,여,35세,상해없음
2012062400100311,2012년 6월 24일 16시,일요일,충청북도 음성군 금왕읍,경상사고,0,0,3,0,차대차 - 측면직각충돌,신호위반,건조,맑음,교차로 - 교차로안,승용,남,47세,상해없음,승합,여,35세,경상
2012062400100312,2012년 6월 24일 16시,일요일,충청북도 청주시 흥덕구 송정동,경상사고,0,0,4,0,차대차 - 추돌 - 진행중,안전운전불이행,건조,맑음,교차로 - 교차로부근,승합,남,62세,상해없음,승용,남,31세,경상
2012062400100340,2012년 6월 24일 17시,일요일,충청북도 청주시 흥덕구 신봉동,경상사고,0,0,1,0,차대차 - 측면직각충돌,안전운전불이행,건조,맑음,단일로 - 기타,승용,남,57세,상해없음,자전거,남,8세,경상
2012062400100361,2012년 6월 24일 18시,일요일,충청북도 충주시 교현동,경상사고,0,0,1,0,차대차 - 추돌 - 주정차중,안전거리미확보,건조,맑음,단일로 - 기타,승용,남,47세,상해없음,원동기,남,52세,경상
2012062400100422,2012년 6월 24일 20시,일요일,충청북도 충주시 교현동,경상사고,0,0,1,0,차대차 - 측면직각충돌,안전운전불이행,건조,맑음,단일로 - 기타,승용,여,41세,상해없음,자전거,남,33세,상해없음
2012062400100423,2012년 6월 24일 20시,일요일,충청북도 보은군 보은읍,중상사고,0,1,0,0,차대사람 - 기타,안전운전불이행,건조,맑음,단일로 - 기타,승용,남,51세,상해없음,보행자,남,71세,중상
2012062400100424,2012년 6월 24일 20시,일요일,충청북도 진천군 진천읍,경상사고,0,0,1,0,차대사람 - 기타,안전운전불이행,건조,맑음,교차로 - 교차로안,승용,남,22세,상해없음,보행자,남,21세,경상
2012062400100425,2012년 6월 24일 20시,일요일,충청북도 청주시 흥덕구 수곡동,중상사고,0,1,0,0,차대사람 - 횡단중,안전운전불이행,건조,맑음,기타 - 기타,원동기,남,22세,상해없음,보행자,남,2세,중상
2012062400100452,2012년 6월 24일 21시,일요일,충청북도 충주시 교현동,경상사고,0,0,1,0,차대차 - 측면직각충돌,안전운전불이행,건조,맑음,단일로 - 기타,승용,남,45세,상해없음,원동기,남,19세,경상
2012062400100453,2012년 6월 24일 21시,일요일,충청북도 단양군 단양읍,경상사고,0,0,1,0,차대사람 - 차도통행중,안전운전불이행,건조,맑음,교차로 - 교차로부근,승용,남,53세,상해없음,보행자,남,27세,경상