사고번호,사고일시,요일,시군구,사고내용,사망자수,중상자수,경상자수,부상신고자수,사고유형,법규위반,노면상태,기상상태,도로형태,가해운전자 차종,가해운전자 성별,가해운전자 연령,가해운전자 상해정도,피해운전자 차종,피해운전자 성별,피해운전자 연령,피해운전자 상해정도
2012062400100505,2012년 6월 24일 23시,일요일,충청북도 청주시 흥덕구 송정동,중상사고,0,1,0,0,차대사람 - 기타,안전운전불이행,건조,맑음,교차로 - 교차로안,기타불명,기타불명,기타불명,기타불명,보행자,여,64세,중상
2012062500100008,2012년 6월 25일 00시,월요일,충청북도 청주시 상당구 율량동,경상사고,0,0,2,0,차대차 - 기타,안전운전불이행,건조,맑음,단일로 - 기타,승용,남,26세,상해없음,승용,남,29세,경상
2012062500100031,2012년 6월 25일 03시,월요일,충청북도 보은군 속리산면,중상사고,0,1,2,0,차량단독 - 전도전복,안전운전불이행,건조,맑음,단일로 - 교량,승용,남,25세,경상,,,,
2012062500100032,2012년 6월 25일 03시,월요일,충청북도 음성군 음성읍,사망사고,1,1,0,0,차량단독 - 공작물충돌,안전운전불이행,건조,맑음,단일로 - 기타,이륜,남,17세,중상,,,,
2012062500100041,2012년 6월 25일 04시,월요일,충청북도 청주시 흥덕구 가경동,중상사고,0,1,0,0,차대사람 - 기타,안전운전불이행,건조,맑음,단일로 - 기타,승용,남,71세,상해없음,보행자,여,75세,중상
2012062500100047,2012년 6월 25일 05시,월요일,충청북도 충주시 동량면,경상사고,0,0,1,1,차대차 - 추돌 - 진행중,안전운전불이행,건조,맑음,교차로 - 교차로안,화물,남,59세,부상신고,승용,남,39세,경상
2012062500100108,2012년 6월 25일 08시,월요일,충청북도 청주시 상당구 남문로1가동,경상사고,0,0,1,0,차대차 - 기타,교차로운행방법위반,건조,맑음,교차로 - 교차로안,화물,여,51세,상해없음,자전거,남,69세,경상
2012062500100109,2012년 6월 25일 08시,월요일,충청북도 제천시 봉양읍,경상사고,0,0,4,0,차대차 - 기타,안전거리미확보,건조,맑음,단일로 - 기타,승용,남,63세,상해없음,화물,남,56세,상해없음
2012062500100152,2012년 6월 25일 09시,월요일,충청북도 제천시 중앙로2가,중상사고,0,1,0,0,차대사람 - 횡단중,안전운전불이행,건조,맑음,교차로 - 교차로부근,화물,남,27세,상해없음,보행자,여,78세,중상
2012062500100153,2012년 6월 25일 09시,월요일,충청북도 청원군 미원면,중상사고,0,1,0,1,차대차 - 기타,중앙선침범,건조,맑음,단일로 - 기타,자전거,여,65세,중상,화물,여,38세,부상신고
2012062500100214,2012년 6월 25일 11시,월요일,충청북도 충주시 주덕읍,중상사고,0,1,0,0,차량단독 - 전도전복,안전운전불이행,건조,맑음,단일로 - 기타,승합,남,60세,중상,,,,
2012062500100215,2012년 6월 25일 11시,월요일,충청북도 청주시 흥덕구 모충동,경상사고,0,0,1,0,차대차 - 추돌 - 진행중,안전운전불이행,건조,맑음,교차로 - 교차로안,화물,남,55세,상해없음,이륜,여,63세,경상
2012062500100248,2012년 6월 25일 12시,월요일,충청북도 보은군 보은읍,중상사고,0,1,0,0,차대차 - 측면직각충돌,중앙선침범,기타,맑음,단일로 - 기타,원동기,남,60세,중상,승용,남,34세,상해없음
2012062500100311,2012년 6월 25일 14시,월요일,충청북도 청주시 상당구 우암동,중상사고,0,1,0,0,차량단독 - 도로외이탈 - 기타,안전운전불이행,건조,맑음,단일로 - 기타,자전거,남,75세,중상,,,,
2012062500100346,2012년 6월 25일 15시,월요일,충청북도 청원군 오송읍,중상사고,0,1,0,0,차대차 - 측면직각충돌,신호위반,건조,맑음,교차로 - 교차로안,이륜,여,52세,중상,승용,남,53세,상해없음
2012062500100348,2012년 6월 25일 15시,월요일,충청북도 옥천군 옥천읍,중상사고,0,2,0,0,차량단독 - 기타,안전운전불이행,건조,맑음,단일로 - 기타,승용,남,41세,상해없음,,,,
2012062500100412,2012년 6월 25일 17시,월요일,충청북도 청원군 내수읍,중상사고,0,1,4,0,차대차 - 추돌 - 주정차중,안전운전불이행,건조,맑음,단일로 - 기타,승용,남,47세,상해없음,승용,남,60세,경상
2012062500100413,2012년 6월 25일 17시,월요일,충청북도 청주시 상당구 내덕동,경상사고,0,0,1,0,차대사람 - 기타,안전운전불이행,건조,맑음,교차로 - 교차로부근,승용,여,45세,상해없음,보행자,남,48세,경상
2012062500100415,2012년 6월 25일 17시,월요일,충청북도 괴산군 괴산읍,중상사고,0,1,0,0,차대차 - 측면직각충돌,신호위반,건조,맑음,교차로 - 교차로안,화물,남,35세,상해없음,농기계,남,72세,중상
2012062500100471,2012년 6월 25일 18시,월요일,충청북도 충주시 충인동,중상사고,0,1,0,0,차대차 - 측면직각충돌,안전운전불이행,건조,맑음,교차로 - 교차로안,승용,남,75세,상해없음,승용,남,32세,중상
2012062500100472,2012년 6월 25일 18시,월요일,충청북도 음성군 대소면,경상사고,0,0,1,0,차대사람 - 차도통행중,안전운전불이행,건조,맑음,단일로 - 기타,승용,여,49세,상해없음,보행자,여,35세,경상
2012062500100473,2012년 6월 25일 18시,월요일,충청북도 청주시 흥덕구 비하동,경상사고,0,0,1,1,차대차 - 측면직각충돌,안전운전불이행,건조,맑음,교차로 - 교차로안,승용,남,23세,상해없음,승용,남,42세,경상
2012062500100517,2012년 6월 25일 19시,월요일,충청북도 청주시 흥덕구 가경동,경상사고,0,0,1,0,차대차 - 추돌 - 진행중,안전운전불이행,건조,맑음,교차로 - 교차로안,승용,남,34세,상해없음,승용,여,46세,경상
2012062500100553,2012년 6월 25일 20시,월요일,충청북도 청주시 상당구 금천동,경상사고,0,0,1,0,차대차 - 기타,안전운전불이행,건조,맑음,단일로 - 기타,이륜,남,17세,경상,승용,남,52세,상해없음
2012062500100554,2012년 6월 25일 20시,월요일,충청북도 청원군 북이면,경상사고,0,0,1,0,차대차 - 기타,안전운전불이행,건조,맑음,단일로 - 기타,승용,남,35세,상해없음,농기계,남,61세,경상
2012062500100555,2012년 6월 25일 20시,월요일,충청북도 음성군 음성읍,중상사고,0,1,0,0,차대사람 - 횡단중,안전운전불이행,건조,맑음,교차로 - 교차로안,승용,남,27세,상해없음,보행자,남,68세,중상
2012062500100586,2012년 6월 25일 21시,월요일,충청북도 청주시 흥덕구 복대동,경상사고,0,0,2,0,차대차 - 측면직각충돌,교차로운행방법위반,건조,맑음,교차로 - 교차로안,이륜,남,18세,경상,승용,남,49세,상해없음
2012062500100587,2012년 6월 25일 21시,월요일,충청북도 청주시 흥덕구 산남동,경상사고,0,0,2,0,차대차 - 기타,안전운전불이행,건조,맑음,단일로 - 기타,승용,남,31세,상해없음,승용,여,40세,경상
2012062600100079,2012년 6월 26일 06시,화요일,충청북도 청원군 오송읍,중상사고,0,1,1,0,차대차 - 측면직각충돌,중앙선침범,건조,맑음,교차로 - 교차로안,화물,남,55세,경상,승용,남,33세,중상
2012062600100186,2012년 6월 26일 10시,화요일,충청북도 진천군 진천읍,경상사고,0,0,2,0,차대차 - 추돌 - 주정차중,안전운전불이행,건조,맑음,단일로 - 기타,화물,남,74세,상해없음,승용,남,49세,경상
2012062600100216,2012년 6월 26일 11시,화요일,충청북도 청주시 상당구 월오동,중상사고,0,1,0,0,차대차 - 기타,안전운전불이행,건조,맑음,단일로 - 기타,승용,여,37세,상해없음,승용,남,36세,중상
2012062600100240,2012년 6월 26일 12시,화요일,충청북도 제천시 의림동,중상사고,0,1,0,0,차대차 - 기타,기타,건조,맑음,단일로 - 기타,승용,남,55세,상해없음,자전거,남,43세,중상
2012062600100241,2012년 6월 26일 12시,화요일,충청북도 증평군 증평읍,경상사고,0,0,1,0,차대차 - 측면직각충돌,직진우회전진행방해,건조,맑음,교차로 - 교차로안,원동기,남,74세,경상,화물,남,43세,상해없음
2012062600100259,2012년 6월 26일 13시,화요일,충청북도 청주시 흥덕구 정봉동,중상사고,0,1,4,1,차대차 - 추돌 - 주정차중,안전운전불이행,건조,맑음,단일로 - 기타,화물,남,36세,상해없음,화물,남,50세,경상
2012062600100260,2012년 6월 26일 13시,화요일,충청북도 청주시 흥덕구 사창동,경상사고,0,0,1,0,차대차 - 기타,안전운전불이행,건조,맑음,교차로 - 교차로안,승용,남,25세,상해없음,승용,남,29세,경상
2012062600100289,2012년 6월 26일 14시,화요일,충청북도 괴산군 청천면,경상사고,0,0,5,0,차량단독 - 기타,과속,건조,맑음,단일로 - 기타,승용,남,19세,경상,,,,
2012062600100290,2012년 6월 26일 14시,화요일,충청북도 청주시 흥덕구 가경동,경상사고,0,0,1,0,차대사람 - 기타,안전운전불이행,건조,맑음,교차로 - 교차로부근,승용,여,36세,상해없음,보행자,여,86세,경상
2012062600100291,2012년 6월 26일 14시,화요일,충청북도 청주시 흥덕구 봉명동,경상사고,0,0,1,0,차대차 - 기타,안전운전불이행,건조,맑음,단일로 - 기타,승용,남,31세,상해없음,승용,여,60세,경상
2012062600100333,2012년 6월 26일 15시,화요일,충청북도 청주시 상당구 석교동,경상사고,0,0,1,0,차대차 - 기타,교차로운행방법위반,건조,맑음,교차로 - 교차로안,승용,여,26세,상해없음,승합,남,49세,상해없음
2012062600100362,2012년 6월 26일 16시,화요일,충청북도 청주시 상당구 금천동,경상사고,0,0,2,0,차대차 - 측면직각충돌,안전운전불이행,건조,맑음,교차로 - 교차로안,이륜,남,19세,경상,승용,남,51세,경상
2012062600100398,2012년 6월 26일 17시,화요일,충청북도 청원군 부용면,중상사고,0,1,0,0,차대차 - 측면직각충돌,안전운전불이행,건조,맑음,단일로 - 기타,승용,남,56세,상해없음,원동기,남,70세,중상
2012062600100445,2012년 6월 26일 18시,화요일,충청북도 청원군 오창읍,경상사고,0,0,1,0,차대차 - 추돌 - 진행중,중앙선침범,건조,맑음,단일로 - 기타,승용,여,49세,상해없음,이륜,남,69세,경상
2012062600100446,2012년 6월 26일 18시,화요일,충청북도 청원군 오창읍,경상사고,0,0,1,0,차량단독 - 기타,기타,건조,맑음,단일로 - 기타,승용,남,52세,상해없음,,,,
2012062600100447,2012년 6월 26일 18시,화요일,충청북도 청주시 상당구 용암동,경상사고,0,0,1,0,차대차 - 측면직각충돌,안전운전불이행,건조,맑음,교차로 - 교차로부근,승용,여,35세,상해없음,자전거,남,14세,경상
2012062600100475,2012년 6월 26일 19시,화요일,충청북도 제천시 의림동,경상사고,0,0,4,0,차대차 - 측면직각충돌,직진우회전진행방해,건조,맑음,교차로 - 교차로안,승용,남,34세,상해없음,승합,남,30세,경상
2012062600100476,2012년 6월 26일 19시,화요일,충청북도 청주시 흥덕구 사직동,경상사고,0,0,1,0,차대사람 - 길가장자리구역통행중,안전운전불이행,건조,맑음,단일로 - 기타,승용,여,23세,상해없음,보행자,여,71세,경상
2012062600100498,2012년 6월 26일 20시,화요일,충청북도 괴산군 불정면,사망사고,1,0,0,0,차량단독 - 도로외이탈 - 추락,안전운전불이행,건조,맑음,단일로 - 교량,승용,남,44세,사망,,,,
2012062600100569,2012년 6월 26일 22시,화요일,충청북도 청주시 상당구 율량동,경상사고,0,0,1,0,차대사람 - 기타,안전운전불이행,건조,맑음,단일로 - 기타,승용,남,51세,상해없음,보행자,여,27세,경상
2012062600100570,2012년 6월 26일 22시,화요일,충청북도 청원군 오송읍,중상사고,0,1,2,0,차대차 - 기타,안전운전불이행,건조,맑음,교차로 - 교차로안,승용,남,38세,상해없음,승용,남,53세,경상
2012062700100019,2012년 6월 27일 00시,수요일,충청북도 충주시 용산동,중상사고,0,2,0,0,차대차 - 추돌 - 진행중,안전운전불이행,건조,맑음,교차로 - 교차로부근,승용,남,54세,상해없음,승용,남,24세,중상
2012062700100041,2012년 6월 27일 01시,수요일,충청북도 청주시 상당구 율량동,중상사고,0,1,1,0,차대차 - 추돌 - 주정차중,안전운전불이행,건조,맑음,교차로 - 교차로부근,승용,여,50세,상해없음,승용,남,49세,중상
2012062700100058,2012년 6월 27일 02시,수요일,충청북도 청주시 흥덕구 비하동,경상사고,0,0,1,0,차대차 - 측면직각충돌,안전운전불이행,건조,맑음,단일로 - 기타,승용,여,43세,상해없음,승용,남,53세,경상
2012062700100160,2012년 6월 27일 08시,수요일,충청북도 제천시 남천동,경상사고,0,0,4,0,차대차 - 기타,안전거리미확보,건조,맑음,단일로 - 기타,승용,남,34세,상해없음,승용,여,43세,경상
2012062700100161,2012년 6월 27일 08시,수요일,충청북도 영동군 영동읍,경상사고,0,0,1,0,차대차 - 기타,교차로운행방법위반,건조,맑음,교차로 - 교차로안,승용,남,42세,기타불명,자전거,남,18세,경상
2012062700100195,2012년 6월 27일 09시,수요일,충청북도 청주시 상당구 남문로1가동,사망사고,1,0,0,0,차대사람 - 횡단중,안전운전불이행,건조,맑음,단일로 - 기타,원동기,남,47세,상해없음,보행자,남,86세,사망
2012062700100196,2012년 6월 27일 09시,수요일,충청북도 청원군 내수읍,경상사고,0,0,1,0,차량단독 - 기타,기타,건조,맑음,단일로 - 기타,승합,남,46세,상해없음,,,,
2012062700100235,2012년 6월 27일 10시,수요일,충청북도 청주시 흥덕구 현암동,경상사고,0,0,1,0,차대차 - 기타,안전운전불이행,건조,맑음,교차로 - 교차로부근,화물,남,35세,상해없음,자전거,남,82세,경상
2012062700100256,2012년 6월 27일 11시,수요일,충청북도 청주시 상당구 북문로3가동,중상사고,0,1,0,0,차대차 - 기타,교차로운행방법위반,건조,맑음,교차로 - 교차로안,승용,남,55세,상해없음,이륜,남,42세,중상
2012062700100277,2012년 6월 27일 12시,수요일,충청북도 음성군 대소면,경상사고,0,0,1,0,차대차 - 측면직각충돌,신호위반,건조,맑음,교차로 - 교차로안,화물,남,44세,상해없음,화물,남,33세,경상
2012062700100302,2012년 6월 27일 13시,수요일,충청북도 청주시 상당구 우암동,중상사고,0,1,0,0,차대차 - 측면직각충돌,신호위반,건조,맑음,교차로 - 교차로안,승용,남,33세,상해없음,원동기,남,31세,중상
2012062700100303,2012년 6월 27일 13시,수요일,충청북도 충주시 충인동,중상사고,0,1,0,0,차대차 - 추돌 - 진행중,직진우회전진행방해,건조,맑음,교차로 - 교차로안,이륜,남,21세,중상,승용,남,55세,상해없음
2012062700100336,2012년 6월 27일 14시,수요일,충청북도 청주시 흥덕구 복대동,경상사고,0,0,5,0,차대차 - 측면직각충돌,안전운전불이행,건조,맑음,교차로 - 교차로부근,승용,남,30세,상해없음,승용,여,20세,경상
2012062700100407,2012년 6월 27일 16시,수요일,충청북도 진천군 진천읍,중상사고,0,1,0,0,차대차 - 측면직각충돌,중앙선침범,건조,맑음,단일로 - 기타,승용,남,49세,상해없음,이륜,남,16세,중상
2012062700100408,2012년 6월 27일 16시,수요일,충청북도 청주시 흥덕구 개신동,경상사고,0,0,1,0,차대사람 - 횡단중,안전운전불이행,건조,맑음,교차로 - 교차로부근,승용,남,40세,상해없음,보행자,남,12세,경상
2012062700100447,2012년 6월 27일 17시,수요일,충청북도 청주시 흥덕구 수곡동,경상사고,0,0,2,0,차대차 - 추돌 - 주정차중,안전운전불이행,건조,맑음,교차로 - 교차로부근,승용,여,35세,상해없음,승용,남,45세,경상
2012062700100448,2012년 6월 27일 17시,수요일,충청북도 청주시 흥덕구 모충동,중상사고,0,1,0,0,차대사람 - 기타,안전운전불이행,건조,맑음,교차로 - 교차로안,승용,기타불명,기타불명,기타불명,보행자,남,12세,중상
2012062700100479,2012년 6월 27일 18시,수요일,충청북도 청원군 내수읍,경상사고,0,0,1,0,차대차 - 측면직각충돌,안전운전불이행,건조,맑음,단일로 - 기타,원동기,남,18세,경상,승용,남,31세,상해없음
2012062700100480,2012년 6월 27일 18시,수요일,충청북도 청주시 흥덕구 사창동,중상사고,0,1,0,0,차대사람 - 기타,안전운전불이행,건조,맑음,교차로 - 교차로부근,화물,남,49세,상해없음,보행자,남,9세,중상
2012062700100513,2012년 6월 27일 19시,수요일,충청북도 영동군 양산면,중상사고,0,1,1,0,차대차 - 정면충돌,안전운전불이행,건조,맑음,단일로 - 기타,승용,남,59세,중상,화물,남,45세,경상
2012062700100514,2012년 6월 27일 19시,수요일,충청북도 청주시 흥덕구 사창동,경상사고,0,0,1,0,차대사람 - 기타,안전운전불이행,건조,맑음,단일로 - 기타,기타불명,기타불명,기타불명,기타불명,보행자,여,18세,경상
2012062700100556,2012년 6월 27일 20시,수요일,충청북도 청주시 상당구 탑동,경상사고,0,0,1,0,차대사람 - 기타,보행자보호의무위반,건조,맑음,단일로 - 횡단보도상,승용,남,32세,상해없음,보행자,남,6세,경상
2012062700100557,2012년 6월 27일 20시,수요일,충청북도 음성군 생극면,경상사고,0,0,1,0,차대차 - 기타,기타,건조,맑음,교차로 - 교차로안,승용,남,22세,상해없음,승용,여,44세,경상
2012062700100586,2012년 6월 27일 21시,수요일,충청북도 충주시 교현동,부상신고사고,0,0,0,1,차대차 - 기타,안전운전불이행,건조,맑음,교차로 - 교차로안,자전거,남,43세,부상신고,승용,여,55세,상해없음
2012062700100587,2012년 6월 27일 21시,수요일,충청북도 증평군 증평읍,경상사고,0,0,1,1,차대차 - 측면직각충돌,신호위반,건조,맑음,교차로 - 교차로안,원동기,남,29세,부상신고,승용,여,42세,경상
2012062700100588,2012년 6월 27일 21시,수요일,충청북도 청원군 오송읍,중상사고,0,1,0,0,차량단독 - 도로외이탈 - 기타,안전운전불이행,건조,맑음,교차로 - 교차로부근,승용,여,33세,중상,,,,
2012062700100589,2012년 6월 27일 21시,수요일,충청북도 청주시 흥덕구 송정동,경상사고,0,0,2,0,차대차 - 측면직각충돌,교차로운행방법위반,건조,맑음,교차로 - 교차로안,승용,남,51세,경상,승용,남,51세,경상
2012062700100590,2012년 6월 27일 21시,수요일,충청북도 청원군 가덕면,중상사고,0,1,1,0,차대차 - 측면직각충돌,안전운전불이행,건조,맑음,단일로 - 기타,승용,여,30세,상해없음,승용,남,40세,상해없음
2012062700100625,2012년 6월 27일 22시,수요일,충청북도 영동군 심천면,중상사고,0,1,0,0,차대차 - 기타,안전운전불이행,건조,맑음,단일로 - 기타,화물,남,35세,상해없음,화물,남,35세,상해없음
2012062700100658,2012년 6월 27일 23시,수요일,충청북도 청주시 흥덕구 사창동,중상사고,0,1,1,0,차대사람 - 횡단중,과속,건조,맑음,단일로 - 기타,승용,남,52세,상해없음,보행자,남,22세,중상
2012062800100015,2012년 6월 28일 00시,목요일,충청북도 제천시 장락동,중상사고,0,1,0,0,차대차 - 기타,안전운전불이행,건조,맑음,단일로 - 기타,승용,여,47세,상해없음,승용,여,42세,중상
2012062800100090,2012년 6월 28일 06시,목요일,충청북도 청원군 오창읍,경상사고,0,0,2,0,차대차 - 측면직각충돌,신호위반,건조,맑음,교차로 - 교차로안,승용,남,37세,상해없음,승용,남,23세,경상
2012062800100091,2012년 6월 28일 06시,목요일,충청북도 진천군 진천읍,중상사고,0,4,2,0,차대차 - 측면직각충돌,신호위반,건조,맑음,교차로 - 교차로안,승용,남,47세,상해없음,승용,남,72세,경상
2012062800100158,2012년 6월 28일 08시,목요일,충청북도 청주시 흥덕구 운천동,경상사고,0,0,5,0,차대차 - 추돌 - 주정차중,안전운전불이행,건조,맑음,단일로 - 기타,승용,남,31세,상해없음,승용,남,49세,경상
2012062800100159,2012년 6월 28일 08시,목요일,충청북도 청주시 흥덕구 모충동,경상사고,0,0,1,0,차대차 - 기타,신호위반,건조,맑음,교차로 - 교차로안,원동기,남,19세,상해없음,승용,여,22세,상해없음
2012062800100198,2012년 6월 28일 09시,목요일,충청북도 청주시 상당구 내덕동,경상사고,0,0,1,0,차량단독 - 공작물충돌,안전운전불이행,건조,맑음,단일로 - 기타,승용,여,59세,경상,,,,
2012062800100199,2012년 6월 28일 09시,목요일,충청북도 제천시 청전동,중상사고,0,1,0,0,차대사람 - 기타,안전운전불이행,건조,맑음,교차로 - 교차로안,승용,여,51세,상해없음,보행자,남,51세,중상
2012062800100200,2012년 6월 28일 09시,목요일,충청북도 옥천군 옥천읍,경상사고,0,0,2,0,차대차 - 측면직각충돌,안전운전불이행,건조,맑음,교차로 - 교차로안,승합,여,41세,상해없음,승용,남,57세,경상
2012062800100201,2012년 6월 28일 09시,목요일,충청북도 청주시 흥덕구 사창동,경상사고,0,0,1,0,차대사람 - 기타,안전운전불이행,건조,맑음,교차로 - 교차로부근,승용,남,28세,상해없음,보행자,여,68세,경상
2012062800100253,2012년 6월 28일 11시,목요일,충청북도 청주시 흥덕구 개신동,중상사고,0,1,1,0,차대차 - 측면직각충돌,안전운전불이행,건조,맑음,단일로 - 기타,승용,여,33세,중상,승용,남,37세,경상
2012062800100275,2012년 6월 28일 12시,목요일,충청북도 청원군 내수읍,사망사고,1,0,0,0,차대차 - 추돌 - 주정차중,안전운전불이행,건조,맑음,단일로 - 기타,자전거,남,24세,사망,화물,남,57세,기타불명
2012062800100301,2012년 6월 28일 13시,목요일,충청북도 청주시 흥덕구 가경동,경상사고,0,0,1,0,차대차 - 측면직각충돌,안전운전불이행,건조,맑음,교차로 - 교차로부근,화물,남,24세,상해없음,원동기,남,32세,경상
2012062800100323,2012년 6월 28일 14시,목요일,충청북도 청원군 오창읍,중상사고,0,1,1,0,차대차 - 추돌 - 진행중,안전운전불이행,건조,맑음,단일로 - 기타,이륜,남,57세,중상,승용,남,27세,경상
2012062800100324,2012년 6월 28일 14시,목요일,충청북도 음성군 음성읍,중상사고,0,1,0,0,차량단독 - 기타,안전운전불이행,건조,맑음,단일로 - 기타,원동기,여,57세,중상,,,,
2012062800100379,2012년 6월 28일 16시,목요일,충청북도 청주시 상당구 율량동,경상사고,0,0,2,0,차대차 - 기타,안전운전불이행,건조,맑음,교차로 - 교차로부근,승용,여,30세,상해없음,승용,여,51세,경상
2012062800100380,2012년 6월 28일 16시,목요일,충청북도 제천시 의림동,경상사고,0,0,3,0,차대차 - 기타,안전운전불이행,건조,맑음,기타 - 기타,승용,여,64세,상해없음,승용,여,36세,경상
2012062800100428,2012년 6월 28일 18시,목요일,충청북도 충주시 동량면,경상사고,0,0,2,1,차대차 - 추돌 - 진행중,직진우회전진행방해,건조,맑음,교차로 - 교차로안,승용,남,49세,부상신고,승용,남,57세,경상
2012062800100429,2012년 6월 28일 18시,목요일,충청북도 청주시 흥덕구 사직동,경상사고,0,0,1,0,차대차 - 추돌 - 진행중,안전거리미확보,건조,맑음,교차로 - 교차로안,승용,남,46세,상해없음,승용,남,29세,경상
2012062800100457,2012년 6월 28일 19시,목요일,충청북도 청주시 흥덕구 강서동,경상사고,0,0,1,0,차대차 - 추돌 - 진행중,교차로운행방법위반,건조,맑음,교차로 - 교차로안,승합,남,77세,상해없음,승용,남,40세,경상
2012062800100520,2012년 6월 28일 21시,목요일,충청북도 청주시 흥덕구 봉명동,경상사고,0,0,3,0,차대차 - 추돌 - 주정차중,기타,건조,맑음,교차로 - 교차로부근,승용,남,51세,상해없음,승용,남,20세,경상
2012062800100521,2012년 6월 28일 21시,목요일,충청북도 청주시 상당구 용암동,중상사고,0,1,1,0,차대차 - 측면직각충돌,중앙선침범,건조,맑음,단일로 - 기타,승용,남,45세,상해없음,승용,남,39세,경상
2012062900100047,2012년 6월 29일 01시,금요일,충청북도 옥천군 동이면,중상사고,0,1,0,0,차대차 - 기타,안전운전불이행,건조,맑음,단일로 - 기타,기타불명,기타불명,기타불명,기타불명,승용,남,43세,중상
2012062900100114,2012년 6월 29일 06시,금요일,충청북도 청주시 흥덕구 운천동,경상사고,0,0,1,0,차대차 - 측면직각충돌,신호위반,건조,맑음,교차로 - 교차로안,이륜,남,24세,경상,승용,남,34세,상해없음
2012062900100130,2012년 6월 29일 07시,금요일,충청북도 충주시 안림동,사망사고,1,0,0,0,차대사람 - 기타,안전운전불이행,건조,맑음,단일로 - 횡단보도상,승용,남,46세,상해없음,보행자,여,75세,사망
2012062900100131,2012년 6월 29일 07시,금요일,충청북도 진천군 진천읍,경상사고,0,0,1,0,차대사람 - 기타,안전운전불이행,습기,흐림,교차로 - 교차로부근,자전거,남,14세,상해없음,보행자,여,63세,경상
2012062900100233,2012년 6월 29일 10시,금요일,충청북도 청주시 상당구 금천동,경상사고,0,0,1,0,차대차 - 추돌 - 진행중,안전운전불이행,건조,맑음,단일로 - 기타,화물,남,29세,상해없음,승용,여,47세,상해없음
2012062900100234,2012년 6월 29일 10시,금요일,충청북도 청주시 흥덕구 미평동,중상사고,0,1,0,0,차대차 - 기타,안전운전불이행,건조,맑음,교차로 - 교차로안,원동기,남,56세,중상,농기계,남,75세,상해없음
2012062900100312,2012년 6월 29일 13시,금요일,충청북도 충주시 호암동,경상사고,0,0,1,1,차대차 - 추돌 - 주정차중,안전운전불이행,건조,맑음,교차로 - 교차로안,자전거,남,15세,부상신고,승용,남,46세,상해없음
2012062900100314,2012년 6월 29일 13시,금요일,충청북도 청원군 남이면,중상사고,0,2,0,0,차대차 - 추돌 - 주정차중,안전운전불이행,건조,맑음,단일로 - 기타,화물,남,48세,중상,화물,남,45세,중상
2012062900100376,2012년 6월 29일 15시,금요일,충청북도 청주시 흥덕구 모충동,중상사고,0,1,1,0,차대차 - 기타,안전운전불이행,건조,맑음,단일로 - 기타,승용,남,59세,기타불명,승용,남,21세,경상
2012062900100412,2012년 6월 29일 16시,금요일,충청북도 청주시 상당구 내덕동,중상사고,0,1,0,0,차대사람 - 기타,안전운전불이행,건조,맑음,교차로 - 교차로부근,승용,남,53세,상해없음,보행자,남,8세,중상
2012062900100413,2012년 6월 29일 16시,금요일,충청북도 괴산군 괴산읍,경상사고,0,0,1,0,차대차 - 측면직각충돌,중앙선침범,건조,맑음,단일로 - 기타,자전거,남,75세,경상,승용,남,38세,상해없음
2012062900100445,2012년 6월 29일 17시,금요일,충청북도 청주시 상당구 금천동,중상사고,0,1,0,0,차대사람 - 기타,안전운전불이행,건조,맑음,단일로 - 기타,승용,여,23세,상해없음,보행자,남,49세,중상
2012062900100446,2012년 6월 29일 17시,금요일,충청북도 청주시 흥덕구 가경동,경상사고,0,0,2,0,차대사람 - 횡단중,보행자보호의무위반,건조,맑음,단일로 - 횡단보도상,승용,남,28세,상해없음,보행자,여,13세,경상
2012062900100534,2012년 6월 29일 19시,금요일,충청북도 제천시 서부동,중상사고,0,1,0,0,차대차 - 기타,안전운전불이행,건조,맑음,교차로 - 교차로부근,승용,남,57세,상해없음,승용,남,58세,중상
2012062900100535,2012년 6월 29일 19시,금요일,충청북도 제천시 의림동,중상사고,0,1,0,0,차대차 - 기타,안전운전불이행,건조,맑음,교차로 - 교차로안,승용,남,54세,상해없음,자전거,여,73세,중상
2012062900100576,2012년 6월 29일 20시,금요일,충청북도 청원군 오창읍,경상사고,0,0,1,0,차대차 - 측면직각충돌,안전거리미확보,건조,흐림,단일로 - 기타,승용,남,28세,상해없음,이륜,남,53세,경상
2012062900100577,2012년 6월 29일 20시,금요일,충청북도 청주시 흥덕구 모충동,경상사고,0,0,1,0,차대차 - 측면직각충돌,신호위반,건조,맑음,교차로 - 교차로안,승용,남,58세,상해없음,이륜,남,18세,경상
2012062900100646,2012년 6월 29일 21시,금요일,충청북도 청주시 흥덕구 복대동,중상사고,0,1,2,0,차대차 - 추돌 - 진행중,안전운전불이행,습기,비,단일로 - 기타,승용,남,53세,상해없음,승용,남,65세,중상
2012062900100647,2012년 6월 29일 21시,금요일,충청북도 청주시 상당구 용암동,중상사고,0,1,0,0,차대차 - 기타,교차로운행방법위반,건조,맑음,교차로 - 교차로안,승용,남,55세,상해없음,이륜,남,55세,중상
2012062900100720,2012년 6월 29일 22시,금요일,충청북도 청주시 상당구 내덕동,경상사고,0,0,2,0,차대차 - 정면충돌,신호위반,습기,비,교차로 - 교차로안,승용,여,34세,경상,화물,남,31세,경상