사고번호,사고일시,요일,시군구,사고내용,사망자수,중상자수,경상자수,부상신고자수,사고유형,법규위반,노면상태,기상상태,도로형태,가해운전자 차종,가해운전자 성별,가해운전자 연령,가해운전자 상해정도,피해운전자 차종,피해운전자 성별,피해운전자 연령,피해운전자 상해정도
2012071000100334,2012년 7월 10일 16시,화요일,충청북도 충주시 목행동,중상사고,0,1,0,0,차대차 - 추돌 - 진행중,안전운전불이행,건조,맑음,교차로 - 교차로안,건설기계,남,49세,상해없음,자전거,남,15세,중상
2012071000100370,2012년 7월 10일 17시,화요일,충청북도 충주시 용산동,중상사고,0,1,0,0,차대차 - 추돌 - 진행중,직진우회전진행방해,건조,맑음,교차로 - 교차로안,승용,남,59세,상해없음,자전거,여,65세,중상
2012071000100414,2012년 7월 10일 18시,화요일,충청북도 충주시 봉방동,중상사고,0,1,0,0,차대차 - 측면직각충돌,신호위반,건조,맑음,교차로 - 교차로안,자전거,여,65세,중상,승용,여,34세,상해없음
2012071000100415,2012년 7월 10일 18시,화요일,충청북도 괴산군 괴산읍,경상사고,0,0,1,0,차대차 - 측면직각충돌,안전운전불이행,건조,맑음,교차로 - 교차로부근,자전거,여,53세,경상,화물,남,63세,상해없음
2012071000100418,2012년 7월 10일 18시,화요일,충청북도 청원군 현도면,경상사고,0,0,1,0,차대차 - 정면충돌,교차로운행방법위반,건조,맑음,교차로 - 교차로부근,승용,여,50세,상해없음,이륜,여,67세,경상
2012071000100461,2012년 7월 10일 19시,화요일,충청북도 청주시 상당구 수동,경상사고,0,0,1,0,차대차 - 추돌 - 진행중,안전운전불이행,건조,맑음,교차로 - 교차로안,승합,남,32세,상해없음,승용,여,36세,경상
2012071000100462,2012년 7월 10일 19시,화요일,충청북도 제천시 장락동,경상사고,0,0,1,0,차대사람 - 횡단중,안전운전불이행,건조,맑음,교차로 - 교차로부근,승용,남,55세,상해없음,보행자,남,17세,경상
2012071000100497,2012년 7월 10일 20시,화요일,충청북도 청주시 흥덕구 봉명동,경상사고,0,0,1,0,차대차 - 측면직각충돌,안전운전불이행,건조,맑음,단일로 - 기타,자전거,남,15세,경상,승용,여,36세,상해없음
2012071000100539,2012년 7월 10일 21시,화요일,충청북도 청주시 상당구 석교동,경상사고,0,0,1,0,차대차 - 기타,안전거리미확보,건조,맑음,단일로 - 기타,승용,남,49세,상해없음,승용,남,21세,경상
2012071000100540,2012년 7월 10일 21시,화요일,충청북도 청원군 미원면,경상사고,0,0,1,0,차대차 - 추돌 - 진행중,안전운전불이행,건조,맑음,단일로 - 기타,승용,남,32세,상해없음,원동기,남,53세,경상
2012071000100595,2012년 7월 10일 22시,화요일,충청북도 단양군 가곡면,사망사고,1,1,0,0,차량단독 - 도로외이탈 - 기타,안전운전불이행,습기,비,단일로 - 기타,승용,남,49세,상해없음,,,,
2012071000100596,2012년 7월 10일 22시,화요일,충청북도 청주시 흥덕구 운천동,경상사고,0,0,2,0,차대차 - 측면직각충돌,안전거리미확보,습기,비,단일로 - 기타,승용,남,40세,상해없음,승용,남,49세,경상
2012071000100641,2012년 7월 10일 23시,화요일,충청북도 청원군 오창읍,경상사고,0,0,2,0,차대차 - 정면충돌,중앙선침범,습기,비,단일로 - 기타,승용,여,27세,상해없음,승용,여,44세,경상
2012071000100642,2012년 7월 10일 23시,화요일,충청북도 청주시 상당구 용암동,경상사고,0,0,1,0,차대차 - 추돌 - 주정차중,안전운전불이행,습기,비,교차로 - 교차로안,기타불명,기타불명,기타불명,기타불명,승용,여,51세,경상
2012071000100643,2012년 7월 10일 23시,화요일,충청북도 청원군 낭성면,중상사고,0,1,0,0,차량단독 - 공작물충돌,안전운전불이행,건조,맑음,단일로 - 기타,승용,남,47세,중상,,,,
2012071100100028,2012년 7월 11일 00시,수요일,충청북도 음성군 금왕읍,중상사고,0,1,1,0,차량단독 - 공작물충돌,안전운전불이행,습기,비,단일로 - 기타,승용,남,29세,경상,,,,
2012071100100029,2012년 7월 11일 00시,수요일,충청북도 진천군 덕산면,중상사고,0,1,0,0,차대차 - 정면충돌,중앙선침범,건조,맑음,교차로 - 교차로부근,승용,남,31세,상해없음,승용,여,31세,중상
2012071100100030,2012년 7월 11일 00시,수요일,충청북도 청주시 흥덕구 사창동,중상사고,0,3,1,0,차대차 - 측면직각충돌,안전운전불이행,습기,비,교차로 - 교차로안,승용,남,28세,중상,승용,남,55세,중상
2012071100100031,2012년 7월 11일 00시,수요일,충청북도 청원군 오송읍,중상사고,0,1,0,0,차대사람 - 횡단중,보행자보호의무위반,습기,비,단일로 - 횡단보도상,승용,남,43세,상해없음,보행자,남,46세,중상
2012071100100055,2012년 7월 11일 01시,수요일,충청북도 제천시 천남동,중상사고,0,1,0,0,차량단독 - 공작물충돌,안전운전불이행,습기,비,교차로 - 교차로부근,승용,남,43세,중상,,,,
2012071100100077,2012년 7월 11일 02시,수요일,충청북도 청원군 남이면,경상사고,0,0,2,0,차대차 - 추돌 - 진행중,안전운전불이행,습기,비,단일로 - 기타,승용,남,29세,상해없음,승용,남,22세,경상
2012071100100242,2012년 7월 11일 10시,수요일,충청북도 단양군 매포읍,중상사고,0,1,0,0,차대차 - 측면직각충돌,교차로운행방법위반,건조,맑음,교차로 - 교차로안,건설기계,남,60세,상해없음,건설기계,남,47세,중상
2012071100100294,2012년 7월 11일 12시,수요일,충청북도 청원군 북이면,경상사고,0,0,2,0,차대차 - 기타,안전운전불이행,건조,맑음,단일로 - 기타,건설기계,남,42세,상해없음,승합,남,55세,경상
2012071100100295,2012년 7월 11일 12시,수요일,충청북도 충주시 교현동,경상사고,0,0,1,0,차대차 - 추돌 - 진행중,안전운전불이행,습기,흐림,단일로 - 기타,승용,남,45세,상해없음,자전거,여,68세,경상
2012071100100342,2012년 7월 11일 14시,수요일,충청북도 충주시 교현동,중상사고,0,1,0,0,차대차 - 측면직각충돌,안전운전불이행,건조,흐림,교차로 - 교차로부근,승용,남,34세,중상,화물,남,58세,상해없음
2012071100100343,2012년 7월 11일 14시,수요일,충청북도 제천시 장락동,중상사고,0,2,0,0,차대차 - 측면직각충돌,안전운전불이행,습기,비,교차로 - 교차로안,화물,남,51세,상해없음,승용,남,63세,중상
2012071100100344,2012년 7월 11일 14시,수요일,충청북도 충주시 앙성면,중상사고,0,1,1,0,차대차 - 측면직각충돌,안전운전불이행,건조,맑음,단일로 - 터널,승용,여,31세,경상,화물,남,57세,중상
2012071100100370,2012년 7월 11일 15시,수요일,충청북도 청주시 흥덕구 봉명동,경상사고,0,0,2,0,차대차 - 기타,안전운전불이행,건조,맑음,단일로 - 기타,승용,남,47세,상해없음,승용,여,49세,경상
2012071100100423,2012년 7월 11일 17시,수요일,충청북도 청주시 상당구 서문동,경상사고,0,0,1,0,차대차 - 기타,신호위반,건조,맑음,교차로 - 교차로부근,자전거,남,75세,경상,화물,남,77세,상해없음
2012071100100424,2012년 7월 11일 17시,수요일,충청북도 충주시 주덕읍,중상사고,0,1,0,0,차대차 - 추돌 - 진행중,안전운전불이행,건조,맑음,단일로 - 기타,승용,여,61세,중상,승용,남,51세,상해없음
2012071100100425,2012년 7월 11일 17시,수요일,충청북도 증평군 증평읍,중상사고,0,1,0,0,차대차 - 추돌 - 진행중,안전운전불이행,건조,맑음,교차로 - 교차로안,승용,남,35세,상해없음,이륜,남,72세,중상
2012071100100504,2012년 7월 11일 19시,수요일,충청북도 진천군 광혜원면,중상사고,0,1,0,0,차대차 - 기타,기타,건조,맑음,교차로 - 교차로안,승용,남,28세,상해없음,이륜,남,70세,중상
2012071100100567,2012년 7월 11일 21시,수요일,충청북도 제천시 신백동,중상사고,0,1,1,0,차대차 - 측면직각충돌,직진우회전진행방해,건조,맑음,교차로 - 교차로안,승용,여,28세,상해없음,승용,여,57세,중상
2012071100100568,2012년 7월 11일 21시,수요일,충청북도 음성군 금왕읍,중상사고,0,1,0,0,차대사람 - 횡단중,안전운전불이행,건조,맑음,단일로 - 횡단보도부근,승용,남,27세,상해없음,보행자,남,16세,중상
2012071200100016,2012년 7월 12일 00시,목요일,충청북도 청원군 남이면,경상사고,0,0,1,0,차대사람 - 횡단중,안전운전불이행,건조,맑음,교차로 - 교차로부근,승용,남,36세,상해없음,보행자,여,17세,경상
2012071200100050,2012년 7월 12일 02시,목요일,충청북도 청주시 상당구 율량동,경상사고,0,0,1,0,차대차 - 기타,교차로운행방법위반,건조,맑음,교차로 - 교차로안,승용,남,28세,상해없음,승용,남,32세,경상
2012071200100114,2012년 7월 12일 07시,목요일,충청북도 청주시 상당구 내덕동,중상사고,0,1,0,0,차대차 - 측면직각충돌,신호위반,건조,맑음,교차로 - 교차로안,승용,남,61세,상해없음,승용,여,32세,중상
2012071200100115,2012년 7월 12일 07시,목요일,충청북도 청원군 오창읍,경상사고,0,0,4,0,차대차 - 추돌 - 주정차중,안전거리미확보,건조,맑음,단일로 - 기타,승용,남,34세,상해없음,화물,남,46세,경상
2012071200100183,2012년 7월 12일 09시,목요일,충청북도 제천시 강제동,중상사고,0,1,0,0,차대차 - 기타,안전운전불이행,건조,맑음,기타 - 기타,승용,여,61세,중상,승용,여,53세,상해없음
2012071200100200,2012년 7월 12일 10시,목요일,충청북도 청원군 가덕면,경상사고,0,0,1,0,차대차 - 추돌 - 주정차중,안전운전불이행,건조,맑음,교차로 - 교차로부근,승용,남,44세,상해없음,승용,남,48세,경상
2012071200100221,2012년 7월 12일 11시,목요일,충청북도 영동군 영동읍,중상사고,0,1,1,0,차대차 - 측면직각충돌,기타,건조,맑음,단일로 - 기타,승용,남,46세,상해없음,이륜,남,77세,경상
2012071200100260,2012년 7월 12일 13시,목요일,충청북도 충주시 금가면,중상사고,0,1,1,0,차대차 - 추돌 - 진행중,직진우회전진행방해,건조,맑음,교차로 - 교차로안,승합,남,42세,상해없음,화물,남,62세,경상
2012071200100289,2012년 7월 12일 14시,목요일,충청북도 충주시 금릉동,경상사고,0,0,1,0,차대차 - 추돌 - 주정차중,안전운전불이행,건조,맑음,단일로 - 기타,승용,여,46세,상해없음,승용,여,30세,경상
2012071200100290,2012년 7월 12일 14시,목요일,충청북도 음성군 감곡면,경상사고,0,0,1,0,차대사람 - 차도통행중,안전운전불이행,건조,맑음,교차로 - 교차로안,승용,남,39세,상해없음,보행자,여,43세,경상
2012071200100291,2012년 7월 12일 14시,목요일,충청북도 진천군 광혜원면,중상사고,0,1,0,0,차대사람 - 기타,안전운전불이행,건조,맑음,단일로 - 기타,승용,남,47세,상해없음,보행자,남,7세,중상
2012071200100390,2012년 7월 12일 17시,목요일,충청북도 청주시 흥덕구 수곡동,중상사고,0,1,0,0,차대사람 - 기타,보행자보호의무위반,건조,맑음,교차로 - 교차로안,승합,남,65세,상해없음,보행자,여,61세,중상
2012071200100419,2012년 7월 12일 18시,목요일,충청북도 제천시 모산동,중상사고,0,1,2,0,차대차 - 측면직각충돌,신호위반,건조,맑음,교차로 - 교차로안,화물,남,36세,상해없음,화물,남,56세,중상
2012071200100420,2012년 7월 12일 18시,목요일,충청북도 청주시 흥덕구 사직동,경상사고,0,0,3,0,차대차 - 측면직각충돌,안전거리미확보,건조,맑음,단일로 - 기타,승용,남,40세,경상,승용,남,46세,경상
2012071200100456,2012년 7월 12일 19시,목요일,충청북도 단양군 매포읍,경상사고,0,0,1,0,차대차 - 측면직각충돌,직진우회전진행방해,건조,맑음,교차로 - 교차로안,화물,남,56세,상해없음,승용,남,47세,상해없음
2012071200100532,2012년 7월 12일 21시,목요일,충청북도 괴산군 장연면,중상사고,0,1,1,0,차대차 - 측면직각충돌,안전운전불이행,건조,흐림,단일로 - 기타,승용,남,21세,상해없음,화물,남,45세,경상
2012071300100010,2012년 7월 13일 00시,금요일,충청북도 청주시 상당구 수동,경상사고,0,0,3,0,차량단독 - 공작물충돌,안전운전불이행,건조,맑음,교차로 - 교차로안,승용,남,44세,상해없음,,,,
2012071300100088,2012년 7월 13일 04시,금요일,충청북도 청주시 흥덕구 분평동,경상사고,0,0,2,0,차대차 - 추돌 - 진행중,안전운전불이행,습기,비,교차로 - 교차로부근,승용,남,20세,상해없음,승용,남,39세,상해없음
2012071300100105,2012년 7월 13일 05시,금요일,충청북도 보은군 보은읍,사망사고,1,1,0,0,차대사람 - 보도통행중,안전운전불이행,습기,비,단일로 - 기타,원동기,남,44세,사망,보행자,남,34세,중상
2012071300100106,2012년 7월 13일 05시,금요일,충청북도 청원군 남이면,경상사고,0,0,1,0,차대차 - 측면직각충돌,신호위반,건조,흐림,교차로 - 교차로안,승용,남,29세,상해없음,승용,여,52세,경상
2012071300100138,2012년 7월 13일 07시,금요일,충청북도 진천군 진천읍,중상사고,0,2,1,0,차대차 - 기타,신호위반,건조,맑음,교차로 - 교차로안,화물,남,62세,중상,승용,여,42세,중상
2012071300100139,2012년 7월 13일 07시,금요일,충청북도 청원군 가덕면,경상사고,0,0,1,0,차대차 - 기타,교차로운행방법위반,건조,맑음,교차로 - 교차로안,승용,여,52세,상해없음,자전거,남,55세,경상
2012071300100164,2012년 7월 13일 08시,금요일,충청북도 청주시 상당구 서운동,중상사고,0,1,0,0,차대사람 - 기타,안전운전불이행,건조,맑음,단일로 - 기타,승용,남,59세,상해없음,보행자,여,64세,중상
2012071300100165,2012년 7월 13일 08시,금요일,충청북도 청주시 상당구 금천동,경상사고,0,0,1,0,차대차 - 기타,교차로운행방법위반,건조,맑음,교차로 - 교차로안,승용,여,32세,상해없음,승용,남,53세,경상
2012071300100216,2012년 7월 13일 10시,금요일,충청북도 증평군 증평읍,중상사고,0,1,0,0,차대차 - 측면직각충돌,직진우회전진행방해,건조,맑음,교차로 - 교차로안,승용,여,40세,상해없음,원동기,여,71세,중상
2012071300100235,2012년 7월 13일 11시,금요일,충청북도 충주시 앙성면,경상사고,0,0,3,0,차대차 - 추돌 - 진행중,직진우회전진행방해,건조,맑음,교차로 - 교차로안,승용,여,55세,경상,승용,남,66세,경상
2012071300100236,2012년 7월 13일 11시,금요일,충청북도 제천시 남천동,중상사고,0,1,0,0,차대차 - 측면직각충돌,안전운전불이행,건조,맑음,단일로 - 기타,승용,남,32세,상해없음,승용,여,55세,중상
2012071300100256,2012년 7월 13일 12시,금요일,충청북도 진천군 진천읍,경상사고,0,0,1,0,차대차 - 측면직각충돌,안전운전불이행,습기,비,교차로 - 교차로안,승용,남,21세,상해없음,이륜,남,71세,경상
2012071300100257,2012년 7월 13일 12시,금요일,충청북도 청주시 흥덕구 가경동,경상사고,0,0,1,0,차대차 - 측면직각충돌,안전운전불이행,건조,맑음,교차로 - 교차로부근,승용,여,42세,상해없음,이륜,남,35세,경상
2012071300100275,2012년 7월 13일 13시,금요일,충청북도 청주시 상당구 용암동,중상사고,0,1,0,0,차대차 - 측면직각충돌,신호위반,습기,비,교차로 - 교차로안,승용,남,65세,상해없음,승용,남,44세,중상
2012071300100326,2012년 7월 13일 15시,금요일,충청북도 충주시 연수동,중상사고,0,1,0,0,차대차 - 추돌 - 주정차중,안전운전불이행,건조,맑음,단일로 - 기타,승용,남,27세,상해없음,승용,여,28세,중상
2012071300100327,2012년 7월 13일 15시,금요일,충청북도 청주시 흥덕구 신봉동,경상사고,0,0,1,0,차대차 - 추돌 - 진행중,안전운전불이행,건조,맑음,기타 - 기타,이륜,남,67세,상해없음,자전거,남,68세,경상
2012071300100360,2012년 7월 13일 16시,금요일,충청북도 제천시 강제동,경상사고,0,0,1,0,차대차 - 기타,직진우회전진행방해,건조,맑음,교차로 - 교차로안,화물,남,22세,상해없음,승용,남,45세,상해없음
2012071300100361,2012년 7월 13일 16시,금요일,충청북도 청주시 흥덕구 복대동,부상신고사고,0,0,0,1,차대차 - 기타,기타,건조,맑음,기타 - 기타,승용,여,30세,상해없음,이륜,남,27세,상해없음
2012071300100397,2012년 7월 13일 17시,금요일,충청북도 충주시 앙성면,중상사고,0,3,0,0,차대차 - 측면직각충돌,직진우회전진행방해,건조,흐림,교차로 - 교차로안,화물,남,51세,상해없음,승용,남,68세,중상
2012071300100398,2012년 7월 13일 17시,금요일,충청북도 제천시 신백동,중상사고,0,1,0,0,차대차 - 측면직각충돌,중앙선침범,습기,비,단일로 - 기타,승용,여,40세,상해없음,승용,남,26세,중상
2012071300100567,2012년 7월 13일 21시,금요일,충청북도 청주시 상당구 내덕동,중상사고,0,4,0,0,차대차 - 기타,안전운전불이행,건조,맑음,교차로 - 교차로부근,승용,남,45세,상해없음,승용,여,25세,중상
2012071300100613,2012년 7월 13일 22시,금요일,충청북도 제천시 의림동,중상사고,0,1,0,0,차대사람 - 기타,안전운전불이행,건조,흐림,교차로 - 교차로안,승용,여,48세,상해없음,보행자,여,68세,중상
2012071300100614,2012년 7월 13일 22시,금요일,충청북도 청원군 낭성면,경상사고,0,0,3,0,차대차 - 추돌 - 주정차중,안전운전불이행,습기,비,단일로 - 기타,승용,남,44세,상해없음,승용,남,43세,경상
2012071300100644,2012년 7월 13일 23시,금요일,충청북도 음성군 음성읍,중상사고,0,1,0,0,차대차 - 기타,중앙선침범,건조,맑음,단일로 - 기타,기타불명,기타불명,기타불명,기타불명,승용,여,33세,중상
2012071300100645,2012년 7월 13일 23시,금요일,충청북도 청주시 흥덕구 봉명동,경상사고,0,0,1,0,차대사람 - 차도통행중,안전운전불이행,건조,맑음,단일로 - 기타,승합,여,45세,상해없음,보행자,남,35세,경상
2012071300100646,2012년 7월 13일 23시,금요일,충청북도 청주시 흥덕구 가경동,중상사고,0,1,0,0,차대차 - 측면직각충돌,교차로운행방법위반,건조,맑음,교차로 - 교차로안,승용,남,46세,중상,승합,남,39세,상해없음
2012071400100016,2012년 7월 14일 00시,토요일,충청북도 청주시 상당구 금천동,경상사고,0,0,1,0,차대사람 - 기타,안전운전불이행,건조,맑음,단일로 - 기타,승용,남,54세,상해없음,보행자,여,31세,경상
2012071400100071,2012년 7월 14일 02시,토요일,충청북도 청주시 흥덕구 운천동,중상사고,0,1,2,0,차대사람 - 기타,보행자보호의무위반,건조,맑음,단일로 - 횡단보도상,승용,남,47세,상해없음,보행자,남,15세,경상
2012071400100143,2012년 7월 14일 06시,토요일,충청북도 청주시 상당구 우암동,경상사고,0,0,1,0,차대차 - 정면충돌,안전운전불이행,건조,맑음,단일로 - 기타,승용,남,60세,상해없음,승용,여,55세,경상
2012071400100175,2012년 7월 14일 08시,토요일,충청북도 제천시 신월동,중상사고,0,3,2,0,차대차 - 기타,안전운전불이행,건조,맑음,단일로 - 기타,승용,남,64세,상해없음,승용,남,36세,경상
2012071400100216,2012년 7월 14일 10시,토요일,충청북도 음성군 금왕읍,경상사고,0,0,2,0,차대차 - 기타,교차로운행방법위반,습기,비,교차로 - 교차로안,화물,남,37세,상해없음,승용,여,40세,경상
2012071400100217,2012년 7월 14일 10시,토요일,충청북도 청주시 흥덕구 가경동,경상사고,0,0,3,0,차대차 - 측면직각충돌,신호위반,건조,맑음,교차로 - 교차로안,승용,남,30세,상해없음,승합,남,53세,경상
2012071400100238,2012년 7월 14일 11시,토요일,충청북도 음성군 금왕읍,경상사고,0,0,1,0,차대차 - 측면직각충돌,안전운전불이행,습기,비,교차로 - 교차로안,기타불명,기타불명,기타불명,기타불명,승합,남,52세,경상
2012071400100312,2012년 7월 14일 13시,토요일,충청북도 청원군 오창읍,경상사고,0,0,1,0,차대차 - 기타,안전운전불이행,건조,맑음,단일로 - 기타,화물,남,49세,상해없음,승용,여,38세,경상
2012071400100341,2012년 7월 14일 14시,토요일,충청북도 보은군 속리산면,중상사고,0,1,1,0,차대사람 - 횡단중,안전운전불이행,건조,맑음,단일로 - 기타,원동기,남,75세,경상,보행자,남,65세,중상
2012071400100456,2012년 7월 14일 17시,토요일,충청북도 청원군 내수읍,중상사고,0,2,0,0,차대차 - 기타,안전운전불이행,습기,흐림,단일로 - 기타,승용,남,33세,상해없음,승용,여,44세,중상
2012071400100500,2012년 7월 14일 18시,토요일,충청북도 청주시 흥덕구 운천동,중상사고,0,1,0,0,차대차 - 추돌 - 진행중,신호위반,건조,맑음,교차로 - 교차로안,승용,남,22세,상해없음,이륜,여,56세,중상
2012071400100538,2012년 7월 14일 19시,토요일,충청북도 증평군 증평읍,중상사고,0,1,9,0,차대차 - 측면직각충돌,안전거리미확보,건조,맑음,단일로 - 기타,승합,남,51세,경상,승합,남,47세,경상
2012071400100539,2012년 7월 14일 19시,토요일,충청북도 청주시 상당구 용암동,경상사고,0,0,1,0,차대사람 - 횡단중,보행자보호의무위반,습기,비,교차로 - 교차로부근,승합,남,55세,상해없음,보행자,남,20세,경상
2012071400100578,2012년 7월 14일 20시,토요일,충청북도 진천군 진천읍,경상사고,0,0,1,0,차대차 - 추돌 - 진행중,교차로운행방법위반,습기,비,교차로 - 교차로안,승용,여,47세,상해없음,원동기,남,44세,경상
2012071400100642,2012년 7월 14일 21시,토요일,충청북도 청주시 상당구 사천동,경상사고,0,0,1,0,차대차 - 추돌 - 주정차중,안전운전불이행,건조,맑음,단일로 - 기타,승용,남,46세,상해없음,승용,남,29세,경상
2012071400100643,2012년 7월 14일 21시,토요일,충청북도 옥천군 옥천읍,중상사고,0,1,1,0,차대차 - 정면충돌,안전운전불이행,습기,비,단일로 - 기타,승용,남,47세,상해없음,화물,남,46세,경상
2012071400100644,2012년 7월 14일 21시,토요일,충청북도 청주시 흥덕구 사직동,경상사고,0,0,5,0,차대차 - 측면직각충돌,안전운전불이행,건조,맑음,교차로 - 교차로부근,승용,남,56세,상해없음,승용,남,43세,경상
2012071400100696,2012년 7월 14일 22시,토요일,충청북도 청주시 상당구 율량동,중상사고,0,1,1,0,차대차 - 기타,신호위반,습기,비,교차로 - 교차로안,승용,여,30세,상해없음,승용,남,48세,경상
2012071400100697,2012년 7월 14일 22시,토요일,충청북도 청주시 상당구 금천동,경상사고,0,0,1,0,차대차 - 추돌 - 주정차중,안전운전불이행,습기,비,단일로 - 기타,승용,남,22세,상해없음,화물,남,35세,경상
2012071400100698,2012년 7월 14일 22시,토요일,충청북도 청주시 흥덕구 복대동,경상사고,0,0,2,0,차대사람 - 기타,안전운전불이행,습기,비,단일로 - 기타,승용,남,50세,상해없음,보행자,남,18세,경상
2012071500100061,2012년 7월 15일 01시,일요일,충청북도 청주시 상당구 주중동,경상사고,0,0,3,0,차대차 - 추돌 - 주정차중,안전운전불이행,습기,비,교차로 - 교차로부근,승용,여,23세,상해없음,승용,남,27세,경상
2012071500100062,2012년 7월 15일 01시,일요일,충청북도 음성군 대소면,경상사고,0,0,1,0,차대사람 - 차도통행중,안전운전불이행,습기,비,단일로 - 기타,승용,남,51세,상해없음,보행자,남,31세,경상
2012071500100063,2012년 7월 15일 01시,일요일,충청북도 청주시 흥덕구 복대동,중상사고,0,2,0,0,차대차 - 추돌 - 주정차중,안전운전불이행,건조,맑음,교차로 - 교차로부근,승용,남,28세,상해없음,승용,남,24세,중상
2012071500100243,2012년 7월 15일 10시,일요일,충청북도 청주시 상당구 서운동,경상사고,0,0,7,0,차대차 - 추돌 - 주정차중,안전운전불이행,습기,비,단일로 - 기타,화물,남,26세,경상,승용,여,29세,경상
2012071500100264,2012년 7월 15일 11시,일요일,충청북도 청주시 흥덕구 복대동,중상사고,0,1,0,0,차대차 - 측면직각충돌,안전운전불이행,건조,맑음,교차로 - 교차로안,승용,남,31세,상해없음,승용,남,48세,중상
2012071500100265,2012년 7월 15일 11시,일요일,충청북도 청주시 흥덕구 미평동,경상사고,0,0,1,0,차대차 - 기타,안전운전불이행,습기,흐림,단일로 - 기타,화물,남,36세,상해없음,승용,남,69세,경상
2012071500100287,2012년 7월 15일 12시,일요일,충청북도 음성군 삼성면,경상사고,0,0,2,0,차대차 - 측면직각충돌,교차로운행방법위반,습기,비,교차로 - 교차로안,화물,남,49세,상해없음,승용,남,32세,경상
2012071500100288,2012년 7월 15일 12시,일요일,충청북도 옥천군 안남면,중상사고,0,4,1,0,차대차 - 정면충돌,안전운전불이행,건조,맑음,단일로 - 기타,승용,남,56세,기타불명,승합,남,35세,경상
2012071500100340,2012년 7월 15일 14시,일요일,충청북도 영동군 영동읍,중상사고,0,1,1,0,차대차 - 정면충돌,중앙선침범,건조,맑음,미분류 - 미분류,화물,남,73세,상해없음,승용,남,42세,중상
2012071500100366,2012년 7월 15일 15시,일요일,충청북도 충주시 문화동,경상사고,0,0,2,0,차대사람 - 길가장자리구역통행중,안전운전불이행,습기,비,단일로 - 기타,승용,여,53세,상해없음,보행자,남,30세,경상
2012071500100397,2012년 7월 15일 16시,일요일,충청북도 충주시 호암동,경상사고,0,0,1,0,차대사람 - 횡단중,신호위반,건조,흐림,단일로 - 횡단보도상,승용,남,67세,상해없음,보행자,남,78세,경상
2012071500100451,2012년 7월 15일 18시,일요일,충청북도 충주시 교현동,경상사고,0,0,1,0,차대차 - 측면직각충돌,안전운전불이행,건조,흐림,교차로 - 교차로안,원동기,남,17세,상해없음,자전거,남,12세,경상
2012071500100520,2012년 7월 15일 20시,일요일,충청북도 진천군 진천읍,중상사고,0,1,0,0,차대차 - 측면직각충돌,안전운전불이행,건조,흐림,교차로 - 교차로안,이륜,남,17세,상해없음,자전거,여,45세,중상
2012071500100521,2012년 7월 15일 20시,일요일,충청북도 청주시 흥덕구 복대동,중상사고,0,1,0,0,차대차 - 측면직각충돌,안전운전불이행,건조,맑음,교차로 - 교차로안,승용,남,56세,상해없음,이륜,남,56세,중상
2012071500100522,2012년 7월 15일 20시,일요일,충청북도 청주시 흥덕구 가경동,경상사고,0,0,2,0,차대차 - 측면직각충돌,기타,건조,맑음,교차로 - 교차로안,이륜,남,22세,경상,승용,남,35세,경상
2012071500100551,2012년 7월 15일 21시,일요일,충청북도 충주시 안림동,중상사고,0,1,1,0,차대사람 - 횡단중,안전운전불이행,건조,흐림,단일로 - 기타,원동기,남,18세,경상,보행자,여,64세,중상
2012071500100552,2012년 7월 15일 21시,일요일,충청북도 청주시 흥덕구 봉명동,경상사고,0,0,1,0,차대사람 - 길가장자리구역통행중,안전운전불이행,건조,맑음,교차로 - 교차로부근,승용,남,30세,상해없음,보행자,남,16세,경상
2012071500100602,2012년 7월 15일 23시,일요일,충청북도 청주시 흥덕구 비하동,경상사고,0,0,2,0,차대차 - 추돌 - 주정차중,안전운전불이행,건조,맑음,단일로 - 기타,승용,남,49세,상해없음,승용,여,46세,경상
2012071600100010,2012년 7월 16일 00시,월요일,충청북도 청주시 흥덕구 복대동,중상사고,0,1,0,0,차대차 - 측면직각충돌,안전거리미확보,건조,맑음,단일로 - 기타,승용,남,24세,상해없음,이륜,남,31세,중상
2012071600100028,2012년 7월 16일 01시,월요일,충청북도 청주시 상당구 용담동,중상사고,0,1,0,0,차대차 - 측면직각충돌,신호위반,건조,맑음,교차로 - 교차로안,승용,남,27세,상해없음,승용,남,43세,중상
2012071600100036,2012년 7월 16일 02시,월요일,충청북도 청주시 흥덕구 사창동,중상사고,0,1,4,0,차대차 - 정면충돌,신호위반,건조,맑음,교차로 - 교차로안,이륜,남,19세,상해없음,승용,남,37세,경상
2012071600100067,2012년 7월 16일 06시,월요일,충청북도 보은군 수한면,중상사고,0,1,0,0,차대차 - 정면충돌,안전운전불이행,건조,맑음,단일로 - 기타,화물,여,42세,상해없음,원동기,남,40세,중상
2012071600100083,2012년 7월 16일 07시,월요일,충청북도 제천시 신백동,경상사고,0,0,1,0,차대차 - 측면직각충돌,기타,습기,맑음,교차로 - 교차로안,승용,남,50세,상해없음,승용,여,46세,경상