사고번호,사고일시,요일,시군구,사고내용,사망자수,중상자수,경상자수,부상신고자수,사고유형,법규위반,노면상태,기상상태,도로형태,가해운전자 차종,가해운전자 성별,가해운전자 연령,가해운전자 상해정도,피해운전자 차종,피해운전자 성별,피해운전자 연령,피해운전자 상해정도
2012072100100272,2012년 7월 21일 12시,토요일,충청북도 영동군 황간면,경상사고,0,0,1,0,차량단독 - 기타,안전운전불이행,건조,맑음,단일로 - 기타,승용,남,75세,상해없음,,,,
2012072100100273,2012년 7월 21일 12시,토요일,충청북도 음성군 생극면,중상사고,0,3,0,0,차대차 - 측면직각충돌,신호위반,건조,맑음,교차로 - 교차로안,승합,남,29세,중상,승용,남,41세,중상
2012072100100274,2012년 7월 21일 12시,토요일,충청북도 청주시 상당구 용암동,경상사고,0,0,1,0,차대차 - 기타,안전운전불이행,건조,맑음,단일로 - 기타,승용,남,39세,상해없음,이륜,남,38세,경상
2012072100100312,2012년 7월 21일 13시,토요일,충청북도 음성군 대소면,중상사고,0,1,1,0,차대차 - 기타,안전운전불이행,건조,맑음,단일로 - 기타,화물,남,30세,상해없음,승용,남,45세,상해없음
2012072100100313,2012년 7월 21일 13시,토요일,충청북도 청주시 흥덕구 산남동,경상사고,0,0,2,0,차량단독 - 공작물충돌,안전운전불이행,건조,맑음,교차로 - 교차로안,승합,남,44세,상해없음,,,,
2012072100100347,2012년 7월 21일 14시,토요일,충청북도 영동군 양강면,경상사고,0,0,1,0,차대차 - 기타,중앙선침범,건조,맑음,교차로 - 교차로부근,승용,남,18세,경상,승용,남,21세,상해없음
2012072100100348,2012년 7월 21일 14시,토요일,충청북도 청원군 옥산면,경상사고,0,0,5,0,차대차 - 측면직각충돌,신호위반,건조,맑음,교차로 - 교차로안,승용,남,22세,상해없음,승용,남,22세,경상
2012072100100349,2012년 7월 21일 14시,토요일,충청북도 청주시 흥덕구 석곡동,중상사고,0,2,0,0,차대차 - 측면직각충돌,안전거리미확보,건조,맑음,교차로 - 교차로부근,승용,여,68세,중상,승용,남,29세,중상
2012072100100383,2012년 7월 21일 15시,토요일,충청북도 괴산군 괴산읍,경상사고,0,0,1,0,차대차 - 측면직각충돌,기타,건조,맑음,교차로 - 교차로안,승용,남,35세,상해없음,이륜,남,72세,경상
2012072100100414,2012년 7월 21일 16시,토요일,충청북도 영동군 학산면,중상사고,0,1,0,0,차대사람 - 기타,안전운전불이행,건조,맑음,단일로 - 기타,화물,남,57세,상해없음,보행자,남,6세,중상
2012072100100415,2012년 7월 21일 16시,토요일,충청북도 단양군 단양읍,중상사고,0,2,1,0,차량단독 - 공작물충돌,안전운전불이행,건조,맑음,교차로 - 교차로부근,승용,남,64세,경상,,,,
2012072100100416,2012년 7월 21일 16시,토요일,충청북도 청주시 흥덕구 사직동,중상사고,0,1,0,0,차대차 - 측면직각충돌,안전운전불이행,건조,맑음,교차로 - 교차로부근,승용,남,58세,상해없음,자전거,남,72세,중상
2012072100100452,2012년 7월 21일 17시,토요일,충청북도 청주시 흥덕구 가경동,경상사고,0,0,1,1,차대차 - 추돌 - 주정차중,안전운전불이행,건조,맑음,교차로 - 교차로부근,화물,남,47세,상해없음,승용,남,47세,부상신고
2012072100100495,2012년 7월 21일 18시,토요일,충청북도 청원군 미원면,경상사고,0,0,1,0,차량단독 - 도로외이탈 - 기타,안전운전불이행,건조,맑음,단일로 - 기타,이륜,남,42세,상해없음,,,,
2012072100100523,2012년 7월 21일 19시,토요일,충청북도 제천시 남천동,중상사고,0,1,0,0,차대차 - 측면직각충돌,신호위반,건조,맑음,교차로 - 교차로안,자전거,남,15세,중상,승용,남,38세,상해없음
2012072100100524,2012년 7월 21일 19시,토요일,충청북도 청주시 흥덕구 봉명동,경상사고,0,0,2,0,차대차 - 측면직각충돌,안전운전불이행,건조,맑음,교차로 - 교차로부근,화물,남,35세,상해없음,승용,남,36세,경상
2012072100100554,2012년 7월 21일 20시,토요일,충청북도 제천시 청전동,경상사고,0,0,1,0,차량단독 - 전도전복,안전운전불이행,건조,맑음,단일로 - 기타,원동기,여,75세,경상,,,,
2012072100100555,2012년 7월 21일 20시,토요일,충청북도 청주시 상당구 영운동,경상사고,0,0,2,0,차대차 - 측면직각충돌,안전운전불이행,건조,맑음,교차로 - 교차로안,화물,남,66세,상해없음,승용,여,31세,경상
2012072100100589,2012년 7월 21일 21시,토요일,충청북도 충주시 연수동,중상사고,0,1,0,0,차대차 - 측면직각충돌,안전운전불이행,건조,맑음,교차로 - 교차로안,승용,남,48세,상해없음,원동기,남,19세,중상
2012072100100590,2012년 7월 21일 21시,토요일,충청북도 진천군 진천읍,경상사고,0,0,1,0,차대차 - 측면직각충돌,안전운전불이행,건조,맑음,교차로 - 교차로안,승용,여,27세,상해없음,원동기,남,17세,경상
2012072100100591,2012년 7월 21일 21시,토요일,충청북도 청원군 오송읍,경상사고,0,0,2,0,차대차 - 측면직각충돌,교차로운행방법위반,건조,맑음,교차로 - 교차로안,승용,남,40세,경상,승용,남,52세,경상
2012072100100637,2012년 7월 21일 22시,토요일,충청북도 청주시 상당구 용암동,중상사고,0,1,0,0,차대차 - 기타,신호위반,건조,맑음,교차로 - 교차로안,이륜,남,17세,상해없음,이륜,남,17세,중상
2012072100100670,2012년 7월 21일 23시,토요일,충청북도 충주시 연수동,경상사고,0,0,2,0,차대차 - 추돌 - 주정차중,안전운전불이행,건조,맑음,교차로 - 교차로부근,승용,남,52세,상해없음,승합,남,46세,경상
2012072200100039,2012년 7월 22일 01시,일요일,충청북도 청원군 남이면,경상사고,0,0,2,0,차대차 - 기타,안전운전불이행,건조,맑음,단일로 - 기타,승용,남,19세,상해없음,승용,남,60세,경상
2012072200100058,2012년 7월 22일 02시,일요일,충청북도 청주시 흥덕구 사직동,중상사고,0,2,0,0,차대차 - 측면직각충돌,교차로운행방법위반,건조,맑음,교차로 - 교차로안,승용,남,21세,상해없음,승용,남,45세,상해없음
2012072200100072,2012년 7월 22일 03시,일요일,충청북도 청주시 상당구 우암동,경상사고,0,0,1,0,차대차 - 측면직각충돌,신호위반,건조,맑음,교차로 - 교차로안,화물,남,34세,상해없음,승용,남,31세,경상
2012072200100073,2012년 7월 22일 03시,일요일,충청북도 청주시 흥덕구 복대동,경상사고,0,0,1,0,차대사람 - 횡단중,안전운전불이행,건조,맑음,단일로 - 기타,승합,남,21세,상해없음,보행자,남,51세,경상
2012072200100173,2012년 7월 22일 10시,일요일,충청북도 음성군 음성읍,경상사고,0,0,5,0,차대차 - 기타,안전운전불이행,건조,맑음,교차로 - 교차로안,승용,남,53세,경상,화물,남,41세,경상
2012072200100174,2012년 7월 22일 10시,일요일,충청북도 단양군 단양읍,경상사고,0,0,1,0,차대사람 - 횡단중,안전운전불이행,건조,맑음,단일로 - 횡단보도부근,승용,여,37세,상해없음,보행자,남,68세,경상
2012072200100225,2012년 7월 22일 12시,일요일,충청북도 청원군 오송읍,중상사고,0,1,0,0,차대차 - 추돌 - 진행중,안전운전불이행,습기,비,단일로 - 기타,화물,남,65세,상해없음,자전거,여,70세,중상
2012072200100281,2012년 7월 22일 14시,일요일,충청북도 청주시 흥덕구 모충동,경상사고,0,0,1,0,차대사람 - 기타,안전운전불이행,건조,맑음,교차로 - 교차로부근,승용,남,22세,상해없음,보행자,남,6세,경상
2012072200100311,2012년 7월 22일 15시,일요일,충청북도 청주시 상당구 남주동,중상사고,0,1,0,0,차대차 - 기타,신호위반,건조,맑음,교차로 - 교차로안,이륜,남,72세,중상,승용,남,27세,기타불명
2012072200100312,2012년 7월 22일 15시,일요일,충청북도 증평군 증평읍,중상사고,0,1,1,0,차대차 - 측면직각충돌,신호위반,습기,흐림,교차로 - 교차로안,원동기,남,67세,경상,승용,남,78세,상해없음
2012072200100342,2012년 7월 22일 16시,일요일,충청북도 괴산군 장연면,중상사고,0,1,0,0,차량단독 - 공작물충돌,안전운전불이행,건조,흐림,단일로 - 기타,승용,남,26세,상해없음,,,,
2012072200100378,2012년 7월 22일 17시,일요일,충청북도 청주시 상당구 서문동,경상사고,0,0,1,0,차대차 - 측면직각충돌,안전거리미확보,건조,맑음,교차로 - 교차로부근,승용,남,31세,상해없음,승용,남,46세,경상
2012072200100379,2012년 7월 22일 17시,일요일,충청북도 제천시 송학면,경상사고,0,0,1,0,차대차 - 측면직각충돌,중앙선침범,건조,맑음,단일로 - 기타,승용,남,68세,경상,승합,남,47세,상해없음
2012072200100380,2012년 7월 22일 17시,일요일,충청북도 음성군 삼성면,중상사고,0,1,0,0,차대사람 - 기타,안전운전불이행,습기,흐림,단일로 - 기타,승용,남,42세,상해없음,보행자,여,69세,중상
2012072200100381,2012년 7월 22일 17시,일요일,충청북도 청원군 문의면,경상사고,0,0,3,0,차대차 - 측면직각충돌,중앙선침범,습기,비,단일로 - 기타,승용,남,38세,상해없음,승용,남,61세,경상
2012072200100414,2012년 7월 22일 18시,일요일,충청북도 청원군 내수읍,경상사고,0,0,4,0,차대차 - 기타,안전운전불이행,건조,맑음,교차로 - 교차로부근,화물,여,43세,상해없음,승용,여,28세,경상
2012072200100415,2012년 7월 22일 18시,일요일,충청북도 청주시 흥덕구 봉명동,경상사고,0,0,3,0,차대차 - 추돌 - 주정차중,안전운전불이행,건조,맑음,교차로 - 교차로부근,승용,여,47세,상해없음,승용,여,34세,경상
2012072200100444,2012년 7월 22일 19시,일요일,충청북도 충주시 금릉동,부상신고사고,0,0,0,1,차대사람 - 기타,안전운전불이행,건조,맑음,단일로 - 기타,기타불명,기타불명,기타불명,기타불명,보행자,여,16세,부상신고
2012072200100445,2012년 7월 22일 19시,일요일,충청북도 청주시 상당구 용암동,경상사고,0,0,1,0,차량단독 - 기타,안전운전불이행,건조,맑음,교차로 - 교차로부근,승용,남,51세,상해없음,,,,
2012072200100468,2012년 7월 22일 20시,일요일,충청북도 괴산군 불정면,경상사고,0,0,2,0,차대차 - 추돌 - 진행중,중앙선침범,건조,맑음,단일로 - 기타,기타불명,기타불명,기타불명,기타불명,승용,남,36세,경상
2012072200100469,2012년 7월 22일 20시,일요일,충청북도 음성군 금왕읍,경상사고,0,0,6,0,차대차 - 측면직각충돌,신호위반,습기,비,교차로 - 교차로안,화물,남,59세,경상,승용,여,47세,경상
2012072200100495,2012년 7월 22일 21시,일요일,충청북도 진천군 진천읍,경상사고,0,0,1,0,차대차 - 추돌 - 주정차중,안전운전불이행,건조,맑음,단일로 - 기타,승용,남,32세,상해없음,승용,남,45세,경상
2012072200100496,2012년 7월 22일 21시,일요일,충청북도 청주시 흥덕구 죽림동,경상사고,0,0,4,0,차대차 - 추돌 - 주정차중,안전거리미확보,건조,맑음,교차로 - 교차로안,화물,남,48세,상해없음,승용,남,50세,경상
2012072200100497,2012년 7월 22일 21시,일요일,충청북도 청주시 흥덕구 복대동,경상사고,0,0,1,0,차대차 - 추돌 - 진행중,안전운전불이행,건조,맑음,교차로 - 교차로부근,화물,남,55세,상해없음,이륜,남,21세,경상
2012072200100529,2012년 7월 22일 23시,일요일,충청북도 청주시 상당구 우암동,중상사고,0,1,0,0,차대차 - 측면직각충돌,신호위반,건조,맑음,교차로 - 교차로안,승용,남,30세,상해없음,승용,남,47세,중상
2012072200100530,2012년 7월 22일 23시,일요일,충청북도 충주시 대소원면,중상사고,0,2,1,0,차대차 - 추돌 - 진행중,신호위반,건조,흐림,단일로 - 횡단보도부근,승용,남,27세,중상,승용,남,46세,중상
2012072300100007,2012년 7월 23일 00시,월요일,충청북도 청주시 상당구 금천동,경상사고,0,0,1,0,차대사람 - 기타,안전운전불이행,건조,맑음,단일로 - 기타,승용,여,49세,상해없음,보행자,여,30세,경상
2012072300100028,2012년 7월 23일 02시,월요일,충청북도 청원군 오창읍,중상사고,0,1,0,0,차대차 - 기타,안전운전불이행,건조,맑음,단일로 - 기타,화물,남,41세,상해없음,승용,남,28세,중상
2012072300100047,2012년 7월 23일 05시,월요일,충청북도 청주시 상당구 영운동,중상사고,0,2,0,0,차대차 - 측면직각충돌,신호위반,건조,맑음,교차로 - 교차로안,이륜,남,45세,중상,이륜,남,36세,중상
2012072300100097,2012년 7월 23일 08시,월요일,충청북도 청원군 옥산면,부상신고사고,0,0,0,2,차대차 - 측면직각충돌,안전운전불이행,건조,맑음,단일로 - 기타,화물,남,62세,상해없음,승용,남,54세,상해없음
2012072300100098,2012년 7월 23일 08시,월요일,충청북도 청주시 흥덕구 분평동,중상사고,0,1,0,0,차대차 - 정면충돌,중앙선침범,건조,맑음,단일로 - 기타,승용,여,41세,상해없음,승용,여,46세,중상
2012072300100199,2012년 7월 23일 11시,월요일,충청북도 충주시 연수동,중상사고,0,1,0,0,차대사람 - 길가장자리구역통행중,안전운전불이행,건조,흐림,단일로 - 기타,승용,여,30세,상해없음,보행자,여,65세,중상
2012072300100200,2012년 7월 23일 11시,월요일,충청북도 음성군 삼성면,중상사고,0,1,0,0,차대차 - 측면직각충돌,안전운전불이행,건조,맑음,단일로 - 기타,승용,여,26세,상해없음,자전거,남,76세,중상
2012072300100201,2012년 7월 23일 11시,월요일,충청북도 음성군 삼성면,경상사고,0,0,1,0,차대차 - 추돌 - 주정차중,안전거리미확보,건조,맑음,단일로 - 기타,승용,남,33세,상해없음,승용,여,47세,경상
2012072300100234,2012년 7월 23일 12시,월요일,충청북도 충주시 살미면,경상사고,0,0,1,0,차대차 - 측면직각충돌,안전운전불이행,건조,맑음,단일로 - 기타,승용,남,55세,상해없음,화물,남,58세,경상
2012072300100235,2012년 7월 23일 12시,월요일,충청북도 청주시 흥덕구 신봉동,경상사고,0,0,1,0,차대차 - 측면직각충돌,안전운전불이행,건조,맑음,단일로 - 기타,자전거,남,13세,상해없음,승용,남,46세,상해없음
2012072300100236,2012년 7월 23일 12시,월요일,충청북도 청원군 남일면,경상사고,0,0,3,0,차대차 - 기타,안전운전불이행,건조,맑음,교차로 - 교차로부근,화물,남,36세,상해없음,승용,여,23세,경상
2012072300100269,2012년 7월 23일 13시,월요일,충청북도 청원군 남일면,중상사고,0,2,5,0,차대차 - 기타,신호위반,건조,맑음,교차로 - 교차로안,승용,여,32세,중상,승용,남,47세,경상
2012072300100308,2012년 7월 23일 14시,월요일,충청북도 충주시 문화동,경상사고,0,0,1,0,차대차 - 측면직각충돌,안전운전불이행,건조,맑음,교차로 - 교차로안,승용,여,48세,상해없음,자전거,남,74세,경상
2012072300100309,2012년 7월 23일 14시,월요일,충청북도 청주시 상당구 용암동,중상사고,0,1,0,0,차대차 - 기타,안전운전불이행,건조,맑음,교차로 - 교차로안,화물,남,42세,상해없음,이륜,남,17세,중상
2012072300100395,2012년 7월 23일 17시,월요일,충청북도 청주시 흥덕구 사창동,경상사고,0,0,1,0,차대차 - 추돌 - 진행중,안전거리미확보,건조,맑음,단일로 - 기타,기타불명,기타불명,기타불명,기타불명,승용,여,42세,경상
2012072300100396,2012년 7월 23일 17시,월요일,충청북도 청주시 상당구 용암동,중상사고,0,1,0,0,차대사람 - 횡단중,보행자보호의무위반,건조,맑음,단일로 - 횡단보도상,승용,여,34세,상해없음,보행자,남,14세,중상
2012072300100542,2012년 7월 23일 21시,월요일,충청북도 충주시 주덕읍,중상사고,0,1,0,0,차대사람 - 길가장자리구역통행중,안전운전불이행,건조,맑음,단일로 - 기타,승용,남,23세,상해없음,보행자,여,69세,중상
2012072300100543,2012년 7월 23일 21시,월요일,충청북도 청주시 흥덕구 복대동,경상사고,0,0,2,0,차대차 - 추돌 - 주정차중,안전거리미확보,건조,맑음,단일로 - 기타,승용,여,34세,상해없음,승용,남,20세,경상
2012072300100569,2012년 7월 23일 22시,월요일,충청북도 충주시 칠금동,중상사고,0,1,0,0,차대차 - 측면직각충돌,안전운전불이행,건조,맑음,단일로 - 기타,승용,여,49세,상해없음,원동기,남,18세,중상
2012072300100599,2012년 7월 23일 23시,월요일,충청북도 충주시 연수동,경상사고,0,0,2,0,차대차 - 측면직각충돌,신호위반,건조,맑음,교차로 - 교차로안,승용,남,35세,상해없음,승용,남,19세,경상
2012072400100076,2012년 7월 24일 06시,화요일,충청북도 괴산군 청안면,사망사고,2,0,0,0,차량단독 - 전도전복,안전운전불이행,기타,안개,단일로 - 기타,화물,남,33세,사망,,,,
2012072400100077,2012년 7월 24일 06시,화요일,충청북도 청주시 흥덕구 봉명동,경상사고,0,0,1,0,차대사람 - 횡단중,안전운전불이행,건조,맑음,단일로 - 횡단보도상,승용,남,54세,상해없음,보행자,여,20세,경상
2012072400100134,2012년 7월 24일 08시,화요일,충청북도 청주시 상당구 내덕동,중상사고,0,1,0,0,차대사람 - 기타,안전운전불이행,건조,맑음,교차로 - 교차로안,승용,여,37세,상해없음,보행자,여,67세,중상
2012072400100135,2012년 7월 24일 08시,화요일,충청북도 충주시 주덕읍,경상사고,0,0,1,0,차대차 - 측면직각충돌,중앙선침범,건조,맑음,단일로 - 기타,승용,여,33세,상해없음,화물,남,66세,경상
2012072400100136,2012년 7월 24일 08시,화요일,충청북도 청주시 흥덕구 복대동,경상사고,0,0,1,0,차대차 - 기타,안전운전불이행,건조,맑음,단일로 - 기타,승용,남,39세,상해없음,화물,남,35세,경상
2012072400100255,2012년 7월 24일 12시,화요일,충청북도 청주시 상당구 율량동,중상사고,0,1,0,0,차대차 - 기타,교차로운행방법위반,건조,맑음,교차로 - 교차로안,승용,여,39세,상해없음,이륜,남,76세,중상
2012072400100256,2012년 7월 24일 12시,화요일,충청북도 제천시 청풍면,부상신고사고,0,0,0,1,차대차 - 측면직각충돌,안전운전불이행,건조,맑음,교차로 - 교차로안,원동기,남,69세,부상신고,승용,남,52세,상해없음
2012072400100287,2012년 7월 24일 13시,화요일,충청북도 청주시 흥덕구 봉명동,경상사고,0,0,1,0,차대사람 - 횡단중,보행자보호의무위반,건조,맑음,단일로 - 기타,승용,기타불명,기타불명,기타불명,보행자,남,7세,경상
2012072400100288,2012년 7월 24일 13시,화요일,충청북도 청주시 흥덕구 문암동,중상사고,0,1,2,0,차대차 - 기타,안전운전불이행,건조,맑음,교차로 - 교차로부근,승용,여,24세,중상,승용,남,27세,경상
2012072400100358,2012년 7월 24일 15시,화요일,충청북도 충주시 연수동,경상사고,0,0,1,0,차대사람 - 횡단중,안전운전불이행,건조,맑음,교차로 - 교차로안,기타불명,기타불명,기타불명,기타불명,보행자,남,17세,경상
2012072400100391,2012년 7월 24일 16시,화요일,충청북도 청원군 내수읍,경상사고,0,0,1,0,차대차 - 측면직각충돌,교차로운행방법위반,건조,맑음,교차로 - 교차로안,승용,남,34세,상해없음,승용,여,22세,경상
2012072400100392,2012년 7월 24일 16시,화요일,충청북도 충주시 연수동,경상사고,0,0,1,0,차대차 - 측면직각충돌,안전운전불이행,건조,맑음,단일로 - 기타,승용,남,39세,상해없음,화물,남,50세,경상
2012072400100393,2012년 7월 24일 16시,화요일,충청북도 옥천군 옥천읍,경상사고,0,0,1,1,차대차 - 측면직각충돌,안전운전불이행,건조,맑음,교차로 - 교차로안,화물,여,56세,부상신고,승용,남,36세,경상
2012072400100394,2012년 7월 24일 16시,화요일,충청북도 청주시 흥덕구 가경동,중상사고,0,1,0,0,차대차 - 측면직각충돌,교차로운행방법위반,건조,맑음,교차로 - 교차로안,이륜,남,64세,중상,승용,남,35세,상해없음
2012072400100395,2012년 7월 24일 16시,화요일,충청북도 청주시 상당구 용정동,중상사고,0,1,0,0,차대차 - 측면직각충돌,직진우회전진행방해,건조,맑음,교차로 - 교차로안,승용,남,28세,상해없음,원동기,남,32세,중상
2012072400100439,2012년 7월 24일 17시,화요일,충청북도 충주시 성서동,경상사고,0,0,1,0,차대사람 - 횡단중,안전운전불이행,건조,맑음,단일로 - 기타,이륜,남,25세,상해없음,보행자,여,6세,경상
2012072400100486,2012년 7월 24일 18시,화요일,충청북도 충주시 연수동,경상사고,0,0,1,0,차대사람 - 횡단중,안전운전불이행,건조,맑음,교차로 - 교차로안,승용,여,43세,상해없음,보행자,여,47세,경상
2012072400100487,2012년 7월 24일 18시,화요일,충청북도 보은군 보은읍,경상사고,0,0,1,0,차대차 - 측면직각충돌,교차로운행방법위반,건조,맑음,교차로 - 교차로안,원동기,남,65세,경상,승용,남,47세,상해없음
2012072400100488,2012년 7월 24일 18시,화요일,충청북도 청원군 낭성면,경상사고,0,0,4,0,차대차 - 측면직각충돌,중앙선침범,건조,맑음,단일로 - 기타,화물,남,54세,상해없음,승용,여,38세,경상
2012072400100567,2012년 7월 24일 20시,화요일,충청북도 충주시 교현동,중상사고,0,1,0,0,차대차 - 측면직각충돌,직진우회전진행방해,건조,맑음,교차로 - 교차로안,승용,여,34세,상해없음,원동기,남,55세,중상
2012072400100568,2012년 7월 24일 20시,화요일,충청북도 청주시 흥덕구 개신동,경상사고,0,0,1,0,차대차 - 기타,안전운전불이행,건조,맑음,교차로 - 교차로부근,승용,남,44세,상해없음,원동기,남,22세,경상
2012072400100601,2012년 7월 24일 21시,화요일,충청북도 청주시 상당구 율량동,중상사고,0,1,0,0,차대사람 - 횡단중,안전운전불이행,건조,맑음,교차로 - 교차로부근,기타불명,기타불명,기타불명,기타불명,보행자,남,53세,중상
2012072400100602,2012년 7월 24일 21시,화요일,충청북도 청주시 흥덕구 복대동,경상사고,0,0,1,0,차대차 - 측면직각충돌,안전운전불이행,건조,맑음,기타 - 기타,승용,남,36세,상해없음,승용,남,29세,경상
2012072400100633,2012년 7월 24일 22시,화요일,충청북도 영동군 영동읍,경상사고,0,0,2,0,차대차 - 측면직각충돌,교차로운행방법위반,건조,맑음,교차로 - 교차로안,승용,여,54세,경상,승용,여,25세,경상
2012072400100634,2012년 7월 24일 22시,화요일,충청북도 청주시 흥덕구 가경동,경상사고,0,0,1,0,차대차 - 측면직각충돌,신호위반,건조,맑음,교차로 - 교차로안,승용,남,28세,상해없음,승용,남,45세,경상
2012072400100635,2012년 7월 24일 22시,화요일,충청북도 청주시 상당구 평촌동,경상사고,0,0,2,0,차대차 - 추돌 - 진행중,안전운전불이행,건조,맑음,단일로 - 기타,승용,남,26세,상해없음,승용,남,25세,경상
2012072500100046,2012년 7월 25일 02시,수요일,충청북도 청주시 흥덕구 복대동,경상사고,0,0,3,0,차대차 - 측면직각충돌,신호위반,건조,맑음,교차로 - 교차로안,승용,남,24세,상해없음,승용,여,32세,경상
2012072500100047,2012년 7월 25일 02시,수요일,충청북도 청주시 상당구 영운동,경상사고,0,0,1,0,차대사람 - 기타,안전운전불이행,건조,맑음,교차로 - 교차로안,승용,남,35세,상해없음,보행자,남,35세,경상
2012072500100067,2012년 7월 25일 04시,수요일,충청북도 청주시 흥덕구 봉명동,중상사고,0,1,0,0,차대차 - 측면직각충돌,안전운전불이행,건조,맑음,단일로 - 기타,기타불명,기타불명,기타불명,기타불명,승용,남,57세,중상
2012072500100139,2012년 7월 25일 08시,수요일,충청북도 청주시 상당구 석교동,중상사고,0,1,0,0,차대사람 - 횡단중,신호위반,건조,맑음,교차로 - 교차로안,승용,여,43세,상해없음,보행자,여,57세,중상
2012072500100140,2012년 7월 25일 08시,수요일,충청북도 충주시 신니면,부상신고사고,0,0,0,1,차대차 - 추돌 - 진행중,안전운전불이행,건조,맑음,단일로 - 기타,승용,여,33세,상해없음,승합,남,58세,부상신고
2012072500100141,2012년 7월 25일 08시,수요일,충청북도 제천시 청전동,중상사고,0,1,0,0,차대사람 - 기타,안전운전불이행,건조,맑음,단일로 - 기타,승용,남,53세,상해없음,보행자,여,87세,중상
2012072500100171,2012년 7월 25일 09시,수요일,충청북도 제천시 청전동,중상사고,0,1,1,0,차대차 - 측면직각충돌,교차로운행방법위반,건조,맑음,교차로 - 교차로부근,승용,여,42세,상해없음,원동기,남,62세,경상
2012072500100172,2012년 7월 25일 09시,수요일,충청북도 청주시 상당구 용암동,경상사고,0,0,1,0,차대차 - 추돌 - 진행중,안전운전불이행,건조,맑음,단일로 - 기타,승용,남,27세,상해없음,승용,남,51세,상해없음
2012072500100198,2012년 7월 25일 10시,수요일,충청북도 청주시 상당구 석교동,중상사고,0,1,0,0,차대차 - 기타,교차로운행방법위반,건조,맑음,교차로 - 교차로안,화물,남,39세,상해없음,원동기,남,69세,중상
2012072500100199,2012년 7월 25일 10시,수요일,충청북도 음성군 금왕읍,경상사고,0,0,1,0,차대차 - 측면직각충돌,중앙선침범,건조,맑음,단일로 - 기타,승용,여,44세,상해없음,승용,여,36세,경상
2012072500100200,2012년 7월 25일 10시,수요일,충청북도 청원군 현도면,중상사고,0,1,1,0,차대차 - 추돌 - 주정차중,안전운전불이행,건조,맑음,단일로 - 기타,화물,남,68세,중상,화물,남,36세,경상
2012072500100236,2012년 7월 25일 11시,수요일,충청북도 옥천군 군북면,경상사고,0,0,4,0,차대차 - 정면충돌,안전운전불이행,건조,맑음,단일로 - 기타,승합,남,46세,상해없음,승용,남,49세,경상
2012072500100237,2012년 7월 25일 11시,수요일,충청북도 청주시 흥덕구 봉명동,중상사고,0,1,0,0,차대차 - 측면직각충돌,안전운전불이행,건조,맑음,교차로 - 교차로부근,승용,남,51세,상해없음,자전거,여,46세,중상
2012072500100261,2012년 7월 25일 12시,수요일,충청북도 청원군 오창읍,중상사고,0,1,1,0,차대차 - 추돌 - 진행중,안전운전불이행,건조,맑음,단일로 - 기타,화물,남,35세,중상,승용,남,66세,경상
2012072500100262,2012년 7월 25일 12시,수요일,충청북도 충주시 주덕읍,중상사고,0,1,0,0,차대차 - 추돌 - 진행중,안전거리미확보,건조,맑음,단일로 - 기타,화물,남,47세,상해없음,승용,남,42세,중상
2012072500100263,2012년 7월 25일 12시,수요일,충청북도 청주시 흥덕구 봉명동,중상사고,0,3,0,0,차대차 - 측면직각충돌,교차로운행방법위반,건조,맑음,교차로 - 교차로안,승용,남,59세,중상,승용,남,61세,중상
2012072500100264,2012년 7월 25일 12시,수요일,충청북도 청주시 흥덕구 봉명동,중상사고,0,1,0,1,차대차 - 측면직각충돌,안전운전불이행,건조,맑음,단일로 - 기타,승용,여,30세,상해없음,승용,여,29세,중상
2012072500100265,2012년 7월 25일 12시,수요일,충청북도 청주시 흥덕구 산남동,경상사고,0,0,1,0,차대차 - 기타,안전운전불이행,건조,맑음,교차로 - 교차로안,승용,남,48세,상해없음,자전거,남,42세,경상
2012072500100266,2012년 7월 25일 12시,수요일,충청북도 청주시 흥덕구 수곡동,경상사고,0,0,4,0,차대차 - 기타,안전운전불이행,건조,맑음,단일로 - 기타,승용,남,74세,상해없음,화물,남,38세,경상
2012072500100296,2012년 7월 25일 13시,수요일,충청북도 진천군 이월면,경상사고,0,0,1,0,차대차 - 추돌 - 주정차중,안전운전불이행,건조,맑음,교차로 - 교차로부근,승합,남,56세,상해없음,화물,남,59세,경상
2012072500100335,2012년 7월 25일 14시,수요일,충청북도 제천시 신월동,경상사고,0,0,1,0,차대차 - 측면직각충돌,안전운전불이행,건조,맑음,교차로 - 교차로부근,승용,여,46세,상해없음,자전거,남,66세,경상
2012072500100336,2012년 7월 25일 14시,수요일,충청북도 청주시 흥덕구 지동동,중상사고,0,1,0,0,차대차 - 측면직각충돌,안전운전불이행,건조,맑음,교차로 - 교차로안,승용,여,42세,상해없음,자전거,남,58세,중상
2012072500100337,2012년 7월 25일 14시,수요일,충청북도 청주시 흥덕구 개신동,중상사고,0,1,0,0,차대사람 - 횡단중,보행자보호의무위반,건조,맑음,교차로 - 교차로부근,승용,여,35세,상해없음,보행자,여,8세,중상
2012072500100364,2012년 7월 25일 15시,수요일,충청북도 단양군 영춘면,중상사고,0,3,0,0,차대차 - 정면충돌,중앙선침범,건조,맑음,단일로 - 기타,화물,여,63세,중상,화물,남,51세,중상
2012072500100365,2012년 7월 25일 15시,수요일,충청북도 청주시 흥덕구 봉명동,중상사고,0,1,2,0,차대차 - 측면직각충돌,교차로운행방법위반,건조,맑음,교차로 - 교차로안,승용,여,41세,경상,승용,남,37세,중상