사고번호,사고일시,요일,시군구,사고내용,사망자수,중상자수,경상자수,부상신고자수,사고유형,법규위반,노면상태,기상상태,도로형태,가해운전자 차종,가해운전자 성별,가해운전자 연령,가해운전자 상해정도,피해운전자 차종,피해운전자 성별,피해운전자 연령,피해운전자 상해정도
2012080400100376,2012년 8월 4일 17시,토요일,충청북도 청원군 남일면,중상사고,0,3,7,0,차대차 - 기타,안전운전불이행,건조,맑음,교차로 - 교차로부근,승용,남,59세,상해없음,승용,남,52세,중상
2012080400100401,2012년 8월 4일 18시,토요일,충청북도 제천시 신월동,중상사고,0,2,2,0,차대차 - 기타,신호위반,건조,맑음,교차로 - 교차로안,승용,남,69세,상해없음,화물,남,46세,중상
2012080400100402,2012년 8월 4일 18시,토요일,충청북도 청주시 상당구 용암동,경상사고,0,0,1,0,차대차 - 측면직각충돌,안전운전불이행,건조,맑음,교차로 - 교차로안,승용,남,55세,상해없음,승용,남,38세,경상
2012080400100434,2012년 8월 4일 19시,토요일,충청북도 충주시 충인동,중상사고,0,1,0,0,차대차 - 기타,안전운전불이행,건조,맑음,교차로 - 교차로부근,승용,여,21세,상해없음,자전거,여,24세,중상
2012080400100435,2012년 8월 4일 19시,토요일,충청북도 청원군 가덕면,사망사고,1,0,0,0,차대차 - 기타,안전운전불이행,건조,맑음,단일로 - 기타,농기계,남,70세,사망,승용,남,32세,기타불명
2012080400100469,2012년 8월 4일 20시,토요일,충청북도 충주시 대소원면,중상사고,0,1,1,0,차대차 - 정면충돌,신호위반,건조,맑음,교차로 - 교차로안,승용,남,45세,상해없음,승용,남,47세,경상
2012080400100470,2012년 8월 4일 20시,토요일,충청북도 청주시 흥덕구 사창동,중상사고,0,1,0,0,차대사람 - 횡단중,안전운전불이행,건조,맑음,단일로 - 기타,이륜,남,17세,상해없음,보행자,여,68세,중상
2012080400100492,2012년 8월 4일 21시,토요일,충청북도 청주시 흥덕구 운천동,경상사고,0,0,1,0,차대차 - 추돌 - 진행중,안전운전불이행,건조,맑음,교차로 - 교차로안,승용,남,41세,상해없음,승용,남,30세,경상
2012080400100517,2012년 8월 4일 22시,토요일,충청북도 충주시 교현동,경상사고,0,0,1,0,차대사람 - 횡단중,안전운전불이행,건조,맑음,단일로 - 기타,승합,여,52세,상해없음,보행자,남,75세,경상
2012080400100538,2012년 8월 4일 23시,토요일,충청북도 음성군 금왕읍,중상사고,0,1,1,0,차대차 - 정면충돌,안전운전불이행,건조,맑음,교차로 - 교차로안,이륜,남,20세,경상,이륜,남,73세,중상
2012080500100050,2012년 8월 5일 03시,일요일,충청북도 청주시 흥덕구 개신동,경상사고,0,0,1,0,차대차 - 추돌 - 진행중,안전거리미확보,건조,맑음,단일로 - 기타,승용,남,57세,상해없음,이륜,남,45세,경상
2012080500100074,2012년 8월 5일 05시,일요일,충청북도 청주시 흥덕구 복대동,중상사고,0,1,0,0,차대사람 - 기타,보행자보호의무위반,건조,맑음,단일로 - 횡단보도상,승용,남,54세,상해없음,보행자,남,75세,중상
2012080500100113,2012년 8월 5일 09시,일요일,충청북도 충주시 교현동,중상사고,0,1,0,0,차대차 - 기타,교차로운행방법위반,건조,맑음,교차로 - 교차로안,기타불명,기타불명,기타불명,기타불명,승용,남,52세,상해없음
2012080500100114,2012년 8월 5일 09시,일요일,충청북도 제천시 봉양읍,중상사고,0,2,0,0,차대차 - 기타,안전운전불이행,건조,맑음,교차로 - 교차로부근,화물,남,51세,상해없음,승용,남,46세,중상
2012080500100157,2012년 8월 5일 11시,일요일,충청북도 괴산군 장연면,경상사고,0,0,2,0,차대차 - 측면직각충돌,안전운전불이행,건조,맑음,단일로 - 기타,승용,남,56세,상해없음,승용,여,56세,경상
2012080500100188,2012년 8월 5일 12시,일요일,충청북도 제천시 화산동,경상사고,0,0,3,0,차대차 - 기타,안전운전불이행,건조,맑음,교차로 - 교차로부근,승용,여,51세,상해없음,승용,여,51세,경상
2012080500100208,2012년 8월 5일 13시,일요일,충청북도 충주시 안림동,중상사고,0,1,0,0,차대차 - 추돌 - 주정차중,안전운전불이행,건조,맑음,단일로 - 기타,승용,남,51세,상해없음,원동기,여,43세,중상
2012080500100209,2012년 8월 5일 13시,일요일,충청북도 음성군 삼성면,사망사고,1,0,0,0,차대차 - 기타,기타,건조,맑음,교차로 - 교차로안,승용,여,25세,상해없음,이륜,남,84세,사망
2012080500100210,2012년 8월 5일 13시,일요일,충청북도 청주시 상당구 용암동,경상사고,0,0,1,0,차대차 - 측면직각충돌,안전운전불이행,건조,맑음,교차로 - 교차로안,승용,남,25세,상해없음,자전거,남,15세,경상
2012080500100270,2012년 8월 5일 15시,일요일,충청북도 보은군 내북면,중상사고,0,1,0,0,차대차 - 측면직각충돌,안전거리미확보,건조,맑음,단일로 - 기타,원동기,남,71세,중상,승용,여,43세,상해없음
2012080500100271,2012년 8월 5일 15시,일요일,충청북도 청주시 흥덕구 복대동,경상사고,0,0,1,0,차대차 - 추돌 - 진행중,안전거리미확보,건조,맑음,단일로 - 기타,승용,남,52세,기타불명,승용,남,55세,경상
2012080500100272,2012년 8월 5일 15시,일요일,충청북도 청주시 흥덕구 수곡동,경상사고,0,0,1,0,차대차 - 측면직각충돌,안전운전불이행,건조,맑음,단일로 - 기타,승용,남,35세,상해없음,이륜,남,19세,경상
2012080500100304,2012년 8월 5일 16시,일요일,충청북도 제천시 백운면,중상사고,0,1,4,0,차대차 - 추돌 - 주정차중,안전거리미확보,건조,맑음,단일로 - 기타,승용,남,34세,상해없음,승용,남,46세,상해없음
2012080500100335,2012년 8월 5일 17시,일요일,충청북도 충주시 달천동,중상사고,0,1,2,0,차대차 - 측면직각충돌,신호위반,건조,맑음,교차로 - 교차로안,승용,남,57세,상해없음,승용,남,37세,상해없음
2012080500100336,2012년 8월 5일 17시,일요일,충청북도 영동군 용산면,중상사고,0,1,0,0,차량단독 - 전도전복,안전운전불이행,건조,맑음,단일로 - 기타,원동기,여,60세,중상,,,,
2012080500100337,2012년 8월 5일 17시,일요일,충청북도 옥천군 군서면,중상사고,0,2,0,0,차대차 - 측면직각충돌,안전운전불이행,건조,맑음,교차로 - 교차로부근,이륜,남,58세,중상,승용,여,46세,중상
2012080500100338,2012년 8월 5일 17시,일요일,충청북도 진천군 광혜원면,중상사고,0,1,1,0,차대차 - 기타,안전운전불이행,건조,맑음,교차로 - 교차로안,화물,남,62세,상해없음,승용,남,42세,상해없음
2012080500100339,2012년 8월 5일 17시,일요일,충청북도 청주시 흥덕구 가경동,경상사고,0,0,4,0,차대차 - 추돌 - 주정차중,안전운전불이행,건조,맑음,교차로 - 교차로안,승용,여,64세,경상,승용,남,35세,경상
2012080500100380,2012년 8월 5일 18시,일요일,충청북도 증평군 증평읍,경상사고,0,0,1,0,차대사람 - 길가장자리구역통행중,불법유턴,건조,맑음,단일로 - 기타,승용,남,41세,상해없음,보행자,남,54세,경상
2012080500100381,2012년 8월 5일 18시,일요일,충청북도 청원군 현도면,경상사고,0,0,3,0,차대차 - 기타,안전운전불이행,건조,맑음,단일로 - 기타,승용,여,52세,상해없음,승용,남,32세,경상
2012080500100418,2012년 8월 5일 19시,일요일,충청북도 청주시 상당구 율량동,중상사고,0,1,0,0,차대차 - 기타,안전운전불이행,건조,맑음,단일로 - 기타,승용,남,44세,상해없음,자전거,남,14세,중상
2012080500100419,2012년 8월 5일 19시,일요일,충청북도 청주시 흥덕구 수곡동,경상사고,0,0,1,0,차량단독 - 기타,안전운전불이행,건조,맑음,단일로 - 기타,원동기,남,17세,경상,,,,
2012080500100449,2012년 8월 5일 20시,일요일,충청북도 옥천군 옥천읍,중상사고,0,6,3,0,차대차 - 측면직각충돌,안전운전불이행,건조,맑음,교차로 - 교차로안,승용,여,29세,중상,승용,남,45세,중상
2012080500100481,2012년 8월 5일 21시,일요일,충청북도 충주시 지현동,중상사고,0,1,0,0,차대차 - 측면직각충돌,안전운전불이행,건조,맑음,단일로 - 기타,원동기,여,20세,상해없음,자전거,여,28세,중상
2012080500100482,2012년 8월 5일 21시,일요일,충청북도 청주시 흥덕구 죽림동,경상사고,0,0,4,0,차대차 - 기타,안전운전불이행,건조,맑음,단일로 - 기타,승용,남,37세,상해없음,승용,남,42세,경상
2012080500100483,2012년 8월 5일 21시,일요일,충청북도 청주시 흥덕구 분평동,경상사고,0,0,2,0,차대차 - 정면충돌,안전운전불이행,건조,맑음,교차로 - 교차로안,이륜,남,34세,경상,승용,남,67세,경상
2012080500100484,2012년 8월 5일 21시,일요일,충청북도 충주시 앙성면,경상사고,0,0,1,0,차대차 - 추돌 - 진행중,안전운전불이행,습기,맑음,단일로 - 기타,승용,남,33세,기타불명,승용,남,29세,경상
2012080600100031,2012년 8월 6일 04시,월요일,충청북도 청주시 흥덕구 사창동,경상사고,0,0,1,0,차대사람 - 길가장자리구역통행중,안전운전불이행,건조,맑음,단일로 - 기타,승용,남,20세,상해없음,보행자,남,18세,경상
2012080600100129,2012년 8월 6일 09시,월요일,충청북도 청원군 오창읍,중상사고,0,1,0,0,차대차 - 기타,안전운전불이행,건조,맑음,단일로 - 기타,승용,남,39세,상해없음,이륜,남,68세,중상
2012080600100130,2012년 8월 6일 09시,월요일,충청북도 제천시 청전동,중상사고,0,1,0,0,차대차 - 기타,안전운전불이행,건조,맑음,교차로 - 교차로안,승용,남,41세,상해없음,원동기,남,67세,중상
2012080600100131,2012년 8월 6일 09시,월요일,충청북도 음성군 금왕읍,경상사고,0,0,1,0,차대차 - 측면직각충돌,안전운전불이행,건조,맑음,단일로 - 기타,이륜,남,72세,경상,승용,여,43세,상해없음
2012080600100152,2012년 8월 6일 10시,월요일,충청북도 음성군 삼성면,경상사고,0,0,2,0,차대차 - 기타,중앙선침범,건조,맑음,단일로 - 기타,승용,남,32세,경상,화물,남,52세,경상
2012080600100192,2012년 8월 6일 11시,월요일,충청북도 청주시 상당구 율량동,중상사고,0,1,0,0,차대사람 - 기타,안전운전불이행,건조,맑음,단일로 - 기타,승용,남,83세,상해없음,보행자,남,79세,중상
2012080600100193,2012년 8월 6일 11시,월요일,충청북도 충주시 용산동,경상사고,0,0,1,0,차대차 - 추돌 - 진행중,안전거리미확보,건조,맑음,단일로 - 기타,승용,남,46세,상해없음,승용,여,43세,경상
2012080600100217,2012년 8월 6일 12시,월요일,충청북도 보은군 회남면,경상사고,0,0,1,0,차량단독 - 기타,안전운전불이행,건조,맑음,교차로 - 교차로안,승합,남,54세,상해없음,,,,
2012080600100218,2012년 8월 6일 12시,월요일,충청북도 음성군 금왕읍,중상사고,0,1,0,0,차대사람 - 기타,안전운전불이행,건조,맑음,교차로 - 교차로안,승용,남,44세,상해없음,보행자,여,42세,중상
2012080600100278,2012년 8월 6일 14시,월요일,충청북도 청주시 흥덕구 성화동,중상사고,0,2,2,0,차대차 - 측면직각충돌,교차로운행방법위반,건조,맑음,교차로 - 교차로안,승용,남,57세,중상,승용,남,29세,경상
2012080600100304,2012년 8월 6일 15시,월요일,충청북도 제천시 의림동,중상사고,0,2,0,0,차대차 - 기타,직진우회전진행방해,건조,맑음,교차로 - 교차로안,승용,남,33세,상해없음,승용,남,45세,중상
2012080600100382,2012년 8월 6일 17시,월요일,충청북도 청원군 오창읍,경상사고,0,0,3,0,차대차 - 추돌 - 진행중,교차로운행방법위반,건조,맑음,교차로 - 교차로부근,승용,여,30세,상해없음,승용,남,33세,경상
2012080600100383,2012년 8월 6일 17시,월요일,충청북도 충주시 호암동,중상사고,0,1,0,0,차대차 - 추돌 - 진행중,안전운전불이행,건조,맑음,단일로 - 기타,화물,남,48세,상해없음,승용,여,22세,중상
2012080600100384,2012년 8월 6일 17시,월요일,충청북도 충주시 교현동,중상사고,0,3,0,0,차대차 - 추돌 - 진행중,안전운전불이행,건조,흐림,교차로 - 교차로안,승용,남,55세,상해없음,승용,남,22세,중상
2012080600100385,2012년 8월 6일 17시,월요일,충청북도 음성군 맹동면,중상사고,0,1,0,0,차대차 - 측면직각충돌,교차로운행방법위반,건조,맑음,교차로 - 교차로안,화물,남,37세,상해없음,이륜,남,56세,중상
2012080600100421,2012년 8월 6일 18시,월요일,충청북도 청주시 상당구 우암동,경상사고,0,0,1,0,차대사람 - 기타,안전운전불이행,건조,맑음,단일로 - 기타,승합,남,61세,상해없음,보행자,남,63세,경상
2012080600100422,2012년 8월 6일 18시,월요일,충청북도 단양군 단양읍,중상사고,0,1,0,0,차대차 - 측면직각충돌,직진우회전진행방해,건조,맑음,교차로 - 교차로안,승용,남,53세,상해없음,승용,남,32세,중상
2012080600100423,2012년 8월 6일 18시,월요일,충청북도 진천군 이월면,경상사고,0,0,1,0,차대사람 - 횡단중,보행자보호의무위반,건조,맑음,교차로 - 교차로부근,승용,남,48세,기타불명,보행자,남,53세,경상
2012080600100424,2012년 8월 6일 18시,월요일,충청북도 청주시 상당구 용암동,경상사고,0,0,6,0,차대차 - 추돌 - 주정차중,안전운전불이행,건조,맑음,교차로 - 교차로부근,승용,남,53세,상해없음,승용,남,28세,경상
2012080600100457,2012년 8월 6일 19시,월요일,충청북도 충주시 연수동,경상사고,0,0,1,0,차대차 - 측면직각충돌,안전운전불이행,건조,맑음,기타 - 기타,화물,남,56세,상해없음,승용,여,41세,경상
2012080600100458,2012년 8월 6일 19시,월요일,충청북도 제천시 산곡동,중상사고,0,2,0,0,차대차 - 기타,안전운전불이행,습기,비,단일로 - 기타,승용,남,52세,상해없음,화물,남,63세,중상
2012080600100459,2012년 8월 6일 19시,월요일,충청북도 제천시 청전동,중상사고,0,1,0,0,차대차 - 측면직각충돌,직진우회전진행방해,건조,맑음,교차로 - 교차로안,승용,남,31세,상해없음,승용,남,30세,중상
2012080600100487,2012년 8월 6일 20시,월요일,충청북도 청원군 오창읍,경상사고,0,0,1,0,차대차 - 기타,안전운전불이행,건조,맑음,교차로 - 교차로안,승용,남,30세,상해없음,이륜,남,53세,경상
2012080600100488,2012년 8월 6일 20시,월요일,충청북도 청주시 흥덕구 산남동,경상사고,0,0,1,0,차대차 - 측면직각충돌,안전운전불이행,건조,맑음,단일로 - 기타,자전거,남,18세,경상,승용,여,46세,상해없음
2012080600100521,2012년 8월 6일 21시,월요일,충청북도 청주시 흥덕구 봉명동,경상사고,0,0,1,0,차대차 - 추돌 - 진행중,안전운전불이행,건조,맑음,단일로 - 기타,승용,남,45세,상해없음,승용,남,47세,경상
2012080600100547,2012년 8월 6일 22시,월요일,충청북도 청원군 내수읍,경상사고,0,0,1,0,차대차 - 기타,안전운전불이행,건조,맑음,교차로 - 교차로부근,승용,남,43세,상해없음,승용,여,54세,경상
2012080600100548,2012년 8월 6일 22시,월요일,충청북도 충주시 지현동,경상사고,0,0,1,0,차대사람 - 길가장자리구역통행중,안전운전불이행,건조,맑음,단일로 - 기타,승용,남,52세,상해없음,보행자,여,54세,경상
2012080700100011,2012년 8월 7일 00시,화요일,충청북도 제천시 청전동,중상사고,0,1,0,0,차대차 - 기타,신호위반,건조,맑음,교차로 - 교차로안,승용,남,24세,상해없음,승용,여,44세,중상
2012080700100012,2012년 8월 7일 00시,화요일,충청북도 청주시 흥덕구 사창동,경상사고,0,0,1,0,차대사람 - 길가장자리구역통행중,안전운전불이행,건조,맑음,교차로 - 교차로부근,승용,남,19세,상해없음,보행자,남,27세,경상
2012080700100064,2012년 8월 7일 04시,화요일,충청북도 청원군 가덕면,중상사고,0,1,0,0,차량단독 - 도로외이탈 - 기타,안전운전불이행,건조,맑음,단일로 - 기타,화물,남,34세,중상,,,,
2012080700100153,2012년 8월 7일 09시,화요일,충청북도 청원군 남이면,경상사고,0,0,2,0,차대차 - 측면직각충돌,안전운전불이행,건조,맑음,교차로 - 교차로부근,화물,남,47세,상해없음,화물,남,35세,경상
2012080700100204,2012년 8월 7일 11시,화요일,충청북도 옥천군 옥천읍,부상신고사고,0,0,0,1,차대차 - 추돌 - 진행중,안전운전불이행,건조,맑음,단일로 - 기타,이륜,남,74세,부상신고,승용,남,54세,상해없음
2012080700100205,2012년 8월 7일 11시,화요일,충청북도 청주시 흥덕구 봉명동,경상사고,0,0,2,0,차대차 - 측면직각충돌,신호위반,건조,맑음,교차로 - 교차로안,승용,여,26세,상해없음,승용,남,50세,경상
2012080700100235,2012년 8월 7일 12시,화요일,충청북도 청주시 흥덕구 복대동,경상사고,0,0,1,0,차대차 - 측면직각충돌,안전운전불이행,건조,맑음,교차로 - 교차로안,이륜,남,69세,경상,승합,남,49세,상해없음
2012080700100264,2012년 8월 7일 13시,화요일,충청북도 충주시 수안보면,경상사고,0,0,1,1,차대차 - 추돌 - 진행중,중앙선침범,건조,맑음,단일로 - 기타,승합,남,57세,부상신고,승용,남,53세,상해없음
2012080700100265,2012년 8월 7일 13시,화요일,충청북도 충주시 봉방동,경상사고,0,0,1,0,차대차 - 기타,안전거리미확보,건조,맑음,단일로 - 기타,화물,남,20세,상해없음,승용,남,55세,상해없음
2012080700100296,2012년 8월 7일 14시,화요일,충청북도 영동군 심천면,중상사고,0,1,1,0,차대차 - 기타,불법유턴,건조,맑음,교차로 - 교차로안,화물,여,63세,경상,이륜,남,34세,중상
2012080700100322,2012년 8월 7일 15시,화요일,충청북도 청주시 흥덕구 석소동,중상사고,0,2,0,0,차대차 - 추돌 - 진행중,안전운전불이행,건조,맑음,단일로 - 기타,승용,남,54세,상해없음,승용,남,25세,중상
2012080700100354,2012년 8월 7일 16시,화요일,충청북도 청주시 상당구 내덕동,경상사고,0,0,1,0,차대차 - 측면직각충돌,안전운전불이행,건조,맑음,단일로 - 기타,승용,남,58세,상해없음,자전거,남,12세,경상
2012080700100355,2012년 8월 7일 16시,화요일,충청북도 청주시 흥덕구 사창동,경상사고,0,0,1,0,차대사람 - 길가장자리구역통행중,안전운전불이행,건조,맑음,단일로 - 기타,승용,남,50세,상해없음,보행자,여,52세,경상
2012080700100356,2012년 8월 7일 16시,화요일,충청북도 청원군 남이면,경상사고,0,0,5,0,차대차 - 추돌 - 진행중,안전운전불이행,건조,맑음,단일로 - 기타,승용,여,50세,경상,승용,여,51세,경상
2012080700100396,2012년 8월 7일 17시,화요일,충청북도 충주시 연수동,중상사고,0,1,0,0,차대차 - 측면직각충돌,직진우회전진행방해,건조,맑음,교차로 - 교차로안,승용,남,50세,상해없음,승용,여,56세,중상
2012080700100397,2012년 8월 7일 17시,화요일,충청북도 충주시 산척면,부상신고사고,0,0,0,1,차대차 - 추돌 - 진행중,안전운전불이행,건조,맑음,단일로 - 기타,승용,남,71세,부상신고,화물,남,46세,상해없음
2012080700100398,2012년 8월 7일 17시,화요일,충청북도 음성군 금왕읍,중상사고,0,1,1,0,차대차 - 측면직각충돌,교차로운행방법위반,건조,맑음,교차로 - 교차로안,승용,여,43세,중상,승합,남,56세,경상
2012080700100399,2012년 8월 7일 17시,화요일,충청북도 음성군 금왕읍,중상사고,0,2,1,0,차대차 - 기타,안전운전불이행,건조,맑음,교차로 - 교차로안,승용,남,35세,중상,화물,남,51세,경상
2012080700100400,2012년 8월 7일 17시,화요일,충청북도 청주시 흥덕구 가경동,중상사고,0,1,0,0,차대사람 - 횡단중,보행자보호의무위반,건조,맑음,교차로 - 교차로부근,화물,남,46세,상해없음,보행자,남,9세,중상
2012080700100442,2012년 8월 7일 18시,화요일,충청북도 청주시 상당구 영동,경상사고,0,0,1,0,차대차 - 측면직각충돌,안전거리미확보,건조,맑음,교차로 - 교차로부근,승합,남,63세,상해없음,승용,남,56세,경상
2012080700100443,2012년 8월 7일 18시,화요일,충청북도 음성군 삼성면,중상사고,0,1,0,0,차대차 - 기타,중앙선침범,건조,맑음,교차로 - 교차로안,이륜,여,66세,중상,화물,남,49세,상해없음
2012080700100481,2012년 8월 7일 19시,화요일,충청북도 청주시 흥덕구 가경동,중상사고,0,1,0,0,차대차 - 측면직각충돌,기타,건조,맑음,단일로 - 기타,승용,여,50세,상해없음,이륜,남,18세,중상
2012080700100524,2012년 8월 7일 20시,화요일,충청북도 옥천군 옥천읍,중상사고,0,1,0,0,차대차 - 추돌 - 진행중,안전운전불이행,건조,맑음,교차로 - 교차로부근,이륜,남,31세,중상,화물,남,56세,상해없음
2012080700100525,2012년 8월 7일 20시,화요일,충청북도 청주시 흥덕구 사직동,경상사고,0,0,1,0,차대차 - 측면직각충돌,신호위반,건조,맑음,교차로 - 교차로부근,승합,남,39세,상해없음,이륜,남,25세,경상
2012080700100599,2012년 8월 7일 22시,화요일,충청북도 제천시 서부동,경상사고,0,0,1,0,차대차 - 기타,안전거리미확보,습기,비,교차로 - 교차로부근,승용,여,46세,상해없음,승용,남,62세,경상
2012080700100600,2012년 8월 7일 22시,화요일,충청북도 옥천군 옥천읍,중상사고,0,1,0,0,차량단독 - 기타,안전운전불이행,건조,맑음,단일로 - 기타,승용,남,29세,중상,,,,
2012080700100636,2012년 8월 7일 23시,화요일,충청북도 충주시 연수동,중상사고,0,1,1,0,차대차 - 정면충돌,중앙선침범,건조,맑음,단일로 - 기타,승용,남,24세,경상,승용,남,53세,중상
2012080700100637,2012년 8월 7일 23시,화요일,충청북도 청주시 흥덕구 사직동,경상사고,0,0,1,0,차대차 - 측면직각충돌,안전운전불이행,건조,맑음,교차로 - 교차로안,승용,남,25세,상해없음,이륜,남,22세,경상
2012080800100008,2012년 8월 8일 00시,수요일,충청북도 청주시 상당구 용암동,경상사고,0,0,1,0,차대사람 - 횡단중,안전운전불이행,건조,맑음,단일로 - 기타,이륜,남,17세,상해없음,보행자,남,18세,경상
2012080800100061,2012년 8월 8일 05시,수요일,충청북도 제천시 봉양읍,중상사고,0,1,0,0,차대차 - 추돌 - 진행중,안전운전불이행,건조,맑음,단일로 - 기타,화물,남,53세,상해없음,화물,남,43세,중상
2012080800100089,2012년 8월 8일 07시,수요일,충청북도 청주시 흥덕구 성화동,경상사고,0,0,1,0,차대차 - 측면직각충돌,교차로운행방법위반,건조,맑음,교차로 - 교차로안,승용,남,40세,상해없음,승용,여,45세,경상
2012080800100112,2012년 8월 8일 08시,수요일,충청북도 제천시 장락동,경상사고,0,0,1,0,차대차 - 기타,안전운전불이행,건조,맑음,교차로 - 교차로부근,승용,남,34세,상해없음,승합,남,34세,경상
2012080800100113,2012년 8월 8일 08시,수요일,충청북도 청주시 흥덕구 봉명동,중상사고,0,1,0,0,차대사람 - 기타,안전운전불이행,건조,맑음,교차로 - 교차로안,승합,남,50세,상해없음,보행자,남,65세,중상
2012080800100144,2012년 8월 8일 09시,수요일,충청북도 충주시 봉방동,경상사고,0,0,1,0,차대차 - 측면직각충돌,직진우회전진행방해,건조,맑음,교차로 - 교차로안,승용,남,66세,상해없음,원동기,남,52세,경상
2012080800100145,2012년 8월 8일 09시,수요일,충청북도 보은군 속리산면,경상사고,0,0,2,0,차대차 - 측면직각충돌,중앙선침범,건조,맑음,단일로 - 기타,화물,남,74세,상해없음,화물,여,46세,경상
2012080800100181,2012년 8월 8일 10시,수요일,충청북도 영동군 양산면,중상사고,0,1,0,0,차대차 - 정면충돌,중앙선침범,건조,맑음,단일로 - 기타,승용,남,50세,상해없음,승용,남,68세,중상
2012080800100208,2012년 8월 8일 11시,수요일,충청북도 청주시 상당구 금천동,경상사고,0,0,1,0,차대차 - 측면직각충돌,안전운전불이행,건조,맑음,교차로 - 교차로부근,승용,남,37세,상해없음,승용,남,52세,경상
2012080800100209,2012년 8월 8일 11시,수요일,충청북도 충주시 칠금동,중상사고,0,1,0,0,차대차 - 측면직각충돌,안전운전불이행,건조,맑음,교차로 - 교차로안,승용,남,45세,상해없음,승용,여,31세,중상
2012080800100211,2012년 8월 8일 11시,수요일,충청북도 영동군 황간면,중상사고,0,1,0,1,차량단독 - 전도전복,안전운전불이행,건조,맑음,단일로 - 기타,화물,남,45세,부상신고,,,,
2012080800100235,2012년 8월 8일 12시,수요일,충청북도 청주시 흥덕구 분평동,중상사고,0,1,0,0,차대차 - 측면직각충돌,신호위반,건조,맑음,교차로 - 교차로안,기타불명,기타불명,기타불명,기타불명,이륜,남,44세,중상
2012080800100257,2012년 8월 8일 13시,수요일,충청북도 제천시 의림동,중상사고,0,1,1,0,차대차 - 기타,직진우회전진행방해,건조,맑음,교차로 - 교차로안,승용,여,51세,상해없음,승용,남,59세,상해없음
2012080800100282,2012년 8월 8일 14시,수요일,충청북도 청주시 상당구 영운동,경상사고,0,0,1,0,차대사람 - 횡단중,안전운전불이행,건조,맑음,교차로 - 교차로안,기타불명,기타불명,기타불명,기타불명,보행자,여,75세,경상
2012080800100346,2012년 8월 8일 16시,수요일,충청북도 청주시 흥덕구 가경동,중상사고,0,2,0,1,차대차 - 측면직각충돌,중앙선침범,건조,맑음,단일로 - 기타,승용,남,70세,상해없음,승용,남,29세,중상
2012080800100348,2012년 8월 8일 16시,수요일,충청북도 청원군 현도면,경상사고,0,0,2,0,차대차 - 추돌 - 진행중,안전운전불이행,건조,맑음,단일로 - 기타,승합,남,52세,경상,승용,남,41세,경상
2012080800100376,2012년 8월 8일 17시,수요일,충청북도 청원군 내수읍,중상사고,0,1,0,0,차대차 - 측면직각충돌,안전운전불이행,건조,맑음,교차로 - 교차로안,승용,여,58세,상해없음,자전거,여,10세,중상
2012080800100377,2012년 8월 8일 17시,수요일,충청북도 충주시 충인동,경상사고,0,0,1,0,차대차 - 추돌 - 진행중,기타,건조,맑음,단일로 - 기타,승용,남,72세,상해없음,승용,남,42세,경상
2012080800100413,2012년 8월 8일 18시,수요일,충청북도 청주시 흥덕구 송정동,경상사고,0,0,1,0,차대차 - 측면직각충돌,안전운전불이행,건조,맑음,교차로 - 교차로부근,화물,남,29세,상해없음,화물,남,37세,경상
2012080800100448,2012년 8월 8일 19시,수요일,충청북도 충주시 교현동,경상사고,0,0,1,0,차대차 - 측면직각충돌,안전운전불이행,건조,맑음,단일로 - 기타,승용,여,41세,상해없음,자전거,남,16세,경상
2012080800100449,2012년 8월 8일 19시,수요일,충청북도 제천시 남천동,경상사고,0,0,4,0,차대차 - 측면직각충돌,직진우회전진행방해,건조,맑음,교차로 - 교차로안,승용,여,56세,상해없음,승용,여,42세,경상
2012080800100450,2012년 8월 8일 19시,수요일,충청북도 청주시 흥덕구 사창동,경상사고,0,0,1,0,차대사람 - 기타,안전운전불이행,건조,맑음,단일로 - 기타,승합,남,38세,상해없음,보행자,여,22세,경상
2012080800100516,2012년 8월 8일 21시,수요일,충청북도 청주시 상당구 서문동,중상사고,0,1,0,0,차대사람 - 횡단중,안전운전불이행,건조,맑음,단일로 - 기타,승용,여,47세,상해없음,보행자,여,41세,중상
2012080800100517,2012년 8월 8일 21시,수요일,충청북도 청주시 흥덕구 분평동,경상사고,0,0,2,0,차대차 - 추돌 - 진행중,안전운전불이행,건조,맑음,교차로 - 교차로안,승용,남,47세,상해없음,승용,여,29세,경상
2012080800100545,2012년 8월 8일 22시,수요일,충청북도 청원군 오창읍,중상사고,0,1,0,0,차대사람 - 기타,안전운전불이행,건조,맑음,교차로 - 교차로안,승용,남,32세,상해없음,보행자,남,51세,중상
2012080800100546,2012년 8월 8일 22시,수요일,충청북도 청주시 흥덕구 복대동,경상사고,0,0,1,0,차대차 - 추돌 - 진행중,안전운전불이행,건조,맑음,교차로 - 교차로부근,승용,남,39세,상해없음,이륜,남,24세,경상
2012080900100008,2012년 8월 9일 00시,목요일,충청북도 충주시 목행동,경상사고,0,0,1,0,차대차 - 측면직각충돌,안전거리미확보,건조,맑음,단일로 - 기타,화물,남,55세,상해없음,승용,남,55세,경상
2012080900100009,2012년 8월 9일 00시,목요일,충청북도 충주시 용산동,중상사고,0,1,0,0,차대차 - 추돌 - 진행중,안전운전불이행,건조,맑음,단일로 - 기타,승용,남,53세,상해없음,승용,여,53세,중상
2012080900100033,2012년 8월 9일 02시,목요일,충청북도 청주시 흥덕구 비하동,중상사고,0,1,0,0,차량단독 - 공작물충돌,안전운전불이행,건조,맑음,교차로 - 교차로부근,승용,남,27세,상해없음,,,,