사고번호,사고일시,요일,시군구,사고내용,사망자수,중상자수,경상자수,부상신고자수,사고유형,법규위반,노면상태,기상상태,도로형태,가해운전자 차종,가해운전자 성별,가해운전자 연령,가해운전자 상해정도,피해운전자 차종,피해운전자 성별,피해운전자 연령,피해운전자 상해정도
2012083000100328,2012년 8월 30일 15시,목요일,충청북도 음성군 대소면,중상사고,0,1,0,0,차대차 - 측면직각충돌,교차로운행방법위반,습기,비,교차로 - 교차로안,화물,남,36세,상해없음,화물,남,64세,중상
2012083000100329,2012년 8월 30일 15시,목요일,충청북도 청원군 남일면,경상사고,0,0,1,0,차량단독 - 공작물충돌,안전운전불이행,습기,비,단일로 - 기타,승용,남,49세,상해없음,,,,
2012083000100476,2012년 8월 30일 20시,목요일,충청북도 청주시 상당구 내덕동,경상사고,0,0,3,0,차대차 - 측면직각충돌,중앙선침범,습기,흐림,교차로 - 교차로부근,승용,남,55세,상해없음,승용,남,23세,경상
2012083000100477,2012년 8월 30일 20시,목요일,충청북도 괴산군 괴산읍,중상사고,0,1,0,0,차대차 - 추돌 - 주정차중,안전운전불이행,습기,비,교차로 - 교차로안,승용,남,60세,상해없음,승용,여,51세,중상
2012083000100588,2012년 8월 30일 23시,목요일,충청북도 제천시 명동,경상사고,0,0,1,0,차대차 - 정면충돌,중앙선침범,습기,비,교차로 - 교차로부근,화물,남,55세,상해없음,승용,남,32세,경상
2012083000100589,2012년 8월 30일 23시,목요일,충청북도 청주시 흥덕구 봉명동,경상사고,0,0,3,0,차대차 - 기타,안전운전불이행,건조,맑음,교차로 - 교차로부근,승용,남,25세,상해없음,승용,남,30세,경상
2012083000100590,2012년 8월 30일 23시,목요일,충청북도 청원군 남이면,경상사고,0,0,1,0,차대차 - 추돌 - 진행중,안전운전불이행,건조,맑음,교차로 - 교차로안,화물,남,55세,상해없음,승합,남,59세,경상
2012083100100011,2012년 8월 31일 00시,금요일,충청북도 충주시 교현동,경상사고,0,0,1,0,차대차 - 측면직각충돌,안전운전불이행,습기,비,교차로 - 교차로안,승용,남,25세,상해없음,승용,남,27세,경상
2012083100100012,2012년 8월 31일 00시,금요일,충청북도 충주시 봉방동,경상사고,0,0,2,0,차대차 - 측면직각충돌,직진우회전진행방해,습기,비,교차로 - 교차로안,승용,남,25세,경상,승용,남,37세,상해없음
2012083100100013,2012년 8월 31일 00시,금요일,충청북도 청주시 흥덕구 개신동,중상사고,0,1,2,0,차대차 - 기타,신호위반,건조,맑음,교차로 - 교차로안,승용,여,32세,상해없음,승용,남,31세,중상
2012083100100084,2012년 8월 31일 05시,금요일,충청북도 청원군 가덕면,중상사고,0,1,2,0,차대차 - 측면직각충돌,신호위반,건조,맑음,교차로 - 교차로안,화물,남,74세,경상,화물,남,66세,경상
2012083100100085,2012년 8월 31일 05시,금요일,충청북도 보은군 보은읍,경상사고,0,0,1,0,차대차 - 측면직각충돌,안전거리미확보,건조,맑음,단일로 - 기타,화물,남,42세,상해없음,화물,남,33세,경상
2012083100100112,2012년 8월 31일 07시,금요일,충청북도 청원군 오창읍,경상사고,0,0,1,0,차대차 - 측면직각충돌,안전운전불이행,건조,맑음,교차로 - 교차로부근,승용,여,56세,상해없음,승용,남,53세,경상
2012083100100151,2012년 8월 31일 08시,금요일,충청북도 청주시 상당구 서운동,경상사고,0,0,2,0,차대차 - 추돌 - 주정차중,안전운전불이행,건조,맑음,단일로 - 기타,승용,여,44세,상해없음,승용,여,38세,경상
2012083100100152,2012년 8월 31일 08시,금요일,충청북도 청원군 내수읍,경상사고,0,0,1,0,차대차 - 측면직각충돌,안전운전불이행,건조,맑음,교차로 - 교차로부근,화물,남,48세,상해없음,승용,여,39세,경상
2012083100100153,2012년 8월 31일 08시,금요일,충청북도 제천시 청전동,중상사고,0,2,0,0,차대차 - 기타,안전운전불이행,건조,맑음,교차로 - 교차로부근,승용,남,25세,상해없음,승용,여,25세,중상
2012083100100188,2012년 8월 31일 09시,금요일,충청북도 음성군 감곡면,중상사고,0,2,0,0,차대차 - 기타,교차로운행방법위반,건조,맑음,교차로 - 교차로안,원동기,남,19세,중상,화물,남,37세,상해없음
2012083100100189,2012년 8월 31일 09시,금요일,충청북도 청원군 가덕면,경상사고,0,0,1,0,차대차 - 측면직각충돌,교차로운행방법위반,건조,맑음,교차로 - 교차로안,화물,남,49세,상해없음,승용,남,57세,경상
2012083100100227,2012년 8월 31일 10시,금요일,충청북도 충주시 칠금동,중상사고,0,1,0,0,차대차 - 측면직각충돌,중앙선침범,건조,맑음,단일로 - 기타,승용,남,58세,상해없음,이륜,남,19세,중상
2012083100100228,2012년 8월 31일 10시,금요일,충청북도 청주시 흥덕구 지동동,경상사고,0,0,1,0,차대차 - 추돌 - 주정차중,안전운전불이행,건조,맑음,단일로 - 기타,승용,남,69세,상해없음,승용,여,35세,경상
2012083100100257,2012년 8월 31일 11시,금요일,충청북도 보은군 보은읍,경상사고,0,0,1,0,차대차 - 측면직각충돌,안전거리미확보,건조,맑음,단일로 - 기타,승용,남,57세,상해없음,승용,남,53세,경상
2012083100100258,2012년 8월 31일 11시,금요일,충청북도 청원군 남이면,경상사고,0,0,1,0,차대차 - 추돌 - 주정차중,안전운전불이행,건조,맑음,교차로 - 교차로부근,승용,여,51세,상해없음,승용,남,39세,경상
2012083100100381,2012년 8월 31일 16시,금요일,충청북도 청주시 흥덕구 봉명동,중상사고,0,1,0,0,차대차 - 측면직각충돌,기타,건조,맑음,교차로 - 교차로안,화물,남,40세,상해없음,승용,남,56세,중상
2012083100100418,2012년 8월 31일 17시,금요일,충청북도 청주시 흥덕구 봉명동,중상사고,0,1,0,0,차대사람 - 보도통행중,안전운전불이행,건조,맑음,교차로 - 교차로부근,화물,남,59세,상해없음,보행자,여,17세,중상
2012083100100463,2012년 8월 31일 18시,금요일,충청북도 청주시 흥덕구 신봉동,경상사고,0,0,1,0,차대차 - 추돌 - 진행중,신호위반,건조,맑음,교차로 - 교차로안,승용,남,54세,상해없음,승용,남,48세,경상
2012083100100515,2012년 8월 31일 19시,금요일,충청북도 충주시 주덕읍,경상사고,0,0,1,0,차대차 - 추돌 - 진행중,안전운전불이행,습기,비,단일로 - 기타,화물,남,35세,상해없음,승용,남,26세,상해없음
2012083100100562,2012년 8월 31일 20시,금요일,충청북도 청주시 상당구 내덕동,중상사고,0,1,0,0,차대사람 - 기타,안전운전불이행,건조,맑음,교차로 - 교차로부근,승용,남,46세,상해없음,보행자,여,74세,중상
2012083100100563,2012년 8월 31일 20시,금요일,충청북도 제천시 의림동,경상사고,0,0,1,0,차대차 - 기타,안전거리미확보,건조,맑음,단일로 - 기타,승용,남,53세,상해없음,원동기,남,22세,경상
2012083100100600,2012년 8월 31일 21시,금요일,충청북도 영동군 심천면,중상사고,0,1,0,0,차대사람 - 길가장자리구역통행중,안전운전불이행,건조,맑음,기타 - 기타,화물,남,60세,상해없음,보행자,여,66세,중상
2012083100100601,2012년 8월 31일 21시,금요일,충청북도 진천군 광혜원면,경상사고,0,0,1,0,차대사람 - 차도통행중,안전운전불이행,건조,맑음,단일로 - 기타,승용,여,47세,상해없음,보행자,여,23세,경상
2012083100100642,2012년 8월 31일 22시,금요일,충청북도 제천시 봉양읍,중상사고,0,2,0,0,차대차 - 기타,안전운전불이행,건조,흐림,미분류 - 미분류,승용,남,37세,상해없음,승용,남,25세,중상
2012090100100020,2012년 9월 1일 00시,토요일,충청북도 청주시 상당구 율량동,경상사고,0,0,1,0,차대차 - 측면직각충돌,신호위반,건조,맑음,교차로 - 교차로안,승용,남,32세,상해없음,승용,남,25세,경상
2012090100100052,2012년 9월 1일 01시,토요일,충청북도 청주시 상당구 북문로3가동,중상사고,0,1,0,0,차량단독 - 공작물충돌,안전운전불이행,건조,맑음,교차로 - 교차로안,승용,남,21세,중상,,,,
2012090100100053,2012년 9월 1일 01시,토요일,충청북도 증평군 증평읍,경상사고,0,0,1,0,차량단독 - 공작물충돌,안전운전불이행,건조,맑음,단일로 - 기타,승용,남,28세,경상,,,,
2012090100100054,2012년 9월 1일 01시,토요일,충청북도 청주시 흥덕구 강서동,중상사고,0,2,1,0,차대차 - 정면충돌,중앙선침범,건조,맑음,교차로 - 교차로부근,승용,남,33세,상해없음,승용,남,47세,중상
2012090100100084,2012년 9월 1일 02시,토요일,충청북도 진천군 이월면,경상사고,0,0,4,0,차량단독 - 공작물충돌,안전운전불이행,건조,맑음,단일로 - 기타,화물,남,18세,상해없음,,,,
2012090100100135,2012년 9월 1일 05시,토요일,충청북도 청주시 흥덕구 복대동,경상사고,0,0,2,0,차대차 - 추돌 - 진행중,안전운전불이행,건조,맑음,교차로 - 교차로안,승용,남,56세,상해없음,승용,남,41세,경상
2012090100100186,2012년 9월 1일 08시,토요일,충청북도 충주시 목행동,경상사고,0,0,1,0,차대차 - 추돌 - 진행중,안전거리미확보,건조,맑음,단일로 - 기타,승용,남,64세,상해없음,화물,남,44세,경상
2012090100100187,2012년 9월 1일 08시,토요일,충청북도 음성군 금왕읍,사망사고,1,2,4,0,차대차 - 측면직각충돌,신호위반,건조,맑음,교차로 - 교차로안,승용,남,59세,중상,화물,남,42세,경상
2012090100100231,2012년 9월 1일 10시,토요일,충청북도 청주시 상당구 석교동,중상사고,0,2,4,0,차대차 - 측면직각충돌,신호위반,건조,맑음,교차로 - 교차로안,승합,남,28세,상해없음,승용,남,55세,중상
2012090100100264,2012년 9월 1일 11시,토요일,충청북도 청주시 흥덕구 성화동,경상사고,0,0,2,0,차대차 - 측면직각충돌,안전운전불이행,건조,맑음,교차로 - 교차로안,승용,남,54세,상해없음,승용,여,44세,경상
2012090100100293,2012년 9월 1일 12시,토요일,충청북도 청주시 흥덕구 복대동,경상사고,0,0,1,0,차대사람 - 횡단중,보행자보호의무위반,건조,맑음,단일로 - 횡단보도상,승용,여,25세,상해없음,보행자,여,73세,경상
2012090100100294,2012년 9월 1일 12시,토요일,충청북도 청주시 흥덕구 개신동,중상사고,0,1,0,0,차대사람 - 횡단중,신호위반,건조,맑음,교차로 - 교차로부근,이륜,남,22세,상해없음,보행자,여,64세,중상
2012090100100325,2012년 9월 1일 13시,토요일,충청북도 제천시 남천동,경상사고,0,0,9,0,차대차 - 측면직각충돌,직진우회전진행방해,건조,맑음,교차로 - 교차로안,승합,남,20세,상해없음,승용,여,49세,경상
2012090100100359,2012년 9월 1일 14시,토요일,충청북도 제천시 하소동,중상사고,0,1,0,0,차대차 - 측면직각충돌,신호위반,건조,맑음,교차로 - 교차로안,승용,남,38세,상해없음,원동기,남,54세,중상
2012090100100390,2012년 9월 1일 15시,토요일,충청북도 괴산군 청안면,경상사고,0,0,1,0,차량단독 - 전도전복,안전운전불이행,건조,맑음,단일로 - 기타,승용,남,28세,경상,,,,
2012090100100503,2012년 9월 1일 18시,토요일,충청북도 청주시 흥덕구 사창동,경상사고,0,0,1,0,차대차 - 측면직각충돌,안전운전불이행,건조,맑음,교차로 - 교차로부근,화물,남,59세,상해없음,승용,여,41세,경상
2012090100100535,2012년 9월 1일 19시,토요일,충청북도 음성군 음성읍,중상사고,0,2,0,0,차대차 - 기타,신호위반,습기,비,교차로 - 교차로안,원동기,남,16세,중상,화물,남,67세,중상
2012090100100573,2012년 9월 1일 20시,토요일,충청북도 청주시 흥덕구 비하동,중상사고,0,2,1,0,차대차 - 추돌 - 진행중,안전운전불이행,건조,맑음,단일로 - 기타,승용,남,38세,상해없음,승용,여,38세,상해없음
2012090100100606,2012년 9월 1일 21시,토요일,충청북도 충주시 교현동,경상사고,0,0,2,0,차대차 - 측면직각충돌,신호위반,습기,맑음,교차로 - 교차로안,승용,남,67세,상해없음,승용,남,25세,경상
2012090100100645,2012년 9월 1일 22시,토요일,충청북도 청주시 상당구 사천동,경상사고,0,0,1,0,차대사람 - 횡단중,안전운전불이행,건조,맑음,교차로 - 교차로안,기타불명,기타불명,기타불명,기타불명,보행자,남,22세,경상
2012090100100646,2012년 9월 1일 22시,토요일,충청북도 청원군 내수읍,경상사고,0,0,1,0,차량단독 - 공작물충돌,안전운전불이행,건조,맑음,단일로 - 기타,승합,여,27세,상해없음,,,,
2012090100100647,2012년 9월 1일 22시,토요일,충청북도 충주시 문화동,경상사고,0,0,1,0,차대차 - 추돌 - 주정차중,안전운전불이행,건조,흐림,단일로 - 기타,승용,남,53세,상해없음,승용,남,54세,상해없음
2012090100100648,2012년 9월 1일 22시,토요일,충청북도 청원군 옥산면,경상사고,0,0,3,0,차대차 - 추돌 - 진행중,안전운전불이행,습기,비,단일로 - 교량,이륜,남,18세,경상,승용,여,53세,경상
2012090200100011,2012년 9월 2일 00시,일요일,충청북도 청주시 상당구 내덕동,중상사고,0,1,2,0,차대차 - 기타,안전운전불이행,건조,맑음,교차로 - 교차로부근,승합,남,48세,상해없음,승용,남,38세,중상
2012090200100012,2012년 9월 2일 00시,일요일,충청북도 영동군 용산면,중상사고,0,2,1,0,차대차 - 측면직각충돌,신호위반,건조,맑음,교차로 - 교차로안,승용,여,42세,중상,승용,남,24세,중상
2012090200100041,2012년 9월 2일 02시,일요일,충청북도 청주시 흥덕구 분평동,중상사고,0,1,3,0,차대차 - 기타,안전운전불이행,건조,흐림,교차로 - 교차로부근,화물,남,36세,상해없음,승용,남,53세,중상
2012090200100057,2012년 9월 2일 03시,일요일,충청북도 제천시 명동,중상사고,0,1,0,0,차대사람 - 기타,안전운전불이행,건조,흐림,단일로 - 기타,기타불명,기타불명,기타불명,기타불명,보행자,남,43세,중상
2012090200100093,2012년 9월 2일 06시,일요일,충청북도 단양군 매포읍,중상사고,0,1,0,0,차량단독 - 공작물충돌,안전운전불이행,건조,맑음,단일로 - 기타,승용,남,33세,중상,,,,
2012090200100108,2012년 9월 2일 07시,일요일,충청북도 청주시 상당구 서운동,경상사고,0,0,1,0,차대차 - 측면직각충돌,안전운전불이행,건조,맑음,단일로 - 기타,승용,남,55세,상해없음,승용,남,66세,경상
2012090200100109,2012년 9월 2일 07시,일요일,충청북도 충주시 풍동,중상사고,0,1,0,0,차대차 - 측면직각충돌,안전운전불이행,건조,맑음,단일로 - 기타,승용,남,73세,상해없음,원동기,남,72세,중상
2012090200100128,2012년 9월 2일 08시,일요일,충청북도 충주시 교현동,중상사고,0,1,0,0,차대차 - 측면직각충돌,안전운전불이행,건조,맑음,단일로 - 기타,승용,남,22세,상해없음,자전거,여,57세,중상
2012090200100144,2012년 9월 2일 09시,일요일,충청북도 음성군 생극면,중상사고,0,1,2,0,차대차 - 측면직각충돌,안전운전불이행,건조,맑음,단일로 - 기타,승용,여,49세,경상,화물,남,64세,경상
2012090200100164,2012년 9월 2일 10시,일요일,충청북도 영동군 학산면,중상사고,0,1,0,0,차대차 - 기타,안전운전불이행,건조,맑음,단일로 - 기타,이륜,남,66세,중상,승용,남,82세,상해없음
2012090200100190,2012년 9월 2일 11시,일요일,충청북도 청원군 오창읍,사망사고,1,0,0,0,차대차 - 기타,교차로운행방법위반,건조,맑음,교차로 - 교차로안,이륜,남,55세,사망,승용,남,62세,상해없음
2012090200100191,2012년 9월 2일 11시,일요일,충청북도 충주시 교현동,중상사고,0,2,1,0,차대차 - 측면직각충돌,신호위반,건조,맑음,교차로 - 교차로안,승용,여,44세,상해없음,승용,여,41세,경상
2012090200100192,2012년 9월 2일 11시,일요일,충청북도 단양군 단양읍,경상사고,0,0,3,0,차대차 - 측면직각충돌,직진우회전진행방해,건조,맑음,단일로 - 기타,승용,남,27세,상해없음,승용,남,40세,경상
2012090200100254,2012년 9월 2일 14시,일요일,충청북도 영동군 상촌면,중상사고,0,1,1,0,차대차 - 정면충돌,안전운전불이행,건조,맑음,단일로 - 기타,승용,여,39세,상해없음,화물,남,47세,중상
2012090200100255,2012년 9월 2일 14시,일요일,충청북도 음성군 생극면,중상사고,0,2,1,0,차대차 - 측면직각충돌,신호위반,건조,맑음,교차로 - 교차로안,승용,남,38세,상해없음,승용,여,27세,경상
2012090200100291,2012년 9월 2일 15시,일요일,충청북도 충주시 금릉동,부상신고사고,0,0,0,1,차대차 - 추돌 - 진행중,안전거리미확보,건조,맑음,단일로 - 기타,승용,남,49세,상해없음,승용,미분류,28세,상해없음
2012090200100385,2012년 9월 2일 18시,일요일,충청북도 청주시 상당구 우암동,경상사고,0,0,1,0,차대차 - 측면직각충돌,차로위반,건조,맑음,교차로 - 교차로안,승용,여,47세,기타불명,승용,남,41세,경상
2012090200100418,2012년 9월 2일 19시,일요일,충청북도 청주시 흥덕구 개신동,경상사고,0,0,1,0,차대차 - 측면직각충돌,중앙선침범,건조,맑음,단일로 - 기타,승용,남,55세,기타불명,원동기,남,23세,경상
2012090200100449,2012년 9월 2일 20시,일요일,충청북도 청주시 흥덕구 복대동,경상사고,0,0,1,0,차대차 - 측면직각충돌,신호위반,건조,맑음,교차로 - 교차로안,원동기,남,32세,상해없음,승용,남,41세,상해없음
2012090200100483,2012년 9월 2일 21시,일요일,충청북도 충주시 앙성면,중상사고,0,1,0,0,차량단독 - 공작물충돌,안전운전불이행,건조,맑음,단일로 - 기타,승용,남,50세,중상,,,,
2012090200100484,2012년 9월 2일 21시,일요일,충청북도 청주시 흥덕구 성화동,경상사고,0,0,1,0,차대차 - 기타,안전운전불이행,건조,맑음,단일로 - 기타,승용,남,39세,상해없음,승용,남,30세,경상
2012090200100509,2012년 9월 2일 22시,일요일,충청북도 청주시 흥덕구 비하동,경상사고,0,0,1,0,차대차 - 측면직각충돌,교차로운행방법위반,건조,맑음,교차로 - 교차로안,승용,남,56세,상해없음,이륜,남,38세,경상
2012090200100522,2012년 9월 2일 23시,일요일,충청북도 청주시 흥덕구 수곡동,경상사고,0,0,1,0,차대차 - 측면직각충돌,신호위반,건조,맑음,단일로 - 기타,승용,남,23세,상해없음,승합,남,25세,경상
2012090300100021,2012년 9월 3일 01시,월요일,충청북도 청주시 상당구 영운동,중상사고,0,1,0,0,차대사람 - 길가장자리구역통행중,안전운전불이행,건조,맑음,단일로 - 기타,승용,남,58세,상해없음,보행자,남,49세,중상
2012090300100076,2012년 9월 3일 07시,월요일,충청북도 청주시 상당구 남문로2가동,경상사고,0,0,1,0,차대사람 - 횡단중,안전운전불이행,건조,맑음,단일로 - 기타,기타불명,기타불명,기타불명,기타불명,보행자,남,80세,경상
2012090300100119,2012년 9월 3일 08시,월요일,충청북도 증평군 증평읍,경상사고,0,0,5,0,차대차 - 측면직각충돌,신호위반,건조,맑음,교차로 - 교차로안,승용,여,42세,경상,승용,여,32세,경상
2012090300100148,2012년 9월 3일 09시,월요일,충청북도 청주시 상당구 영운동,경상사고,0,0,1,0,차대차 - 추돌 - 진행중,안전운전불이행,건조,맑음,교차로 - 교차로부근,승합,남,59세,상해없음,승용,남,46세,경상
2012090300100260,2012년 9월 3일 13시,월요일,충청북도 옥천군 군북면,경상사고,0,0,6,0,차대차 - 추돌 - 진행중,안전운전불이행,건조,맑음,단일로 - 기타,승합,남,54세,상해없음,승용,남,55세,경상
2012090300100262,2012년 9월 3일 13시,월요일,충청북도 청원군 낭성면,경상사고,0,0,1,0,차대차 - 측면직각충돌,기타,건조,맑음,교차로 - 교차로안,이륜,남,76세,경상,승용,남,68세,상해없음
2012090300100264,2012년 9월 3일 13시,월요일,충청북도 청원군 남이면,경상사고,0,0,1,0,차대차 - 측면직각충돌,안전운전불이행,건조,맑음,단일로 - 기타,승용,남,57세,상해없음,승용,남,33세,경상
2012090300100330,2012년 9월 3일 15시,월요일,충청북도 제천시 송학면,중상사고,0,1,2,0,차대차 - 기타,안전운전불이행,건조,맑음,교차로 - 교차로부근,승용,남,28세,중상,건설기계,남,66세,상해없음
2012090300100331,2012년 9월 3일 15시,월요일,충청북도 옥천군 안내면,중상사고,0,1,2,0,차대차 - 측면직각충돌,중앙선침범,건조,맑음,단일로 - 기타,승용,남,48세,상해없음,승용,남,46세,경상
2012090300100407,2012년 9월 3일 17시,월요일,충청북도 제천시 청전동,경상사고,0,0,1,0,차대차 - 측면직각충돌,기타,건조,맑음,교차로 - 교차로안,승용,여,27세,상해없음,승용,남,47세,경상
2012090300100408,2012년 9월 3일 17시,월요일,충청북도 제천시 장락동,경상사고,0,0,1,0,차대사람 - 기타,안전운전불이행,건조,맑음,단일로 - 기타,승용,여,49세,상해없음,보행자,남,7세,경상
2012090300100409,2012년 9월 3일 17시,월요일,충청북도 음성군 삼성면,중상사고,0,1,0,0,차대사람 - 횡단중,안전운전불이행,건조,맑음,단일로 - 기타,승용,남,55세,상해없음,보행자,여,7세,중상
2012090300100434,2012년 9월 3일 18시,월요일,충청북도 청주시 흥덕구 사창동,경상사고,0,0,1,0,차대차 - 측면직각충돌,안전운전불이행,건조,맑음,단일로 - 기타,화물,남,43세,상해없음,승용,남,51세,경상
2012090300100435,2012년 9월 3일 18시,월요일,충청북도 청주시 흥덕구 분평동,경상사고,0,0,1,0,차대사람 - 기타,안전운전불이행,건조,맑음,단일로 - 기타,승용,여,47세,상해없음,보행자,남,9세,경상
2012090300100477,2012년 9월 3일 19시,월요일,충청북도 청주시 상당구 북문로1가동,경상사고,0,0,1,0,차대차 - 기타,교차로운행방법위반,건조,맑음,교차로 - 교차로안,승용,남,55세,상해없음,승용,남,59세,상해없음
2012090300100478,2012년 9월 3일 19시,월요일,충청북도 충주시 교현동,중상사고,0,1,0,0,차대사람 - 횡단중,안전운전불이행,건조,맑음,단일로 - 기타,승용,남,52세,상해없음,보행자,남,78세,중상
2012090300100479,2012년 9월 3일 19시,월요일,충청북도 충주시 교현동,경상사고,0,0,1,0,차대차 - 측면직각충돌,신호위반,건조,맑음,교차로 - 교차로안,승용,남,71세,상해없음,이륜,남,26세,경상
2012090300100480,2012년 9월 3일 19시,월요일,충청북도 괴산군 청천면,중상사고,0,2,0,0,차량단독 - 공작물충돌,안전운전불이행,건조,맑음,단일로 - 기타,화물,남,54세,중상,,,,
2012090300100481,2012년 9월 3일 19시,월요일,충청북도 음성군 감곡면,중상사고,0,2,0,0,차대차 - 기타,차로위반,건조,맑음,단일로 - 기타,승용,남,21세,중상,화물,남,35세,중상
2012090300100518,2012년 9월 3일 20시,월요일,충청북도 청주시 상당구 사천동,경상사고,0,0,3,0,차대차 - 측면직각충돌,신호위반,건조,맑음,교차로 - 교차로안,승용,여,47세,경상,승용,남,33세,경상
2012090300100519,2012년 9월 3일 20시,월요일,충청북도 충주시 금릉동,부상신고사고,0,0,0,1,차대차 - 추돌 - 주정차중,안전운전불이행,건조,맑음,교차로 - 교차로부근,승용,남,57세,부상신고,건설기계,남,37세,상해없음
2012090300100520,2012년 9월 3일 20시,월요일,충청북도 음성군 대소면,경상사고,0,0,2,0,차대차 - 추돌 - 진행중,안전거리미확보,건조,맑음,단일로 - 기타,승용,남,45세,상해없음,화물,남,56세,경상
2012090300100521,2012년 9월 3일 20시,월요일,충청북도 청주시 흥덕구 사직동,중상사고,0,1,0,0,차대차 - 추돌 - 주정차중,안전거리미확보,건조,맑음,교차로 - 교차로부근,승용,남,46세,상해없음,승용,여,35세,중상
2012090300100556,2012년 9월 3일 21시,월요일,충청북도 보은군 수한면,경상사고,0,0,1,0,차량단독 - 전도전복,안전운전불이행,건조,맑음,단일로 - 기타,자전거,남,52세,경상,,,,
2012090300100594,2012년 9월 3일 22시,월요일,충청북도 충주시 단월동,경상사고,0,0,1,0,차량단독 - 기타,안전운전불이행,건조,맑음,단일로 - 기타,이륜,남,18세,상해없음,,,,
2012090300100595,2012년 9월 3일 22시,월요일,충청북도 음성군 감곡면,중상사고,0,1,0,0,차대차 - 추돌 - 진행중,안전운전불이행,건조,맑음,단일로 - 기타,화물,남,42세,상해없음,화물,남,48세,중상
2012090300100596,2012년 9월 3일 22시,월요일,충청북도 청주시 흥덕구 분평동,중상사고,0,1,0,0,차대차 - 측면직각충돌,안전운전불이행,건조,맑음,교차로 - 교차로부근,이륜,남,20세,중상,승용,여,49세,상해없음
2012090400100014,2012년 9월 4일 01시,화요일,충청북도 보은군 수한면,경상사고,0,0,1,0,차량단독 - 공작물충돌,안전운전불이행,건조,흐림,단일로 - 기타,승용,남,26세,경상,,,,
2012090400100027,2012년 9월 4일 02시,화요일,충청북도 충주시 교현동,부상신고사고,0,0,0,1,차대차 - 추돌 - 주정차중,안전운전불이행,건조,맑음,단일로 - 기타,승용,남,33세,기타불명,승용,남,48세,상해없음
2012090400100051,2012년 9월 4일 05시,화요일,충청북도 제천시 중앙로2가,경상사고,0,0,1,0,차대차 - 기타,기타,건조,맑음,교차로 - 교차로부근,원동기,남,59세,경상,승용,남,38세,상해없음
2012090400100062,2012년 9월 4일 06시,화요일,충청북도 청주시 상당구 내덕동,중상사고,0,1,0,0,차대차 - 측면직각충돌,안전운전불이행,건조,맑음,교차로 - 교차로안,승용,남,68세,상해없음,원동기,남,74세,중상
2012090400100130,2012년 9월 4일 08시,화요일,충청북도 충주시 목행동,경상사고,0,0,2,0,차대차 - 추돌 - 진행중,안전운전불이행,건조,맑음,단일로 - 기타,화물,남,62세,상해없음,화물,남,69세,상해없음
2012090400100131,2012년 9월 4일 08시,화요일,충청북도 옥천군 옥천읍,부상신고사고,0,0,0,1,차대차 - 측면직각충돌,안전운전불이행,건조,흐림,교차로 - 교차로안,자전거,남,26세,부상신고,승용,여,43세,상해없음
2012090400100232,2012년 9월 4일 12시,화요일,충청북도 음성군 감곡면,중상사고,0,1,0,0,차대차 - 측면직각충돌,중앙선침범,습기,비,단일로 - 기타,원동기,남,34세,중상,승용,남,31세,상해없음
2012090400100257,2012년 9월 4일 13시,화요일,충청북도 영동군 황간면,사망사고,1,3,0,0,차대차 - 추돌 - 진행중,안전운전불이행,건조,맑음,기타 - 기타,승용,남,74세,상해없음,농기계,남,85세,중상
2012090400100258,2012년 9월 4일 13시,화요일,충청북도 음성군 대소면,중상사고,0,1,1,0,차대차 - 기타,차로위반,건조,맑음,교차로 - 교차로안,승용,남,39세,중상,화물,남,55세,경상
2012090400100259,2012년 9월 4일 13시,화요일,충청북도 진천군 진천읍,중상사고,0,1,3,0,차대차 - 추돌 - 진행중,안전운전불이행,습기,비,교차로 - 교차로안,승용,남,51세,상해없음,승용,여,42세,경상
2012090400100260,2012년 9월 4일 13시,화요일,충청북도 청주시 흥덕구 사직동,경상사고,0,0,1,0,차대차 - 기타,안전거리미확보,습기,비,단일로 - 기타,승용,남,51세,상해없음,이륜,남,59세,경상
2012090400100291,2012년 9월 4일 14시,화요일,충청북도 청원군 내수읍,경상사고,0,0,1,0,차대사람 - 횡단중,안전운전불이행,건조,맑음,단일로 - 기타,화물,남,26세,상해없음,보행자,여,72세,경상
2012090400100292,2012년 9월 4일 14시,화요일,충청북도 충주시 금릉동,경상사고,0,0,4,0,차대차 - 측면직각충돌,안전운전불이행,습기,비,단일로 - 기타,승용,남,41세,경상,승용,여,49세,경상
2012090400100319,2012년 9월 4일 15시,화요일,충청북도 보은군 회인면,중상사고,0,2,0,0,차대차 - 정면충돌,중앙선침범,습기,흐림,단일로 - 기타,화물,남,38세,상해없음,농기계,남,72세,중상
2012090400100348,2012년 9월 4일 16시,화요일,충청북도 청주시 흥덕구 사창동,경상사고,0,0,1,0,차대사람 - 횡단중,보행자보호의무위반,습기,흐림,단일로 - 횡단보도상,승용,여,29세,상해없음,보행자,남,9세,경상
2012090400100349,2012년 9월 4일 16시,화요일,충청북도 청주시 흥덕구 성화동,중상사고,0,1,0,0,차대차 - 기타,안전운전불이행,건조,맑음,단일로 - 기타,기타불명,기타불명,기타불명,기타불명,자전거,남,15세,중상
2012090400100392,2012년 9월 4일 17시,화요일,충청북도 청주시 흥덕구 사창동,경상사고,0,0,1,0,차대차 - 측면직각충돌,안전운전불이행,습기,비,단일로 - 기타,승용,남,58세,상해없음,승용,남,40세,경상