사고번호,사고일시,요일,시군구,사고내용,사망자수,중상자수,경상자수,부상신고자수,사고유형,법규위반,노면상태,기상상태,도로형태,가해운전자 차종,가해운전자 성별,가해운전자 연령,가해운전자 상해정도,피해운전자 차종,피해운전자 성별,피해운전자 연령,피해운전자 상해정도
2012091900100330,2012년 9월 19일 16시,수요일,충청북도 청주시 흥덕구 사창동,경상사고,0,0,2,0,차대차 - 기타,안전운전불이행,건조,맑음,단일로 - 기타,승용,남,50세,경상,승용,남,26세,경상
2012091900100331,2012년 9월 19일 16시,수요일,충청북도 청주시 흥덕구 분평동,중상사고,0,1,1,0,차대차 - 측면직각충돌,교차로운행방법위반,건조,맑음,교차로 - 교차로안,승용,남,28세,중상,승합,남,52세,경상
2012091900100370,2012년 9월 19일 17시,수요일,충청북도 음성군 음성읍,중상사고,0,1,0,0,차대사람 - 횡단중,보행자보호의무위반,건조,맑음,단일로 - 횡단보도상,승용,여,29세,상해없음,보행자,남,8세,중상
2012091900100415,2012년 9월 19일 18시,수요일,충청북도 충주시 연수동,경상사고,0,0,1,0,차대차 - 추돌 - 진행중,안전운전불이행,건조,맑음,단일로 - 기타,기타불명,기타불명,기타불명,기타불명,자전거,여,6세,경상
2012091900100461,2012년 9월 19일 19시,수요일,충청북도 충주시 연수동,중상사고,0,1,0,0,차대차 - 기타,안전운전불이행,건조,흐림,단일로 - 횡단보도상,승용,여,45세,상해없음,자전거,여,43세,중상
2012091900100462,2012년 9월 19일 19시,수요일,충청북도 충주시 금가면,부상신고사고,0,0,0,1,차대차 - 추돌 - 주정차중,안전운전불이행,건조,맑음,교차로 - 교차로부근,승용,남,62세,상해없음,승용,여,47세,부상신고
2012091900100463,2012년 9월 19일 19시,수요일,충청북도 증평군 증평읍,경상사고,0,0,1,0,차대차 - 측면직각충돌,신호위반,건조,맑음,교차로 - 교차로안,자전거,남,70세,경상,승용,여,29세,상해없음
2012091900100500,2012년 9월 19일 20시,수요일,충청북도 음성군 금왕읍,중상사고,0,1,0,0,차대차 - 기타,교차로운행방법위반,건조,맑음,교차로 - 교차로안,화물,남,48세,상해없음,원동기,남,31세,중상
2012091900100521,2012년 9월 19일 21시,수요일,충청북도 청주시 상당구 석교동,경상사고,0,0,3,0,차대차 - 측면직각충돌,신호위반,건조,맑음,교차로 - 교차로안,승용,남,41세,상해없음,승합,남,54세,경상
2012091900100550,2012년 9월 19일 22시,수요일,충청북도 청주시 상당구 용암동,경상사고,0,0,1,0,차대차 - 측면직각충돌,직진우회전진행방해,건조,맑음,교차로 - 교차로안,승용,여,41세,상해없음,원동기,남,16세,경상
2012091900100576,2012년 9월 19일 23시,수요일,충청북도 제천시 봉양읍,경상사고,0,0,1,0,차량단독 - 전도전복,안전운전불이행,건조,맑음,단일로 - 기타,승용,남,52세,기타불명,,,,
2012092000100016,2012년 9월 20일 00시,목요일,충청북도 청주시 상당구 금천동,중상사고,0,1,1,0,차대차 - 기타,안전운전불이행,건조,맑음,단일로 - 기타,승용,남,49세,상해없음,원동기,남,17세,중상
2012092000100088,2012년 9월 20일 06시,목요일,충청북도 제천시 청전동,경상사고,0,0,1,0,차대차 - 기타,직진우회전진행방해,건조,맑음,교차로 - 교차로안,승용,남,48세,상해없음,승용,남,64세,경상
2012092000100116,2012년 9월 20일 07시,목요일,충청북도 제천시 두학동,부상신고사고,0,0,0,1,차량단독 - 전도전복,안전운전불이행,건조,맑음,단일로 - 기타,승용,여,31세,부상신고,,,,
2012092000100181,2012년 9월 20일 09시,목요일,충청북도 음성군 소이면,중상사고,0,1,1,0,차대차 - 기타,안전운전불이행,건조,맑음,단일로 - 기타,화물,남,45세,상해없음,승용,여,44세,중상
2012092000100182,2012년 9월 20일 09시,목요일,충청북도 청원군 옥산면,중상사고,0,1,0,0,차대차 - 측면직각충돌,안전거리미확보,건조,맑음,단일로 - 기타,승용,남,27세,기타불명,승용,남,64세,중상
2012092000100204,2012년 9월 20일 10시,목요일,충청북도 청원군 내수읍,중상사고,0,1,0,0,차대차 - 기타,안전운전불이행,건조,맑음,단일로 - 기타,승용,남,19세,상해없음,자전거,남,19세,중상
2012092000100205,2012년 9월 20일 10시,목요일,충청북도 충주시 달천동,중상사고,0,1,0,0,차대차 - 정면충돌,신호위반,건조,맑음,교차로 - 교차로안,승용,여,36세,상해없음,승용,남,27세,중상
2012092000100229,2012년 9월 20일 11시,목요일,충청북도 제천시 청전동,중상사고,0,1,3,0,차대차 - 기타,기타,건조,맑음,교차로 - 교차로안,승용,남,26세,경상,승용,여,24세,중상
2012092000100254,2012년 9월 20일 12시,목요일,충청북도 진천군 진천읍,중상사고,0,1,0,0,차대사람 - 기타,안전운전불이행,건조,맑음,교차로 - 교차로안,승용,남,51세,기타불명,보행자,남,52세,중상
2012092000100276,2012년 9월 20일 13시,목요일,충청북도 음성군 감곡면,경상사고,0,0,2,0,차대차 - 측면직각충돌,안전운전불이행,건조,맑음,단일로 - 기타,화물,남,36세,상해없음,승용,남,19세,경상
2012092000100277,2012년 9월 20일 13시,목요일,충청북도 청주시 흥덕구 복대동,경상사고,0,0,1,0,차대차 - 기타,중앙선침범,건조,맑음,단일로 - 기타,기타불명,기타불명,기타불명,기타불명,기타불명,미분류,12세,기타불명
2012092000100308,2012년 9월 20일 14시,목요일,충청북도 충주시 금가면,중상사고,0,1,0,0,차대사람 - 길가장자리구역통행중,안전운전불이행,건조,맑음,단일로 - 교량,승용,남,52세,상해없음,보행자,여,36세,중상
2012092000100309,2012년 9월 20일 14시,목요일,충청북도 제천시 하소동,중상사고,0,1,0,0,차대사람 - 기타,안전운전불이행,건조,맑음,단일로 - 기타,농기계,남,55세,상해없음,보행자,여,67세,중상
2012092000100332,2012년 9월 20일 15시,목요일,충청북도 충주시 연수동,경상사고,0,0,3,0,차대차 - 추돌 - 진행중,직진우회전진행방해,건조,맑음,교차로 - 교차로안,승용,남,50세,경상,승용,남,31세,경상
2012092000100333,2012년 9월 20일 15시,목요일,충청북도 청주시 흥덕구 복대동,중상사고,0,1,0,0,차대사람 - 횡단중,신호위반,건조,맑음,교차로 - 교차로안,승용,여,23세,상해없음,보행자,여,13세,중상
2012092000100445,2012년 9월 20일 18시,목요일,충청북도 음성군 음성읍,중상사고,0,2,1,0,차대차 - 기타,신호위반,건조,맑음,교차로 - 교차로안,승용,여,52세,경상,승용,여,41세,중상
2012092000100446,2012년 9월 20일 18시,목요일,충청북도 진천군 진천읍,중상사고,0,2,0,0,차대차 - 측면직각충돌,안전운전불이행,습기,비,교차로 - 교차로안,승용,남,30세,상해없음,승용,여,32세,중상
2012092000100494,2012년 9월 20일 19시,목요일,충청북도 청원군 오창읍,경상사고,0,0,1,0,차대차 - 기타,안전운전불이행,건조,맑음,단일로 - 기타,이륜,남,54세,경상,승합,여,58세,기타불명
2012092000100495,2012년 9월 20일 19시,목요일,충청북도 청주시 상당구 용담동,경상사고,0,0,1,0,차대사람 - 기타,안전운전불이행,건조,맑음,단일로 - 기타,승용,남,24세,상해없음,보행자,여,39세,경상
2012092000100542,2012년 9월 20일 20시,목요일,충청북도 청주시 상당구 용담동,경상사고,0,0,1,0,차대차 - 추돌 - 주정차중,안전운전불이행,건조,맑음,단일로 - 기타,이륜,남,36세,경상,승용,남,57세,상해없음
2012092000100584,2012년 9월 20일 21시,목요일,충청북도 청주시 흥덕구 산남동,경상사고,0,0,3,0,차대차 - 추돌 - 진행중,불법유턴,건조,맑음,단일로 - 기타,승용,남,41세,기타불명,승용,남,32세,경상
2012092000100622,2012년 9월 20일 22시,목요일,충청북도 청주시 흥덕구 가경동,부상신고사고,0,0,0,1,차대차 - 기타,신호위반,건조,맑음,교차로 - 교차로안,기타불명,기타불명,기타불명,기타불명,승용,남,31세,상해없음
2012092100100028,2012년 9월 21일 01시,금요일,충청북도 충주시 용산동,경상사고,0,0,1,0,차대사람 - 차도통행중,안전운전불이행,건조,맑음,교차로 - 교차로안,승용,남,28세,상해없음,보행자,여,56세,경상
2012092100100039,2012년 9월 21일 02시,금요일,충청북도 청원군 옥산면,경상사고,0,0,2,0,차대차 - 정면충돌,중앙선침범,건조,맑음,교차로 - 교차로부근,화물,남,45세,상해없음,승용,남,44세,경상
2012092100100072,2012년 9월 21일 05시,금요일,충청북도 청원군 내수읍,중상사고,0,1,0,0,차대차 - 기타,중앙선침범,건조,맑음,교차로 - 교차로부근,승용,여,46세,상해없음,화물,남,50세,중상
2012092100100139,2012년 9월 21일 08시,금요일,충청북도 충주시 대소원면,경상사고,0,0,1,0,차대차 - 측면직각충돌,직진우회전진행방해,건조,맑음,교차로 - 교차로안,화물,남,47세,상해없음,승용,남,32세,경상
2012092100100140,2012년 9월 21일 08시,금요일,충청북도 음성군 대소면,중상사고,0,1,0,0,차대사람 - 횡단중,안전운전불이행,건조,맑음,단일로 - 기타,화물,남,39세,상해없음,보행자,남,36세,중상
2012092100100141,2012년 9월 21일 08시,금요일,충청북도 청원군 옥산면,경상사고,0,0,2,0,차대차 - 측면직각충돌,교차로운행방법위반,건조,맑음,교차로 - 교차로안,승용,여,35세,경상,화물,남,31세,상해없음
2012092100100206,2012년 9월 21일 10시,금요일,충청북도 보은군 보은읍,경상사고,0,0,1,0,차대차 - 정면충돌,안전운전불이행,건조,맑음,단일로 - 기타,승용,남,30세,상해없음,원동기,남,67세,경상
2012092100100234,2012년 9월 21일 11시,금요일,충청북도 충주시 용산동,경상사고,0,0,1,0,차대차 - 추돌 - 진행중,신호위반,건조,맑음,교차로 - 교차로안,자전거,남,18세,경상,승용,여,51세,상해없음
2012092100100235,2012년 9월 21일 11시,금요일,충청북도 괴산군 괴산읍,중상사고,0,1,0,0,차대차 - 측면직각충돌,안전운전불이행,건조,맑음,단일로 - 기타,자전거,여,68세,중상,화물,남,52세,상해없음
2012092100100289,2012년 9월 21일 13시,금요일,충청북도 제천시 의림동,경상사고,0,0,1,0,차대차 - 측면직각충돌,직진우회전진행방해,건조,맑음,교차로 - 교차로안,원동기,남,73세,경상,승용,남,53세,상해없음
2012092100100290,2012년 9월 21일 13시,금요일,충청북도 청주시 상당구 용정동,중상사고,0,1,0,0,차대차 - 기타,안전거리미확보,건조,맑음,교차로 - 교차로부근,승용,여,44세,상해없음,승용,여,26세,중상
2012092100100350,2012년 9월 21일 15시,금요일,충청북도 충주시 교현동,경상사고,0,0,1,0,차대차 - 측면직각충돌,안전운전불이행,건조,맑음,교차로 - 교차로안,승용,여,36세,상해없음,자전거,남,14세,경상
2012092100100377,2012년 9월 21일 16시,금요일,충청북도 제천시 고암동,중상사고,0,1,0,0,차대차 - 기타,안전운전불이행,건조,맑음,단일로 - 기타,승용,여,54세,상해없음,자전거,여,70세,중상
2012092100100406,2012년 9월 21일 17시,금요일,충청북도 충주시 문화동,사망사고,1,0,0,0,차대차 - 기타,안전운전불이행,건조,맑음,단일로 - 기타,화물,남,38세,상해없음,자전거,남,56세,사망
2012092100100407,2012년 9월 21일 17시,금요일,충청북도 음성군 금왕읍,경상사고,0,0,1,0,차대차 - 추돌 - 진행중,안전운전불이행,건조,맑음,단일로 - 기타,승용,남,59세,상해없음,승용,남,36세,경상
2012092100100408,2012년 9월 21일 17시,금요일,충청북도 음성군 원남면,중상사고,0,2,2,0,차대차 - 추돌 - 주정차중,안전운전불이행,건조,맑음,단일로 - 기타,화물,남,53세,상해없음,승용,여,62세,경상
2012092100100409,2012년 9월 21일 17시,금요일,충청북도 청원군 오송읍,중상사고,0,1,0,0,차대차 - 측면직각충돌,안전운전불이행,건조,맑음,교차로 - 교차로부근,승용,남,47세,상해없음,이륜,남,32세,중상
2012092100100410,2012년 9월 21일 17시,금요일,충청북도 진천군 초평면,중상사고,0,1,1,0,차대차 - 추돌 - 진행중,안전운전불이행,건조,흐림,단일로 - 기타,승용,여,43세,상해없음,승용,남,45세,경상
2012092100100449,2012년 9월 21일 18시,금요일,충청북도 제천시 교동,경상사고,0,0,1,0,차대차 - 측면직각충돌,직진우회전진행방해,건조,맑음,교차로 - 교차로안,승용,남,26세,상해없음,원동기,남,29세,경상
2012092100100503,2012년 9월 21일 19시,금요일,충청북도 청주시 상당구 금천동,경상사고,0,0,2,0,차대차 - 기타,안전거리미확보,건조,맑음,단일로 - 기타,승용,남,47세,상해없음,이륜,남,16세,경상
2012092100100504,2012년 9월 21일 19시,금요일,충청북도 청원군 옥산면,중상사고,0,1,0,0,차대사람 - 횡단중,안전운전불이행,건조,맑음,단일로 - 기타,승용,여,41세,상해없음,보행자,남,53세,중상
2012092100100550,2012년 9월 21일 20시,금요일,충청북도 단양군 대강면,중상사고,0,7,1,0,차대차 - 기타,안전운전불이행,건조,흐림,단일로 - 기타,승용,남,62세,중상,승용,남,35세,경상
2012092100100551,2012년 9월 21일 20시,금요일,충청북도 청주시 흥덕구 가경동,중상사고,0,1,3,0,차대차 - 측면직각충돌,안전운전불이행,건조,맑음,단일로 - 기타,승용,남,36세,중상,승용,남,22세,경상
2012092100100591,2012년 9월 21일 21시,금요일,충청북도 충주시 대소원면,중상사고,0,1,0,0,차대차 - 추돌 - 진행중,안전운전불이행,건조,맑음,교차로 - 교차로부근,화물,남,69세,상해없음,승용,남,60세,중상
2012092100100592,2012년 9월 21일 21시,금요일,충청북도 청주시 흥덕구 석곡동,경상사고,0,0,3,0,차대차 - 측면직각충돌,안전운전불이행,건조,맑음,단일로 - 기타,특수,남,41세,경상,승용,남,50세,경상
2012092200100012,2012년 9월 22일 00시,토요일,충청북도 진천군 진천읍,경상사고,0,0,1,0,차대차 - 추돌 - 진행중,안전운전불이행,건조,맑음,단일로 - 기타,승용,남,27세,상해없음,화물,남,41세,경상
2012092200100013,2012년 9월 22일 00시,토요일,충청북도 청주시 흥덕구 사창동,경상사고,0,0,1,0,차대차 - 측면직각충돌,신호위반,건조,맑음,교차로 - 교차로안,승용,남,25세,상해없음,승용,남,51세,경상
2012092200100039,2012년 9월 22일 01시,토요일,충청북도 제천시 봉양읍,중상사고,0,1,2,0,차대차 - 측면직각충돌,안전운전불이행,건조,흐림,단일로 - 기타,승용,남,28세,상해없음,승용,여,40세,경상
2012092200100040,2012년 9월 22일 01시,토요일,충청북도 청주시 흥덕구 가경동,경상사고,0,0,3,0,차대차 - 추돌 - 진행중,안전운전불이행,건조,맑음,교차로 - 교차로부근,화물,남,45세,상해없음,승용,남,44세,경상
2012092200100072,2012년 9월 22일 03시,토요일,충청북도 청주시 흥덕구 복대동,중상사고,0,1,2,0,차대차 - 측면직각충돌,교차로운행방법위반,건조,맑음,교차로 - 교차로안,승용,남,59세,중상,승용,여,43세,경상
2012092200100134,2012년 9월 22일 07시,토요일,충청북도 영동군 매곡면,중상사고,0,1,0,0,차대차 - 정면충돌,교차로운행방법위반,습기,안개,교차로 - 교차로안,승용,남,65세,상해없음,이륜,여,57세,중상
2012092200100135,2012년 9월 22일 07시,토요일,충청북도 보은군 내북면,중상사고,0,2,1,0,차대차 - 측면직각충돌,교차로운행방법위반,건조,흐림,교차로 - 교차로안,승용,남,46세,상해없음,농기계,남,68세,중상
2012092200100183,2012년 9월 22일 09시,토요일,충청북도 진천군 초평면,중상사고,0,2,2,0,차대차 - 추돌 - 진행중,안전운전불이행,건조,맑음,단일로 - 기타,승용,여,52세,경상,화물,남,41세,상해없음
2012092200100184,2012년 9월 22일 09시,토요일,충청북도 청주시 흥덕구 복대동,부상신고사고,0,0,0,1,차대차 - 기타,신호위반,건조,맑음,단일로 - 횡단보도상,승용,여,53세,상해없음,자전거,남,9세,부상신고
2012092200100249,2012년 9월 22일 11시,토요일,충청북도 충주시 단월동,사망사고,1,0,0,0,차대차 - 측면직각충돌,안전운전불이행,건조,맑음,단일로 - 기타,승용,여,34세,상해없음,자전거,남,87세,사망
2012092200100279,2012년 9월 22일 12시,토요일,충청북도 청주시 상당구 내덕동,부상신고사고,0,0,0,1,차대차 - 기타,안전운전불이행,건조,맑음,교차로 - 교차로부근,자전거,남,17세,부상신고,승용,남,68세,상해없음
2012092200100280,2012년 9월 22일 12시,토요일,충청북도 청주시 흥덕구 복대동,부상신고사고,0,0,0,2,차대차 - 측면직각충돌,안전운전불이행,건조,맑음,단일로 - 기타,승용,여,61세,상해없음,화물,남,52세,부상신고
2012092200100281,2012년 9월 22일 12시,토요일,충청북도 청주시 상당구 명암동,경상사고,0,0,1,0,차량단독 - 기타,안전운전불이행,건조,맑음,단일로 - 기타,승용,남,55세,경상,,,,
2012092200100316,2012년 9월 22일 13시,토요일,충청북도 보은군 마로면,중상사고,0,1,0,0,차대사람 - 차도통행중,안전운전불이행,건조,맑음,교차로 - 교차로안,특수,남,60세,상해없음,보행자,남,70세,중상
2012092200100317,2012년 9월 22일 13시,토요일,충청북도 청주시 흥덕구 봉명동,경상사고,0,0,1,0,차대차 - 추돌 - 주정차중,안전운전불이행,건조,맑음,단일로 - 기타,승용,남,23세,상해없음,이륜,남,35세,경상
2012092200100347,2012년 9월 22일 14시,토요일,충청북도 청주시 상당구 문화동,중상사고,0,1,0,0,차대차 - 측면직각충돌,안전운전불이행,건조,맑음,단일로 - 기타,이륜,남,23세,중상,승합,남,37세,상해없음
2012092200100348,2012년 9월 22일 14시,토요일,충청북도 청원군 가덕면,경상사고,0,0,1,0,차대차 - 기타,안전운전불이행,건조,맑음,단일로 - 기타,건설기계,남,61세,상해없음,원동기,남,26세,경상
2012092200100378,2012년 9월 22일 15시,토요일,충청북도 청주시 상당구 용담동,경상사고,0,0,2,0,차대차 - 측면직각충돌,안전운전불이행,건조,맑음,교차로 - 교차로안,승용,남,19세,상해없음,승용,남,52세,경상
2012092200100414,2012년 9월 22일 16시,토요일,충청북도 청원군 내수읍,중상사고,0,1,1,0,차대차 - 측면직각충돌,안전운전불이행,건조,맑음,교차로 - 교차로안,화물,남,66세,상해없음,승용,남,26세,경상
2012092200100456,2012년 9월 22일 17시,토요일,충청북도 음성군 금왕읍,경상사고,0,0,1,0,차대사람 - 길가장자리구역통행중,보행자보호의무위반,건조,맑음,단일로 - 횡단보도상,승합,남,38세,상해없음,보행자,남,14세,경상
2012092200100457,2012년 9월 22일 17시,토요일,충청북도 옥천군 안내면,경상사고,0,0,3,0,차대차 - 측면직각충돌,교차로운행방법위반,건조,맑음,교차로 - 교차로안,승용,여,31세,상해없음,특수,남,58세,경상
2012092200100458,2012년 9월 22일 17시,토요일,충청북도 청주시 흥덕구 비하동,중상사고,0,1,1,0,차대사람 - 기타,안전운전불이행,건조,맑음,단일로 - 기타,승용,여,51세,상해없음,보행자,여,44세,중상
2012092200100459,2012년 9월 22일 17시,토요일,충청북도 청주시 흥덕구 봉명동,경상사고,0,0,1,0,차대차 - 추돌 - 주정차중,안전거리미확보,건조,맑음,단일로 - 기타,승용,여,43세,상해없음,승용,여,41세,경상
2012092200100503,2012년 9월 22일 18시,토요일,충청북도 청원군 북이면,경상사고,0,0,1,0,차량단독 - 공작물충돌,안전운전불이행,건조,맑음,단일로 - 교량,승용,남,47세,상해없음,,,,
2012092200100504,2012년 9월 22일 18시,토요일,충청북도 제천시 장락동,중상사고,0,1,4,0,차대차 - 추돌 - 주정차중,안전운전불이행,건조,맑음,단일로 - 기타,승합,남,53세,상해없음,승용,남,45세,중상
2012092200100505,2012년 9월 22일 18시,토요일,충청북도 괴산군 불정면,경상사고,0,0,1,0,차대사람 - 차도통행중,안전운전불이행,건조,맑음,단일로 - 기타,화물,남,46세,상해없음,보행자,여,8세,경상
2012092200100506,2012년 9월 22일 18시,토요일,충청북도 청주시 흥덕구 산남동,중상사고,0,1,0,0,차대사람 - 기타,안전운전불이행,건조,맑음,단일로 - 기타,승용,남,30세,상해없음,보행자,남,51세,중상
2012092200100547,2012년 9월 22일 19시,토요일,충청북도 음성군 금왕읍,경상사고,0,0,1,0,차대차 - 기타,교차로운행방법위반,건조,맑음,교차로 - 교차로안,승용,남,46세,상해없음,승용,여,58세,경상
2012092200100548,2012년 9월 22일 19시,토요일,충청북도 청주시 흥덕구 수곡동,중상사고,0,1,0,0,차대사람 - 횡단중,안전운전불이행,건조,맑음,교차로 - 교차로부근,승용,남,50세,상해없음,보행자,여,81세,중상
2012092200100583,2012년 9월 22일 20시,토요일,충청북도 청주시 상당구 주중동,경상사고,0,0,1,0,차량단독 - 공작물충돌,안전운전불이행,건조,맑음,단일로 - 기타,화물,남,45세,상해없음,,,,
2012092200100611,2012년 9월 22일 21시,토요일,충청북도 옥천군 옥천읍,중상사고,0,1,0,0,차대차 - 측면직각충돌,안전운전불이행,건조,맑음,교차로 - 교차로부근,화물,남,45세,상해없음,이륜,남,17세,중상
2012092300100040,2012년 9월 23일 01시,일요일,충청북도 청주시 상당구 사천동,경상사고,0,0,2,0,차대차 - 기타,안전운전불이행,건조,맑음,교차로 - 교차로안,승용,남,60세,상해없음,화물,남,44세,경상
2012092300100067,2012년 9월 23일 03시,일요일,충청북도 청주시 흥덕구 사직동,중상사고,0,1,1,0,차대차 - 추돌 - 진행중,안전운전불이행,건조,맑음,단일로 - 기타,승용,남,19세,상해없음,승용,남,43세,중상
2012092300100080,2012년 9월 23일 04시,일요일,충청북도 청주시 흥덕구 사창동,중상사고,0,1,1,0,차량단독 - 공작물충돌,안전운전불이행,건조,맑음,교차로 - 교차로안,승용,남,26세,경상,,,,
2012092300100102,2012년 9월 23일 06시,일요일,충청북도 청주시 상당구 남문로1가동,중상사고,0,2,0,0,차대차 - 측면직각충돌,신호위반,건조,맑음,교차로 - 교차로안,이륜,남,16세,중상,승용,남,60세,상해없음
2012092300100103,2012년 9월 23일 06시,일요일,충청북도 제천시 의림동,중상사고,0,4,0,0,차대차 - 측면직각충돌,신호위반,건조,맑음,교차로 - 교차로안,승용,여,49세,상해없음,화물,남,41세,중상
2012092300100133,2012년 9월 23일 08시,일요일,충청북도 청원군 내수읍,경상사고,0,0,2,0,차대차 - 측면직각충돌,신호위반,건조,맑음,교차로 - 교차로안,화물,남,50세,상해없음,승용,남,33세,경상
2012092300100134,2012년 9월 23일 08시,일요일,충청북도 충주시 금가면,중상사고,0,1,1,1,차대차 - 추돌 - 진행중,안전운전불이행,건조,맑음,단일로 - 기타,승용,남,37세,부상신고,승합,남,38세,중상
2012092300100194,2012년 9월 23일 10시,일요일,충청북도 단양군 단성면,중상사고,0,1,0,0,차대차 - 정면충돌,안전운전불이행,건조,맑음,단일로 - 기타,이륜,남,29세,중상,승용,남,41세,상해없음
2012092300100238,2012년 9월 23일 12시,일요일,충청북도 음성군 생극면,경상사고,0,0,1,0,차대차 - 측면직각충돌,신호위반,건조,맑음,교차로 - 교차로안,승용,남,68세,상해없음,승용,여,49세,경상
2012092300100273,2012년 9월 23일 13시,일요일,충청북도 청원군 오창읍,경상사고,0,0,3,0,차대차 - 측면직각충돌,교차로운행방법위반,건조,맑음,교차로 - 교차로안,승용,여,42세,경상,승용,남,32세,경상
2012092300100337,2012년 9월 23일 15시,일요일,충청북도 제천시 명동,중상사고,0,1,1,0,차대차 - 기타,안전운전불이행,건조,맑음,단일로 - 기타,승용,남,65세,상해없음,승용,여,44세,경상
2012092300100400,2012년 9월 23일 17시,일요일,충청북도 옥천군 옥천읍,경상사고,0,0,2,0,차대차 - 추돌 - 진행중,안전운전불이행,건조,맑음,단일로 - 기타,화물,남,40세,상해없음,승용,남,55세,경상
2012092300100401,2012년 9월 23일 17시,일요일,충청북도 청원군 가덕면,중상사고,0,1,0,0,차량단독 - 전도전복,안전운전불이행,건조,맑음,단일로 - 기타,이륜,남,46세,중상,,,,
2012092300100438,2012년 9월 23일 18시,일요일,충청북도 청주시 흥덕구 가경동,경상사고,0,0,4,0,차대차 - 추돌 - 진행중,안전거리미확보,건조,맑음,단일로 - 기타,승용,남,52세,상해없음,승용,남,37세,경상
2012092300100439,2012년 9월 23일 18시,일요일,충청북도 청주시 흥덕구 모충동,중상사고,0,1,0,0,차대차 - 기타,안전운전불이행,건조,맑음,단일로 - 기타,승용,여,52세,상해없음,원동기,남,30세,중상
2012092300100476,2012년 9월 23일 19시,일요일,충청북도 청주시 흥덕구 가경동,경상사고,0,0,1,0,차대사람 - 기타,보행자보호의무위반,건조,맑음,단일로 - 횡단보도상,승합,남,56세,상해없음,보행자,여,52세,경상
2012092300100501,2012년 9월 23일 20시,일요일,충청북도 청주시 상당구 탑동,중상사고,0,1,0,0,차대사람 - 횡단중,보행자보호의무위반,건조,맑음,단일로 - 횡단보도상,이륜,남,24세,상해없음,보행자,남,65세,중상
2012092300100502,2012년 9월 23일 20시,일요일,충청북도 진천군 이월면,경상사고,0,0,2,0,차대사람 - 기타,안전운전불이행,건조,맑음,교차로 - 교차로부근,화물,남,53세,상해없음,보행자,남,24세,경상
2012092300100529,2012년 9월 23일 21시,일요일,충청북도 청주시 상당구 내덕동,경상사고,0,0,1,0,차대차 - 측면직각충돌,신호위반,건조,맑음,교차로 - 교차로안,승용,남,22세,상해없음,승용,남,23세,상해없음
2012092400100018,2012년 9월 24일 01시,월요일,충청북도 충주시 대소원면,부상신고사고,0,0,0,1,차량단독 - 전도전복,안전운전불이행,건조,맑음,단일로 - 기타,원동기,남,23세,부상신고,,,,
2012092400100019,2012년 9월 24일 01시,월요일,충청북도 제천시 송학면,중상사고,0,1,0,0,차대차 - 추돌 - 진행중,안전운전불이행,건조,맑음,단일로 - 기타,승합,남,65세,상해없음,화물,남,41세,상해없음
2012092400100047,2012년 9월 24일 05시,월요일,충청북도 충주시 안림동,경상사고,0,0,1,0,차대차 - 추돌 - 진행중,직진우회전진행방해,건조,맑음,교차로 - 교차로안,승용,남,64세,상해없음,화물,남,40세,경상
2012092400100088,2012년 9월 24일 07시,월요일,충청북도 옥천군 이원면,중상사고,0,1,1,0,차대차 - 측면직각충돌,안전운전불이행,습기,안개,단일로 - 기타,화물,남,52세,상해없음,승용,남,29세,경상
2012092400100136,2012년 9월 24일 08시,월요일,충청북도 제천시 금성면,중상사고,0,3,0,0,차대차 - 기타,신호위반,건조,맑음,교차로 - 교차로안,화물,남,59세,중상,화물,남,43세,중상
2012092400100137,2012년 9월 24일 08시,월요일,충청북도 청주시 흥덕구 강서동,중상사고,0,2,2,0,차대차 - 측면직각충돌,교차로운행방법위반,건조,맑음,교차로 - 교차로안,승용,여,29세,경상,승용,여,22세,중상
2012092400100138,2012년 9월 24일 08시,월요일,충청북도 청주시 상당구 용암동,중상사고,0,1,0,0,차대차 - 측면직각충돌,안전운전불이행,건조,맑음,단일로 - 기타,승용,남,53세,상해없음,자전거,남,60세,중상
2012092400100174,2012년 9월 24일 09시,월요일,충청북도 충주시 주덕읍,경상사고,0,0,1,0,차대차 - 측면직각충돌,교차로운행방법위반,건조,맑음,단일로 - 기타,화물,남,56세,상해없음,건설기계,남,49세,경상
2012092400100175,2012년 9월 24일 09시,월요일,충청북도 제천시 장락동,경상사고,0,0,1,0,차대차 - 추돌 - 주정차중,안전운전불이행,건조,맑음,단일로 - 기타,화물,여,52세,상해없음,승용,남,42세,경상
2012092400100176,2012년 9월 24일 09시,월요일,충청북도 음성군 대소면,경상사고,0,0,1,0,차대차 - 측면직각충돌,중앙선침범,건조,맑음,단일로 - 기타,승용,남,60세,상해없음,원동기,남,16세,경상
2012092400100208,2012년 9월 24일 10시,월요일,충청북도 청원군 옥산면,중상사고,0,2,0,0,차대차 - 기타,안전운전불이행,건조,맑음,단일로 - 기타,승합,남,41세,상해없음,승용,남,39세,중상
2012092400100236,2012년 9월 24일 11시,월요일,충청북도 청원군 남일면,중상사고,0,1,0,0,차량단독 - 기타,안전운전불이행,기타,맑음,단일로 - 기타,이륜,남,73세,중상,,,,