사고번호,사고일시,요일,시군구,사고내용,사망자수,중상자수,경상자수,부상신고자수,사고유형,법규위반,노면상태,기상상태,도로형태,가해운전자 차종,가해운전자 성별,가해운전자 연령,가해운전자 상해정도,피해운전자 차종,피해운전자 성별,피해운전자 연령,피해운전자 상해정도
2012092400100274,2012년 9월 24일 12시,월요일,충청북도 음성군 맹동면,경상사고,0,0,1,0,차대차 - 기타,안전운전불이행,건조,맑음,교차로 - 교차로안,화물,남,37세,상해없음,화물,남,44세,경상
2012092400100305,2012년 9월 24일 13시,월요일,충청북도 청주시 흥덕구 봉명동,경상사고,0,0,4,0,차대차 - 측면직각충돌,차로위반,건조,맑음,단일로 - 기타,승용,남,54세,경상,승용,여,56세,경상
2012092400100336,2012년 9월 24일 14시,월요일,충청북도 보은군 보은읍,경상사고,0,0,2,0,차대차 - 측면직각충돌,교차로운행방법위반,건조,맑음,교차로 - 교차로안,승용,남,55세,경상,화물,남,73세,경상
2012092400100400,2012년 9월 24일 16시,월요일,충청북도 청주시 상당구 북문로3가동,경상사고,0,0,1,0,차대차 - 정면충돌,신호위반,건조,맑음,교차로 - 교차로안,자전거,여,74세,경상,승용,남,54세,상해없음
2012092400100448,2012년 9월 24일 17시,월요일,충청북도 청주시 상당구 우암동,중상사고,0,1,0,0,차대차 - 측면직각충돌,안전운전불이행,건조,맑음,단일로 - 기타,화물,남,49세,상해없음,자전거,남,22세,중상
2012092400100449,2012년 9월 24일 17시,월요일,충청북도 충주시 문화동,중상사고,0,1,0,0,차대차 - 측면직각충돌,중앙선침범,건조,맑음,단일로 - 기타,자전거,여,66세,중상,승합,남,39세,상해없음
2012092400100450,2012년 9월 24일 17시,월요일,충청북도 청주시 흥덕구 사직동,부상신고사고,0,0,0,1,차대차 - 기타,안전운전불이행,건조,맑음,단일로 - 기타,기타불명,기타불명,기타불명,기타불명,자전거,남,57세,부상신고
2012092400100451,2012년 9월 24일 17시,월요일,충청북도 청주시 흥덕구 사창동,경상사고,0,0,3,0,차대차 - 기타,안전운전불이행,건조,맑음,단일로 - 기타,승용,여,42세,경상,승용,여,40세,경상
2012092400100493,2012년 9월 24일 18시,월요일,충청북도 청주시 상당구 석교동,중상사고,0,1,0,0,차대차 - 추돌 - 주정차중,안전운전불이행,건조,맑음,교차로 - 교차로부근,승용,남,82세,상해없음,이륜,남,29세,중상
2012092400100494,2012년 9월 24일 18시,월요일,충청북도 제천시 하소동,중상사고,0,1,0,0,차대차 - 측면직각충돌,안전거리미확보,건조,맑음,단일로 - 기타,이륜,남,69세,중상,승용,여,47세,상해없음
2012092400100495,2012년 9월 24일 18시,월요일,충청북도 음성군 음성읍,중상사고,0,1,0,0,차대차 - 측면직각충돌,교차로운행방법위반,건조,맑음,교차로 - 교차로안,승용,남,37세,상해없음,원동기,남,16세,중상
2012092400100496,2012년 9월 24일 18시,월요일,충청북도 진천군 문백면,중상사고,0,1,0,0,차대차 - 추돌 - 진행중,안전운전불이행,건조,맑음,단일로 - 기타,승용,남,50세,상해없음,화물,남,60세,중상
2012092400100497,2012년 9월 24일 18시,월요일,충청북도 청주시 흥덕구 복대동,경상사고,0,0,1,0,차대차 - 측면직각충돌,신호위반,건조,맑음,단일로 - 횡단보도상,승용,여,39세,상해없음,자전거,남,17세,경상
2012092400100498,2012년 9월 24일 18시,월요일,충청북도 청원군 미원면,중상사고,0,1,2,0,차대차 - 측면직각충돌,중앙선침범,건조,맑음,단일로 - 기타,승합,남,51세,상해없음,승용,남,71세,경상
2012092400100548,2012년 9월 24일 19시,월요일,충청북도 음성군 음성읍,경상사고,0,0,1,0,차대차 - 기타,안전운전불이행,건조,맑음,단일로 - 기타,화물,여,21세,상해없음,승용,남,53세,경상
2012092400100549,2012년 9월 24일 19시,월요일,충청북도 청주시 흥덕구 복대동,중상사고,0,1,2,0,차대차 - 측면직각충돌,교차로운행방법위반,건조,맑음,교차로 - 교차로안,승용,남,45세,상해없음,승용,여,46세,경상
2012092400100550,2012년 9월 24일 19시,월요일,충청북도 청주시 상당구 지북동,중상사고,0,1,1,0,차대차 - 측면직각충돌,교차로운행방법위반,건조,맑음,교차로 - 교차로안,승용,여,36세,경상,승용,여,42세,중상
2012092400100588,2012년 9월 24일 20시,월요일,충청북도 청주시 상당구 석교동,중상사고,0,1,0,0,차대차 - 측면직각충돌,안전운전불이행,건조,맑음,교차로 - 교차로안,화물,남,44세,상해없음,자전거,남,71세,중상
2012092400100625,2012년 9월 24일 21시,월요일,충청북도 충주시 교현동,경상사고,0,0,3,0,차대차 - 측면직각충돌,신호위반,건조,맑음,교차로 - 교차로안,승용,여,48세,상해없음,승용,여,45세,경상
2012092400100656,2012년 9월 24일 22시,월요일,충청북도 충주시 호암동,중상사고,0,2,0,0,차대차 - 측면직각충돌,안전운전불이행,건조,맑음,교차로 - 교차로안,승용,남,23세,중상,승용,여,41세,중상
2012092400100657,2012년 9월 24일 22시,월요일,충청북도 제천시 모산동,경상사고,0,0,2,0,차대차 - 기타,안전운전불이행,건조,맑음,단일로 - 기타,승용,남,24세,상해없음,이륜,남,18세,경상
2012092400100689,2012년 9월 24일 23시,월요일,충청북도 충주시 지현동,중상사고,0,1,0,0,차대사람 - 길가장자리구역통행중,안전운전불이행,건조,맑음,단일로 - 기타,기타불명,기타불명,기타불명,기타불명,보행자,여,69세,중상
2012092400100690,2012년 9월 24일 23시,월요일,충청북도 청주시 흥덕구 복대동,경상사고,0,0,1,0,차대차 - 측면직각충돌,교차로운행방법위반,건조,맑음,교차로 - 교차로안,승용,남,28세,상해없음,이륜,남,45세,경상
2012092400100691,2012년 9월 24일 23시,월요일,충청북도 청주시 흥덕구 수곡동,중상사고,0,1,1,0,차대차 - 측면직각충돌,신호위반,건조,맑음,교차로 - 교차로안,화물,남,43세,중상,승용,남,38세,경상
2012092500100008,2012년 9월 25일 00시,화요일,충청북도 청주시 상당구 사천동,경상사고,0,0,1,0,차대차 - 추돌 - 주정차중,안전운전불이행,건조,맑음,교차로 - 교차로안,승용,남,21세,상해없음,승용,남,49세,경상
2012092500100009,2012년 9월 25일 00시,화요일,충청북도 보은군 보은읍,경상사고,0,0,1,0,차대사람 - 횡단중,안전운전불이행,건조,맑음,교차로 - 교차로부근,승용,남,22세,상해없음,보행자,남,31세,경상
2012092500100073,2012년 9월 25일 06시,화요일,충청북도 음성군 삼성면,중상사고,0,9,1,0,차대차 - 정면충돌,중앙선침범,건조,맑음,단일로 - 기타,화물,남,32세,중상,승합,남,55세,중상
2012092500100074,2012년 9월 25일 06시,화요일,충청북도 음성군 음성읍,중상사고,0,1,0,0,차대차 - 기타,교차로운행방법위반,건조,맑음,교차로 - 교차로안,승용,남,51세,상해없음,승용,남,63세,중상
2012092500100141,2012년 9월 25일 08시,화요일,충청북도 영동군 영동읍,경상사고,0,0,1,0,차대차 - 기타,교차로운행방법위반,건조,맑음,교차로 - 교차로안,승용,여,51세,상해없음,승용,남,31세,경상
2012092500100266,2012년 9월 25일 11시,화요일,충청북도 청주시 흥덕구 수곡동,경상사고,0,0,1,0,차대차 - 추돌 - 주정차중,안전운전불이행,건조,맑음,교차로 - 교차로부근,승용,남,70세,상해없음,승용,남,49세,경상
2012092500100267,2012년 9월 25일 11시,화요일,충청북도 보은군 회인면,중상사고,0,2,2,0,차대차 - 추돌 - 진행중,안전거리미확보,건조,맑음,단일로 - 터널,승용,남,41세,경상,승용,남,40세,중상
2012092500100293,2012년 9월 25일 12시,화요일,충청북도 충주시 수안보면,중상사고,0,1,0,0,차대차 - 추돌 - 주정차중,직진우회전진행방해,건조,맑음,교차로 - 교차로안,특수,남,55세,상해없음,승용,남,78세,중상
2012092500100294,2012년 9월 25일 12시,화요일,충청북도 충주시 대소원면,중상사고,0,2,2,0,차대차 - 측면직각충돌,신호위반,건조,맑음,교차로 - 교차로안,승용,남,38세,중상,승용,남,44세,경상
2012092500100322,2012년 9월 25일 13시,화요일,충청북도 음성군 금왕읍,경상사고,0,0,1,0,차대차 - 기타,교차로운행방법위반,건조,맑음,교차로 - 교차로안,원동기,남,15세,경상,화물,남,47세,상해없음
2012092500100323,2012년 9월 25일 13시,화요일,충청북도 청주시 흥덕구 분평동,중상사고,0,1,3,0,차대차 - 추돌 - 진행중,안전운전불이행,건조,맑음,교차로 - 교차로부근,승용,남,60세,경상,승용,남,33세,중상
2012092500100356,2012년 9월 25일 14시,화요일,충청북도 충주시 용두동,경상사고,0,0,1,0,차대차 - 추돌 - 진행중,안전운전불이행,건조,맑음,단일로 - 기타,승용,여,52세,상해없음,승용,남,37세,상해없음
2012092500100357,2012년 9월 25일 14시,화요일,충청북도 충주시 봉방동,경상사고,0,0,1,0,차대차 - 추돌 - 진행중,안전거리미확보,건조,맑음,단일로 - 기타,승용,여,34세,상해없음,이륜,여,47세,경상
2012092500100392,2012년 9월 25일 15시,화요일,충청북도 충주시 충의동,경상사고,0,0,1,0,차대사람 - 횡단중,안전운전불이행,건조,맑음,단일로 - 기타,승용,여,28세,상해없음,보행자,남,62세,경상
2012092500100393,2012년 9월 25일 15시,화요일,충청북도 청주시 흥덕구 봉명동,중상사고,0,1,0,0,차대차 - 측면직각충돌,안전운전불이행,건조,맑음,교차로 - 교차로안,이륜,여,26세,상해없음,이륜,여,52세,중상
2012092500100437,2012년 9월 25일 16시,화요일,충청북도 청주시 흥덕구 강서동,경상사고,0,0,2,0,차대차 - 추돌 - 주정차중,안전운전불이행,건조,맑음,교차로 - 교차로안,승합,남,44세,상해없음,승용,여,34세,경상
2012092500100485,2012년 9월 25일 17시,화요일,충청북도 청주시 흥덕구 모충동,경상사고,0,0,1,0,차대사람 - 차도통행중,안전운전불이행,건조,맑음,단일로 - 기타,화물,남,42세,상해없음,보행자,남,27세,경상
2012092500100531,2012년 9월 25일 18시,화요일,충청북도 충주시 교현동,중상사고,0,1,0,0,차대차 - 추돌 - 진행중,안전운전불이행,건조,맑음,단일로 - 기타,승용,여,42세,상해없음,이륜,여,44세,중상
2012092500100532,2012년 9월 25일 18시,화요일,충청북도 충주시 소태면,경상사고,0,0,1,0,차대차 - 추돌 - 진행중,안전운전불이행,건조,맑음,단일로 - 기타,화물,남,40세,상해없음,화물,남,42세,경상
2012092500100533,2012년 9월 25일 18시,화요일,충청북도 제천시 의림동,경상사고,0,0,1,0,차대차 - 측면직각충돌,직진우회전진행방해,건조,맑음,교차로 - 교차로안,화물,남,59세,상해없음,원동기,남,17세,경상
2012092500100534,2012년 9월 25일 18시,화요일,충청북도 제천시 청전동,경상사고,0,0,2,0,차대차 - 측면직각충돌,안전운전불이행,건조,맑음,교차로 - 교차로부근,승용,남,73세,상해없음,승용,여,41세,경상
2012092500100535,2012년 9월 25일 18시,화요일,충청북도 청주시 흥덕구 강서동,경상사고,0,0,3,0,차대차 - 측면직각충돌,안전운전불이행,건조,맑음,교차로 - 교차로안,승용,남,59세,경상,승용,여,39세,경상
2012092500100567,2012년 9월 25일 19시,화요일,충청북도 청주시 흥덕구 사창동,경상사고,0,0,1,0,차대차 - 측면직각충돌,안전운전불이행,건조,맑음,교차로 - 교차로부근,승용,남,65세,상해없음,승용,여,53세,경상
2012092500100573,2012년 9월 25일 19시,화요일,충청북도 옥천군 동이면,중상사고,0,1,0,0,차대차 - 기타,안전운전불이행,건조,맑음,단일로 - 기타,화물,남,69세,상해없음,승용,남,56세,상해없음
2012092500100618,2012년 9월 25일 20시,화요일,충청북도 청주시 흥덕구 가경동,중상사고,0,1,0,0,차대차 - 기타,안전운전불이행,건조,맑음,교차로 - 교차로부근,이륜,남,49세,중상,승용,여,47세,상해없음
2012092500100619,2012년 9월 25일 20시,화요일,충청북도 청주시 흥덕구 향정동,경상사고,0,0,2,0,차대차 - 측면직각충돌,신호위반,건조,맑음,교차로 - 교차로안,승용,여,29세,경상,승용,여,21세,경상
2012092500100656,2012년 9월 25일 21시,화요일,충청북도 진천군 진천읍,중상사고,0,1,0,0,차대사람 - 기타,안전운전불이행,건조,맑음,교차로 - 교차로부근,승용,남,36세,상해없음,보행자,여,67세,중상
2012092500100657,2012년 9월 25일 21시,화요일,충청북도 청주시 흥덕구 봉명동,경상사고,0,0,1,0,차대사람 - 길가장자리구역통행중,안전운전불이행,습기,맑음,단일로 - 기타,화물,남,49세,상해없음,보행자,남,56세,경상
2012092500100700,2012년 9월 25일 22시,화요일,충청북도 청주시 흥덕구 강서동,중상사고,0,1,0,0,차대차 - 측면직각충돌,안전운전불이행,건조,맑음,단일로 - 기타,승용,남,42세,상해없음,이륜,남,44세,중상
2012092500100731,2012년 9월 25일 23시,화요일,충청북도 충주시 대소원면,중상사고,0,3,4,0,차대차 - 추돌 - 진행중,안전운전불이행,건조,맑음,단일로 - 기타,화물,남,64세,중상,화물,남,40세,경상
2012092600100030,2012년 9월 26일 02시,수요일,충청북도 충주시 봉방동,중상사고,0,1,1,0,차량단독 - 공작물충돌,안전운전불이행,건조,맑음,단일로 - 기타,승용,남,33세,중상,,,,
2012092600100045,2012년 9월 26일 03시,수요일,충청북도 제천시 중앙로2가,경상사고,0,0,1,0,차대사람 - 차도통행중,안전운전불이행,건조,맑음,단일로 - 기타,화물,남,45세,상해없음,보행자,남,38세,경상
2012092600100076,2012년 9월 26일 06시,수요일,충청북도 옥천군 옥천읍,경상사고,0,0,1,0,차대차 - 추돌 - 진행중,안전운전불이행,건조,맑음,단일로 - 기타,화물,남,58세,상해없음,승용,남,48세,경상
2012092600100103,2012년 9월 26일 07시,수요일,충청북도 충주시 달천동,경상사고,0,0,3,0,차대차 - 추돌 - 진행중,안전운전불이행,건조,맑음,미분류 - 미분류,승합,남,40세,상해없음,승용,남,25세,경상
2012092600100104,2012년 9월 26일 07시,수요일,충청북도 옥천군 옥천읍,중상사고,0,1,0,0,차대차 - 측면직각충돌,직진우회전진행방해,건조,맑음,교차로 - 교차로안,이륜,여,55세,중상,화물,남,38세,상해없음
2012092600100105,2012년 9월 26일 07시,수요일,충청북도 청주시 흥덕구 사창동,경상사고,0,0,2,0,차대차 - 측면직각충돌,안전거리미확보,건조,맑음,단일로 - 기타,승합,남,30세,상해없음,승용,남,41세,경상
2012092600100142,2012년 9월 26일 08시,수요일,충청북도 청원군 오창읍,경상사고,0,0,1,0,차대차 - 기타,신호위반,건조,맑음,교차로 - 교차로안,승용,남,46세,상해없음,승합,여,29세,경상
2012092600100143,2012년 9월 26일 08시,수요일,충청북도 제천시 하소동,중상사고,0,2,0,0,차대차 - 추돌 - 진행중,안전거리미확보,건조,맑음,단일로 - 기타,승용,남,53세,상해없음,승합,남,59세,상해없음
2012092600100144,2012년 9월 26일 08시,수요일,충청북도 청주시 흥덕구 송절동,중상사고,0,1,0,0,차대차 - 측면직각충돌,교차로운행방법위반,건조,맑음,교차로 - 교차로안,이륜,남,30세,중상,승합,남,51세,상해없음
2012092600100145,2012년 9월 26일 08시,수요일,충청북도 청주시 흥덕구 성화동,경상사고,0,0,2,0,차대차 - 측면직각충돌,안전거리미확보,건조,맑음,단일로 - 기타,화물,남,50세,경상,승용,여,45세,상해없음
2012092600100146,2012년 9월 26일 08시,수요일,충청북도 청주시 상당구 영운동,중상사고,0,1,0,0,차대차 - 측면직각충돌,교차로운행방법위반,건조,맑음,교차로 - 교차로안,승용,여,28세,상해없음,이륜,남,47세,중상
2012092600100179,2012년 9월 26일 09시,수요일,충청북도 청주시 상당구 외남동,경상사고,0,0,2,0,차대차 - 측면직각충돌,교차로운행방법위반,건조,맑음,교차로 - 교차로안,승용,남,36세,상해없음,승용,여,24세,경상
2012092600100180,2012년 9월 26일 09시,수요일,충청북도 청주시 흥덕구 복대동,경상사고,0,0,1,0,차대사람 - 기타,교차로운행방법위반,건조,맑음,교차로 - 교차로부근,승용,여,34세,상해없음,보행자,여,49세,경상
2012092600100258,2012년 9월 26일 12시,수요일,충청북도 청주시 흥덕구 개신동,중상사고,0,1,0,0,차대차 - 측면직각충돌,안전운전불이행,건조,맑음,단일로 - 기타,승용,남,44세,상해없음,승용,남,59세,중상
2012092600100307,2012년 9월 26일 14시,수요일,충청북도 청주시 상당구 금천동,경상사고,0,0,1,0,차대사람 - 기타,안전운전불이행,건조,맑음,단일로 - 기타,승용,여,54세,상해없음,보행자,여,61세,경상
2012092600100308,2012년 9월 26일 14시,수요일,충청북도 청주시 상당구 율량동,중상사고,0,1,0,0,차대차 - 측면직각충돌,안전운전불이행,건조,맑음,교차로 - 교차로안,승용,남,41세,상해없음,승용,남,46세,중상
2012092600100353,2012년 9월 26일 15시,수요일,충청북도 제천시 고암동,중상사고,0,2,0,0,차대차 - 추돌 - 진행중,안전거리미확보,건조,맑음,교차로 - 교차로부근,승용,남,67세,상해없음,승용,남,51세,중상
2012092600100354,2012년 9월 26일 15시,수요일,충청북도 옥천군 군북면,사망사고,1,0,0,0,차대사람 - 기타,안전운전불이행,건조,맑음,단일로 - 기타,화물,남,54세,상해없음,보행자,남,54세,사망
2012092600100394,2012년 9월 26일 16시,수요일,충청북도 청주시 상당구 외하동,경상사고,0,0,1,0,차대차 - 기타,안전운전불이행,건조,맑음,단일로 - 기타,승용,여,45세,상해없음,승용,여,59세,경상
2012092600100462,2012년 9월 26일 18시,수요일,충청북도 청주시 상당구 용담동,경상사고,0,0,1,0,차대차 - 기타,안전운전불이행,건조,맑음,단일로 - 횡단보도상,승용,남,53세,상해없음,이륜,남,48세,경상
2012092600100520,2012년 9월 26일 19시,수요일,충청북도 증평군 증평읍,중상사고,0,1,1,0,차대차 - 측면직각충돌,안전거리미확보,건조,맑음,단일로 - 기타,승용,남,58세,상해없음,원동기,남,70세,중상
2012092600100521,2012년 9월 26일 19시,수요일,충청북도 음성군 금왕읍,중상사고,0,1,0,0,차대사람 - 횡단중,안전운전불이행,건조,맑음,단일로 - 기타,승용,남,40세,상해없음,보행자,남,10세,중상
2012092600100522,2012년 9월 26일 19시,수요일,충청북도 음성군 맹동면,사망사고,1,0,0,0,차대차 - 추돌 - 진행중,안전운전불이행,건조,맑음,단일로 - 기타,특수,남,59세,상해없음,이륜,남,73세,사망
2012092600100571,2012년 9월 26일 20시,수요일,충청북도 청주시 흥덕구 가경동,경상사고,0,0,1,0,차대차 - 측면직각충돌,안전운전불이행,건조,맑음,교차로 - 교차로부근,승용,남,26세,상해없음,이륜,남,28세,경상
2012092600100604,2012년 9월 26일 21시,수요일,충청북도 청주시 상당구 율량동,중상사고,0,1,0,0,차대차 - 기타,안전운전불이행,건조,맑음,단일로 - 기타,이륜,기타불명,기타불명,기타불명,승용,남,50세,상해없음
2012092600100605,2012년 9월 26일 21시,수요일,충청북도 청주시 상당구 탑동,경상사고,0,0,2,0,차대차 - 기타,안전운전불이행,건조,맑음,교차로 - 교차로부근,승용,여,50세,상해없음,승용,여,29세,경상
2012092700100015,2012년 9월 27일 00시,목요일,충청북도 보은군 산외면,사망사고,1,0,0,0,차량단독 - 공작물충돌,안전운전불이행,건조,맑음,단일로 - 터널,승용,남,46세,사망,,,,
2012092700100016,2012년 9월 27일 00시,목요일,충청북도 청주시 흥덕구 사직동,경상사고,0,0,1,0,차대차 - 측면직각충돌,신호위반,건조,맑음,교차로 - 교차로안,승용,남,26세,상해없음,승용,남,30세,경상
2012092700100017,2012년 9월 27일 00시,목요일,충청북도 청주시 흥덕구 사직동,경상사고,0,0,2,0,차대차 - 추돌 - 주정차중,안전운전불이행,건조,맑음,교차로 - 교차로부근,승용,여,52세,상해없음,승용,여,55세,경상
2012092700100059,2012년 9월 27일 03시,목요일,충청북도 청주시 상당구 영동,경상사고,0,0,2,0,차대차 - 추돌 - 주정차중,안전운전불이행,건조,맑음,단일로 - 기타,승용,남,41세,상해없음,승용,여,28세,경상
2012092700100060,2012년 9월 27일 03시,목요일,충청북도 청원군 오송읍,중상사고,0,1,0,0,차대차 - 측면직각충돌,안전운전불이행,건조,맑음,단일로 - 기타,화물,남,41세,중상,화물,남,56세,상해없음
2012092700100061,2012년 9월 27일 03시,목요일,충청북도 청주시 상당구 용암동,경상사고,0,0,2,0,차대차 - 측면직각충돌,신호위반,건조,맑음,교차로 - 교차로안,승용,남,53세,상해없음,승용,남,49세,경상
2012092700100073,2012년 9월 27일 04시,목요일,충청북도 제천시 영천동,경상사고,0,0,3,0,차대차 - 기타,신호위반,건조,맑음,교차로 - 교차로안,화물,남,45세,상해없음,승용,남,28세,경상
2012092700100084,2012년 9월 27일 05시,목요일,충청북도 청원군 남이면,사망사고,1,0,0,0,차대사람 - 기타,안전운전불이행,건조,맑음,단일로 - 기타,승용,남,41세,상해없음,보행자,남,73세,사망
2012092700100093,2012년 9월 27일 06시,목요일,충청북도 청주시 흥덕구 신촌동,경상사고,0,0,2,0,차대차 - 측면직각충돌,중앙선침범,건조,맑음,단일로 - 기타,승용,남,26세,상해없음,승용,남,58세,경상
2012092700100175,2012년 9월 27일 09시,목요일,충청북도 청주시 상당구 남주동,경상사고,0,0,1,0,차대차 - 측면직각충돌,안전운전불이행,건조,맑음,교차로 - 교차로부근,화물,남,63세,상해없음,이륜,여,63세,경상
2012092700100176,2012년 9월 27일 09시,목요일,충청북도 청주시 흥덕구 수곡동,경상사고,0,0,2,0,차대차 - 측면직각충돌,안전운전불이행,건조,맑음,교차로 - 교차로안,승용,남,70세,상해없음,승용,남,48세,경상
2012092700100212,2012년 9월 27일 10시,목요일,충청북도 청주시 흥덕구 사창동,중상사고,0,1,0,0,차대사람 - 기타,안전운전불이행,건조,맑음,단일로 - 기타,화물,남,36세,상해없음,보행자,여,73세,중상
2012092700100271,2012년 9월 27일 12시,목요일,충청북도 청주시 흥덕구 개신동,중상사고,0,1,0,0,차대차 - 측면직각충돌,안전운전불이행,건조,맑음,교차로 - 교차로안,화물,남,60세,상해없음,자전거,남,72세,중상
2012092700100292,2012년 9월 27일 13시,목요일,충청북도 충주시 성서동,중상사고,0,1,0,0,차대차 - 추돌 - 진행중,안전운전불이행,건조,맑음,교차로 - 교차로부근,승용,여,39세,상해없음,자전거,여,75세,중상
2012092700100293,2012년 9월 27일 13시,목요일,충청북도 제천시 교동,경상사고,0,0,3,0,차대차 - 기타,안전운전불이행,건조,맑음,단일로 - 기타,화물,남,49세,상해없음,화물,남,23세,경상
2012092700100294,2012년 9월 27일 13시,목요일,충청북도 진천군 이월면,중상사고,0,2,0,0,차대차 - 측면직각충돌,안전운전불이행,건조,맑음,교차로 - 교차로안,화물,남,57세,상해없음,승용,남,58세,중상
2012092700100325,2012년 9월 27일 14시,목요일,충청북도 충주시 금릉동,경상사고,0,0,1,1,차대차 - 추돌 - 진행중,안전거리미확보,건조,맑음,단일로 - 기타,승용,여,44세,부상신고,승용,여,54세,상해없음
2012092700100326,2012년 9월 27일 14시,목요일,충청북도 영동군 상촌면,경상사고,0,0,1,0,차대차 - 측면직각충돌,중앙선침범,건조,맑음,단일로 - 기타,화물,남,58세,상해없음,승용,남,60세,경상
2012092700100327,2012년 9월 27일 14시,목요일,충청북도 증평군 증평읍,경상사고,0,0,1,0,차대사람 - 횡단중,안전운전불이행,건조,맑음,단일로 - 기타,화물,남,29세,상해없음,보행자,남,7세,경상
2012092700100359,2012년 9월 27일 15시,목요일,충청북도 청주시 흥덕구 강서동,중상사고,0,1,0,0,차대사람 - 보도통행중,보행자보호의무위반,건조,맑음,단일로 - 횡단보도상,화물,남,64세,상해없음,보행자,남,10세,중상
2012092700100436,2012년 9월 27일 17시,목요일,충청북도 제천시 화산동,경상사고,0,0,1,0,차대차 - 기타,직진우회전진행방해,건조,맑음,교차로 - 교차로안,승용,남,41세,상해없음,승용,남,53세,상해없음
2012092700100437,2012년 9월 27일 17시,목요일,충청북도 음성군 맹동면,경상사고,0,0,1,0,차대차 - 기타,안전운전불이행,건조,맑음,교차로 - 교차로안,화물,남,39세,상해없음,승용,남,41세,경상
2012092700100438,2012년 9월 27일 17시,목요일,충청북도 청주시 상당구 영운동,경상사고,0,0,1,0,차대차 - 기타,안전운전불이행,건조,맑음,단일로 - 기타,원동기,남,38세,경상,승용,남,46세,상해없음
2012092700100475,2012년 9월 27일 18시,목요일,충청북도 청주시 상당구 내덕동,경상사고,0,0,1,0,차대차 - 측면직각충돌,안전운전불이행,건조,맑음,교차로 - 교차로안,승용,남,50세,상해없음,승합,남,50세,상해없음
2012092700100476,2012년 9월 27일 18시,목요일,충청북도 제천시 의림동,중상사고,0,1,2,0,차대차 - 측면직각충돌,안전운전불이행,건조,맑음,교차로 - 교차로안,화물,남,35세,상해없음,이륜,남,43세,중상
2012092700100477,2012년 9월 27일 18시,목요일,충청북도 청원군 강내면,중상사고,0,1,2,0,차대차 - 추돌 - 진행중,중앙선침범,건조,맑음,교차로 - 교차로부근,승용,남,30세,경상,화물,남,55세,경상
2012092700100525,2012년 9월 27일 19시,목요일,충청북도 진천군 진천읍,경상사고,0,0,1,0,차대사람 - 차도통행중,안전운전불이행,건조,맑음,단일로 - 기타,승용,남,49세,상해없음,보행자,남,28세,경상
2012092700100608,2012년 9월 27일 21시,목요일,충청북도 충주시 앙성면,중상사고,0,1,1,0,차대사람 - 길가장자리구역통행중,안전운전불이행,건조,맑음,단일로 - 기타,승용,남,50세,상해없음,보행자,남,27세,중상
2012092700100609,2012년 9월 27일 21시,목요일,충청북도 충주시 주덕읍,중상사고,0,1,0,0,차량단독 - 전도전복,안전운전불이행,건조,맑음,단일로 - 기타,화물,남,56세,상해없음,,,,
2012092700100610,2012년 9월 27일 21시,목요일,충청북도 청원군 오창읍,사망사고,1,0,2,0,차대차 - 추돌 - 진행중,안전운전불이행,건조,맑음,단일로 - 기타,승용,남,43세,사망,화물,남,32세,경상
2012092700100643,2012년 9월 27일 22시,목요일,충청북도 청주시 상당구 율량동,경상사고,0,0,1,0,차대사람 - 횡단중,보행자보호의무위반,건조,맑음,교차로 - 교차로안,화물,남,48세,상해없음,보행자,여,53세,경상
2012092700100644,2012년 9월 27일 22시,목요일,충청북도 충주시 교현동,중상사고,0,2,1,0,차대차 - 측면직각충돌,안전운전불이행,건조,맑음,교차로 - 교차로안,승용,여,58세,경상,승용,여,38세,중상
2012092700100645,2012년 9월 27일 22시,목요일,충청북도 제천시 중앙로1가,중상사고,0,1,0,0,차대차 - 측면직각충돌,중앙선침범,건조,맑음,단일로 - 기타,승용,여,30세,상해없음,이륜,남,19세,중상
2012092700100646,2012년 9월 27일 22시,목요일,충청북도 음성군 대소면,경상사고,0,0,2,0,차대차 - 측면직각충돌,교차로운행방법위반,건조,맑음,교차로 - 교차로안,승용,남,44세,경상,승용,여,45세,경상
2012092700100679,2012년 9월 27일 23시,목요일,충청북도 제천시 장락동,경상사고,0,0,2,0,차대차 - 측면직각충돌,중앙선침범,건조,맑음,단일로 - 기타,이륜,남,17세,경상,승용,남,43세,경상
2012092700100680,2012년 9월 27일 23시,목요일,충청북도 청주시 흥덕구 복대동,경상사고,0,0,1,0,차대차 - 추돌 - 진행중,안전운전불이행,건조,맑음,단일로 - 기타,승용,여,36세,상해없음,승용,여,38세,상해없음
2012092700100681,2012년 9월 27일 23시,목요일,충청북도 청주시 흥덕구 사창동,경상사고,0,0,1,0,차대차 - 추돌 - 주정차중,안전운전불이행,건조,맑음,교차로 - 교차로부근,승용,남,19세,상해없음,승용,남,23세,경상
2012092800100057,2012년 9월 28일 02시,금요일,충청북도 제천시 송학면,경상사고,0,0,1,0,차대사람 - 횡단중,안전운전불이행,건조,맑음,단일로 - 기타,승용,남,23세,상해없음,보행자,남,24세,경상
2012092800100103,2012년 9월 28일 06시,금요일,충청북도 충주시 성서동,중상사고,0,2,0,0,차량단독 - 공작물충돌,안전운전불이행,건조,맑음,단일로 - 기타,원동기,남,21세,중상,,,,