사고번호,사고일시,요일,시군구,사고내용,사망자수,중상자수,경상자수,부상신고자수,사고유형,법규위반,노면상태,기상상태,도로형태,가해운전자 차종,가해운전자 성별,가해운전자 연령,가해운전자 상해정도,피해운전자 차종,피해운전자 성별,피해운전자 연령,피해운전자 상해정도
2012092800100122,2012년 9월 28일 07시,금요일,충청북도 충주시 목행동,중상사고,0,1,0,1,차대차 - 추돌 - 진행중,안전운전불이행,건조,맑음,단일로 - 기타,승용,남,40세,부상신고,건설기계,남,60세,상해없음
2012092800100123,2012년 9월 28일 07시,금요일,충청북도 음성군 음성읍,경상사고,0,0,1,0,차대차 - 측면직각충돌,안전운전불이행,기타,안개,교차로 - 교차로안,화물,남,44세,상해없음,승용,남,45세,경상
2012092800100153,2012년 9월 28일 08시,금요일,충청북도 음성군 금왕읍,경상사고,0,0,7,0,차대차 - 추돌 - 주정차중,안전운전불이행,건조,맑음,단일로 - 기타,승합,남,50세,상해없음,승합,남,53세,경상
2012092800100154,2012년 9월 28일 08시,금요일,충청북도 음성군 금왕읍,경상사고,0,0,2,0,차대차 - 측면직각충돌,신호위반,건조,맑음,교차로 - 교차로안,승용,남,76세,경상,화물,남,43세,경상
2012092800100155,2012년 9월 28일 08시,금요일,충청북도 청주시 흥덕구 복대동,경상사고,0,0,1,0,차대차 - 측면직각충돌,안전운전불이행,건조,맑음,단일로 - 횡단보도상,승용,남,35세,상해없음,자전거,남,12세,경상
2012092800100156,2012년 9월 28일 08시,금요일,충청북도 청주시 흥덕구 수곡동,경상사고,0,0,1,0,차대차 - 측면직각충돌,안전운전불이행,건조,맑음,교차로 - 교차로부근,승용,남,56세,상해없음,승용,여,62세,경상
2012092800100201,2012년 9월 28일 09시,금요일,충청북도 청주시 상당구 율량동,경상사고,0,0,2,0,차대차 - 추돌 - 주정차중,안전운전불이행,건조,맑음,교차로 - 교차로부근,승용,남,64세,상해없음,승용,여,29세,경상
2012092800100342,2012년 9월 28일 13시,금요일,충청북도 청원군 내수읍,경상사고,0,0,1,0,차대차 - 측면직각충돌,신호위반,건조,맑음,교차로 - 교차로안,화물,남,60세,상해없음,화물,남,36세,경상
2012092800100343,2012년 9월 28일 13시,금요일,충청북도 충주시 교현동,부상신고사고,0,0,0,1,차대차 - 추돌 - 진행중,중앙선침범,건조,맑음,단일로 - 기타,이륜,남,51세,부상신고,승용,남,45세,상해없음
2012092800100386,2012년 9월 28일 14시,금요일,충청북도 청주시 상당구 석교동,중상사고,0,1,0,0,차대사람 - 길가장자리구역통행중,안전운전불이행,건조,맑음,단일로 - 기타,승용,남,37세,기타불명,보행자,여,57세,중상
2012092800100387,2012년 9월 28일 14시,금요일,충청북도 청주시 상당구 주중동,경상사고,0,0,2,0,차대차 - 측면직각충돌,안전운전불이행,건조,맑음,단일로 - 기타,승용,여,46세,상해없음,승용,여,42세,경상
2012092800100388,2012년 9월 28일 14시,금요일,충청북도 충주시 교현동,경상사고,0,0,2,0,차대차 - 추돌 - 주정차중,안전운전불이행,건조,맑음,교차로 - 교차로부근,승용,남,58세,상해없음,승용,여,30세,경상
2012092800100389,2012년 9월 28일 14시,금요일,충청북도 제천시 의림동,중상사고,0,3,0,0,차대차 - 기타,직진우회전진행방해,건조,맑음,교차로 - 교차로안,승용,남,50세,상해없음,승용,남,29세,중상
2012092800100420,2012년 9월 28일 15시,금요일,충청북도 보은군 보은읍,중상사고,0,1,1,0,차대차 - 측면직각충돌,교차로운행방법위반,건조,맑음,단일로 - 기타,이륜,남,62세,중상,승용,여,23세,경상
2012092800100421,2012년 9월 28일 15시,금요일,충청북도 진천군 광혜원면,경상사고,0,0,1,0,차대차 - 기타,중앙선침범,건조,맑음,단일로 - 기타,화물,남,68세,상해없음,건설기계,남,41세,경상
2012092800100473,2012년 9월 28일 16시,금요일,충청북도 청주시 상당구 율량동,경상사고,0,0,1,0,차대사람 - 차도통행중,안전운전불이행,건조,맑음,교차로 - 교차로부근,승용,남,52세,상해없음,보행자,여,17세,경상
2012092800100474,2012년 9월 28일 16시,금요일,충청북도 음성군 금왕읍,경상사고,0,0,1,0,차대차 - 측면직각충돌,교차로운행방법위반,습기,비,교차로 - 교차로안,승용,남,30세,상해없음,원동기,남,68세,경상
2012092800100522,2012년 9월 28일 17시,금요일,충청북도 제천시 청전동,중상사고,0,1,0,0,차대차 - 기타,직진우회전진행방해,건조,맑음,교차로 - 교차로안,화물,남,46세,상해없음,승합,남,59세,중상
2012092800100581,2012년 9월 28일 18시,금요일,충청북도 청주시 상당구 금천동,중상사고,0,1,0,0,차대차 - 기타,안전운전불이행,건조,맑음,교차로 - 교차로부근,승용,남,24세,상해없음,자전거,여,46세,중상
2012092800100582,2012년 9월 28일 18시,금요일,충청북도 음성군 금왕읍,경상사고,0,0,2,0,차대차 - 추돌 - 주정차중,안전운전불이행,건조,맑음,단일로 - 기타,승용,남,46세,상해없음,승용,남,29세,경상
2012092800100645,2012년 9월 28일 19시,금요일,충청북도 충주시 대소원면,경상사고,0,0,2,1,차대차 - 추돌 - 진행중,안전운전불이행,건조,맑음,단일로 - 기타,승용,여,33세,경상,승합,남,36세,상해없음
2012092800100646,2012년 9월 28일 19시,금요일,충청북도 청주시 흥덕구 운천동,중상사고,0,1,0,0,차대사람 - 기타,보행자보호의무위반,건조,맑음,단일로 - 횡단보도상,원동기,남,45세,상해없음,보행자,여,42세,중상
2012092800100693,2012년 9월 28일 20시,금요일,충청북도 청주시 상당구 서문동,경상사고,0,0,1,0,차대사람 - 기타,안전운전불이행,건조,맑음,단일로 - 기타,자전거,남,50세,상해없음,보행자,여,9세,경상
2012092800100694,2012년 9월 28일 20시,금요일,충청북도 청원군 오송읍,사망사고,1,0,0,0,차대사람 - 횡단중,안전운전불이행,건조,맑음,교차로 - 교차로안,승용,남,30세,상해없음,보행자,남,62세,사망
2012092800100695,2012년 9월 28일 20시,금요일,충청북도 청주시 상당구 산성동,중상사고,0,1,0,0,차대사람 - 횡단중,안전운전불이행,건조,맑음,교차로 - 교차로안,승용,남,48세,상해없음,보행자,여,20세,중상
2012092800100732,2012년 9월 28일 21시,금요일,충청북도 음성군 원남면,경상사고,0,0,1,0,차대사람 - 기타,안전운전불이행,건조,맑음,기타 - 기타,승용,남,34세,상해없음,보행자,남,27세,경상
2012092800100773,2012년 9월 28일 22시,금요일,충청북도 충주시 연수동,사망사고,1,0,0,0,차대사람 - 횡단중,안전운전불이행,건조,맑음,단일로 - 기타,이륜,남,33세,상해없음,보행자,여,70세,사망
2012092800100806,2012년 9월 28일 23시,금요일,충청북도 청원군 오송읍,경상사고,0,0,1,0,차대차 - 측면직각충돌,안전운전불이행,건조,맑음,단일로 - 기타,화물,남,47세,상해없음,승용,남,38세,경상
2012092900100015,2012년 9월 29일 00시,토요일,충청북도 청원군 옥산면,사망사고,1,0,1,0,차대차 - 측면직각충돌,교차로운행방법위반,건조,맑음,교차로 - 교차로안,승용,남,27세,사망,승용,남,33세,경상
2012092900100103,2012년 9월 29일 05시,토요일,충청북도 보은군 보은읍,중상사고,0,1,0,0,차대사람 - 기타,안전운전불이행,건조,맑음,단일로 - 기타,화물,남,19세,상해없음,보행자,남,56세,중상
2012092900100137,2012년 9월 29일 07시,토요일,충청북도 음성군 대소면,경상사고,0,0,1,0,차대차 - 측면직각충돌,교차로운행방법위반,건조,맑음,교차로 - 교차로안,승용,남,65세,상해없음,승용,남,36세,경상
2012092900100269,2012년 9월 29일 12시,토요일,충청북도 충주시 충인동,경상사고,0,0,1,0,차대사람 - 기타,안전운전불이행,건조,맑음,기타 - 기타,화물,남,31세,상해없음,보행자,남,52세,경상
2012092900100293,2012년 9월 29일 13시,토요일,충청북도 제천시 의림동,중상사고,0,1,0,0,차대차 - 측면직각충돌,직진우회전진행방해,건조,맑음,교차로 - 교차로안,승용,여,54세,중상,승용,남,34세,상해없음
2012092900100316,2012년 9월 29일 14시,토요일,충청북도 청주시 흥덕구 봉명동,경상사고,0,0,1,0,차대차 - 기타,안전운전불이행,건조,맑음,교차로 - 교차로부근,기타불명,기타불명,기타불명,기타불명,자전거,남,48세,경상
2012092900100342,2012년 9월 29일 15시,토요일,충청북도 음성군 금왕읍,경상사고,0,0,4,0,차대차 - 측면직각충돌,교차로운행방법위반,건조,맑음,교차로 - 교차로안,승용,남,63세,경상,승용,남,44세,경상
2012092900100362,2012년 9월 29일 16시,토요일,충청북도 진천군 진천읍,중상사고,0,1,1,0,차대차 - 정면충돌,교차로운행방법위반,건조,맑음,교차로 - 교차로안,승용,남,43세,상해없음,승용,여,64세,중상
2012092900100380,2012년 9월 29일 17시,토요일,충청북도 음성군 감곡면,사망사고,1,0,0,0,차대차 - 기타,차로위반,건조,맑음,단일로 - 기타,원동기,남,74세,사망,승용,남,70세,상해없음
2012092900100381,2012년 9월 29일 17시,토요일,충청북도 청주시 흥덕구 운천동,경상사고,0,0,1,0,차대사람 - 기타,안전운전불이행,건조,맑음,교차로 - 교차로부근,승용,남,32세,상해없음,보행자,여,27세,경상
2012092900100458,2012년 9월 29일 19시,토요일,충청북도 제천시 봉양읍,경상사고,0,0,4,0,차대차 - 기타,안전운전불이행,건조,맑음,교차로 - 교차로부근,화물,남,28세,상해없음,화물,남,47세,경상
2012092900100459,2012년 9월 29일 19시,토요일,충청북도 괴산군 청안면,경상사고,0,0,2,0,차대차 - 측면직각충돌,교차로운행방법위반,건조,맑음,교차로 - 교차로안,화물,남,69세,상해없음,승용,여,55세,경상
2012092900100460,2012년 9월 29일 19시,토요일,충청북도 청주시 흥덕구 미평동,경상사고,0,0,2,0,차대차 - 기타,안전운전불이행,건조,맑음,단일로 - 기타,승용,남,27세,상해없음,승용,남,52세,경상
2012092900100461,2012년 9월 29일 19시,토요일,충청북도 청주시 상당구 용정동,중상사고,0,1,0,0,차대차 - 기타,신호위반,건조,맑음,교차로 - 교차로부근,승용,남,23세,상해없음,이륜,남,16세,중상
2012092900100479,2012년 9월 29일 20시,토요일,충청북도 충주시 봉방동,경상사고,0,0,1,0,차대차 - 측면직각충돌,직진우회전진행방해,건조,맑음,교차로 - 교차로안,승용,남,44세,상해없음,승용,남,26세,경상
2012092900100480,2012년 9월 29일 20시,토요일,충청북도 제천시 중앙로1가,경상사고,0,0,2,0,차대차 - 기타,안전거리미확보,건조,맑음,교차로 - 교차로부근,승용,남,27세,상해없음,승용,남,40세,경상
2012092900100481,2012년 9월 29일 20시,토요일,충청북도 청주시 흥덕구 복대동,중상사고,0,1,1,0,차대차 - 측면직각충돌,신호위반,건조,맑음,교차로 - 교차로부근,이륜,남,34세,중상,자전거,남,50세,경상
2012092900100503,2012년 9월 29일 21시,토요일,충청북도 청원군 오창읍,중상사고,0,1,0,0,차대차 - 정면충돌,중앙선침범,건조,맑음,단일로 - 기타,승용,남,39세,상해없음,승용,남,55세,중상
2012093000100021,2012년 9월 30일 01시,일요일,충청북도 음성군 생극면,경상사고,0,0,3,0,차량단독 - 도로외이탈 - 기타,안전운전불이행,건조,맑음,단일로 - 기타,승용,남,24세,경상,,,,
2012093000100065,2012년 9월 30일 06시,일요일,충청북도 괴산군 괴산읍,중상사고,0,4,0,0,차량단독 - 도로외이탈 - 추락,안전운전불이행,습기,안개,교차로 - 교차로안,승용,남,34세,중상,,,,
2012093000100066,2012년 9월 30일 06시,일요일,충청북도 청주시 흥덕구 송정동,경상사고,0,0,2,0,차대차 - 추돌 - 진행중,안전운전불이행,건조,맑음,단일로 - 기타,승용,남,31세,상해없음,승용,남,50세,경상
2012093000100118,2012년 9월 30일 10시,일요일,충청북도 제천시 의림동,경상사고,0,0,1,0,차대차 - 측면직각충돌,기타,건조,맑음,교차로 - 교차로안,승용,여,41세,경상,승용,남,52세,상해없음
2012093000100120,2012년 9월 30일 10시,일요일,충청북도 영동군 황간면,중상사고,0,1,0,0,차대사람 - 기타,안전운전불이행,건조,맑음,단일로 - 기타,승용,여,31세,상해없음,보행자,남,50세,중상
2012093000100139,2012년 9월 30일 11시,일요일,충청북도 청원군 낭성면,경상사고,0,0,5,0,차대차 - 추돌 - 진행중,안전운전불이행,건조,맑음,단일로 - 기타,승용,남,36세,상해없음,승용,남,47세,경상
2012093000100167,2012년 9월 30일 12시,일요일,충청북도 음성군 감곡면,중상사고,0,1,2,0,차대차 - 기타,교차로운행방법위반,건조,맑음,교차로 - 교차로안,승용,남,38세,경상,승용,남,58세,경상
2012093000100198,2012년 9월 30일 13시,일요일,충청북도 괴산군 청천면,부상신고사고,0,0,0,1,차대차 - 추돌 - 진행중,안전거리미확보,건조,맑음,단일로 - 기타,이륜,남,65세,부상신고,승용,여,44세,상해없음
2012093000100229,2012년 9월 30일 14시,일요일,충청북도 제천시 장락동,중상사고,0,2,3,0,차대차 - 기타,직진우회전진행방해,건조,맑음,교차로 - 교차로안,승용,남,51세,경상,승용,여,51세,중상
2012093000100253,2012년 9월 30일 15시,일요일,충청북도 청원군 남일면,중상사고,0,1,0,0,차대차 - 기타,중앙선침범,건조,맑음,단일로 - 기타,이륜,남,21세,중상,승용,남,41세,상해없음
2012093000100280,2012년 9월 30일 16시,일요일,충청북도 충주시 앙성면,경상사고,0,0,4,0,차대차 - 기타,안전운전불이행,건조,맑음,단일로 - 기타,화물,남,40세,상해없음,승용,남,41세,경상
2012093000100305,2012년 9월 30일 17시,일요일,충청북도 제천시 송학면,경상사고,0,0,3,0,차대차 - 측면직각충돌,직진우회전진행방해,건조,맑음,교차로 - 교차로안,승용,여,38세,상해없음,승합,남,57세,경상
2012093000100306,2012년 9월 30일 17시,일요일,충청북도 청주시 흥덕구 분평동,경상사고,0,0,4,0,차대차 - 측면직각충돌,안전운전불이행,건조,맑음,교차로 - 교차로안,승용,남,54세,상해없음,승용,남,32세,경상
2012093000100363,2012년 9월 30일 19시,일요일,충청북도 청주시 흥덕구 성화동,경상사고,0,0,4,0,차대차 - 측면직각충돌,교차로운행방법위반,건조,맑음,교차로 - 교차로안,승용,남,68세,상해없음,승용,여,33세,경상
2012093000100364,2012년 9월 30일 19시,일요일,충청북도 청주시 흥덕구 지동동,중상사고,0,1,0,0,차대차 - 추돌 - 주정차중,안전운전불이행,건조,맑음,교차로 - 교차로부근,승용,남,52세,상해없음,승용,남,27세,중상
2012093000100391,2012년 9월 30일 20시,일요일,충청북도 청주시 흥덕구 사창동,경상사고,0,0,1,0,차대차 - 측면직각충돌,신호위반,건조,맑음,교차로 - 교차로안,이륜,남,24세,경상,승용,남,37세,상해없음
2012093000100407,2012년 9월 30일 21시,일요일,충청북도 청주시 상당구 율량동,중상사고,0,1,0,0,차대차 - 기타,신호위반,건조,맑음,단일로 - 횡단보도상,승용,남,32세,상해없음,자전거,여,22세,중상
2012093000100421,2012년 9월 30일 22시,일요일,충청북도 충주시 달천동,경상사고,0,0,1,0,차대차 - 기타,안전운전불이행,건조,맑음,교차로 - 교차로부근,승용,남,22세,상해없음,자전거,남,64세,경상
2012100100100035,2012년 10월 1일 02시,월요일,충청북도 청주시 상당구 남문로1가동,경상사고,0,0,2,0,차대차 - 기타,신호위반,건조,맑음,단일로 - 기타,승용,남,41세,상해없음,자전거,남,22세,경상
2012100100100046,2012년 10월 1일 03시,월요일,충청북도 제천시 남천동,경상사고,0,0,1,0,차대사람 - 횡단중,안전운전불이행,건조,맑음,교차로 - 교차로부근,승용,남,64세,상해없음,보행자,남,49세,경상
2012100100100072,2012년 10월 1일 06시,월요일,충청북도 음성군 금왕읍,사망사고,1,3,0,0,차량단독 - 공작물충돌,안전운전불이행,기타,안개,단일로 - 횡단보도부근,화물,남,32세,중상,,,,
2012100100100073,2012년 10월 1일 06시,월요일,충청북도 청주시 흥덕구 신봉동,중상사고,0,2,0,0,차대차 - 추돌 - 주정차중,안전운전불이행,건조,맑음,교차로 - 교차로부근,승용,남,29세,상해없음,승용,남,51세,중상
2012100100100097,2012년 10월 1일 09시,월요일,충청북도 음성군 음성읍,중상사고,0,1,0,0,차대차 - 기타,안전운전불이행,건조,맑음,교차로 - 교차로안,승용,남,46세,상해없음,자전거,남,54세,중상
2012100100100098,2012년 10월 1일 09시,월요일,충청북도 청주시 상당구 영운동,부상신고사고,0,0,0,1,차대사람 - 기타,안전운전불이행,건조,맑음,교차로 - 교차로안,승용,여,35세,상해없음,보행자,남,64세,부상신고
2012100100100120,2012년 10월 1일 10시,월요일,충청북도 괴산군 청안면,중상사고,0,1,2,1,차대차 - 측면직각충돌,기타,건조,맑음,교차로 - 교차로안,승용,남,58세,부상신고,승합,여,53세,중상
2012100100100140,2012년 10월 1일 11시,월요일,충청북도 보은군 속리산면,중상사고,0,1,0,0,차대사람 - 길가장자리구역통행중,안전운전불이행,건조,맑음,기타 - 기타,승용,남,35세,상해없음,보행자,남,51세,중상
2012100100100159,2012년 10월 1일 12시,월요일,충청북도 충주시 금릉동,경상사고,0,0,2,0,차대차 - 측면직각충돌,안전거리미확보,건조,맑음,단일로 - 기타,승용,기타불명,기타불명,기타불명,승용,여,23세,경상
2012100100100195,2012년 10월 1일 14시,월요일,충청북도 단양군 단양읍,중상사고,0,1,0,0,차대차 - 측면직각충돌,안전운전불이행,건조,맑음,단일로 - 기타,승용,여,30세,상해없음,자전거,남,63세,중상
2012100100100224,2012년 10월 1일 15시,월요일,충청북도 청주시 흥덕구 수곡동,경상사고,0,0,5,0,차대차 - 기타,안전운전불이행,건조,맑음,교차로 - 교차로안,승용,남,68세,상해없음,승용,남,44세,경상
2012100100100250,2012년 10월 1일 16시,월요일,충청북도 제천시 청전동,중상사고,0,1,3,0,차대차 - 기타,안전거리미확보,건조,맑음,교차로 - 교차로부근,승용,남,30세,상해없음,승용,남,36세,경상
2012100100100285,2012년 10월 1일 17시,월요일,충청북도 청주시 흥덕구 미평동,경상사고,0,0,2,0,차대차 - 기타,중앙선침범,건조,맑음,단일로 - 기타,승용,남,51세,상해없음,화물,남,45세,기타불명
2012100100100396,2012년 10월 1일 21시,월요일,충청북도 충주시 살미면,중상사고,0,1,0,0,차대차 - 측면직각충돌,안전운전불이행,건조,맑음,단일로 - 기타,승용,남,58세,상해없음,승용,남,39세,중상
2012100100100397,2012년 10월 1일 21시,월요일,충청북도 청원군 남이면,중상사고,0,1,5,0,차대차 - 기타,안전운전불이행,건조,맑음,단일로 - 기타,승용,여,46세,경상,승용,남,45세,중상
2012100100100443,2012년 10월 1일 23시,월요일,충청북도 청주시 흥덕구 산남동,경상사고,0,0,1,0,차대차 - 기타,교차로운행방법위반,건조,맑음,교차로 - 교차로안,화물,남,25세,상해없음,승용,남,51세,경상
2012100100100444,2012년 10월 1일 23시,월요일,충청북도 청원군 남이면,중상사고,0,1,1,0,차대차 - 기타,신호위반,건조,맑음,교차로 - 교차로안,원동기,남,16세,상해없음,승용,남,38세,경상
2012100200100009,2012년 10월 2일 00시,화요일,충청북도 청원군 오창읍,경상사고,0,0,2,0,차대차 - 기타,교차로운행방법위반,건조,맑음,교차로 - 교차로안,승용,남,42세,상해없음,이륜,남,15세,경상
2012100200100023,2012년 10월 2일 01시,화요일,충청북도 청주시 흥덕구 복대동,중상사고,0,3,3,0,차대차 - 측면직각충돌,신호위반,건조,맑음,교차로 - 교차로안,승용,남,44세,상해없음,승용,남,45세,경상
2012100200100036,2012년 10월 2일 02시,화요일,충청북도 제천시 의림동,경상사고,0,0,2,0,차대차 - 기타,중앙선침범,건조,맑음,교차로 - 교차로부근,승용,남,28세,상해없음,승용,남,30세,경상
2012100200100037,2012년 10월 2일 02시,화요일,충청북도 청주시 흥덕구 모충동,경상사고,0,0,1,0,차대차 - 추돌 - 진행중,안전운전불이행,건조,맑음,교차로 - 교차로부근,화물,남,50세,상해없음,원동기,남,18세,경상
2012100200100055,2012년 10월 2일 03시,화요일,충청북도 청주시 흥덕구 복대동,경상사고,0,0,1,0,차대사람 - 기타,안전운전불이행,건조,맑음,단일로 - 기타,승용,남,52세,상해없음,보행자,남,25세,경상
2012100200100110,2012년 10월 2일 08시,화요일,충청북도 청주시 흥덕구 사창동,경상사고,0,0,2,0,차대차 - 추돌 - 진행중,안전운전불이행,건조,맑음,단일로 - 기타,승용,남,29세,상해없음,승용,남,33세,경상
2012100200100135,2012년 10월 2일 09시,화요일,충청북도 제천시 청전동,경상사고,0,0,1,0,차대차 - 기타,안전운전불이행,건조,맑음,단일로 - 기타,원동기,남,70세,경상,승용,여,38세,상해없음
2012100200100136,2012년 10월 2일 09시,화요일,충청북도 청주시 흥덕구 봉명동,부상신고사고,0,0,0,1,차대차 - 정면충돌,중앙선침범,건조,맑음,단일로 - 기타,승용,남,23세,상해없음,승용,남,36세,부상신고
2012100200100162,2012년 10월 2일 10시,화요일,충청북도 청원군 내수읍,부상신고사고,0,0,0,1,차대사람 - 기타,안전운전불이행,건조,맑음,교차로 - 교차로안,승용,남,43세,상해없음,보행자,남,8세,부상신고
2012100200100163,2012년 10월 2일 10시,화요일,충청북도 충주시 산척면,경상사고,0,0,2,0,차대차 - 기타,안전운전불이행,건조,맑음,기타 - 기타,승용,여,49세,상해없음,승용,남,50세,상해없음
2012100200100199,2012년 10월 2일 11시,화요일,충청북도 청주시 흥덕구 개신동,중상사고,0,1,2,0,차대차 - 측면직각충돌,신호위반,건조,맑음,교차로 - 교차로안,승용,남,57세,상해없음,화물,남,71세,중상
2012100200100248,2012년 10월 2일 13시,화요일,충청북도 충주시 봉방동,부상신고사고,0,0,0,1,차대차 - 추돌 - 주정차중,안전운전불이행,건조,맑음,단일로 - 기타,원동기,남,23세,부상신고,승용,남,32세,상해없음
2012100200100249,2012년 10월 2일 13시,화요일,충청북도 청주시 흥덕구 복대동,경상사고,0,0,2,0,차대차 - 추돌 - 주정차중,안전거리미확보,건조,맑음,단일로 - 기타,승용,남,62세,상해없음,승용,남,27세,경상
2012100200100313,2012년 10월 2일 15시,화요일,충청북도 단양군 대강면,중상사고,0,3,2,0,차대차 - 추돌 - 주정차중,안전운전불이행,건조,맑음,단일로 - 기타,승용,남,49세,상해없음,승용,남,44세,상해없음
2012100200100314,2012년 10월 2일 15시,화요일,충청북도 음성군 삼성면,경상사고,0,0,1,0,차대차 - 기타,안전운전불이행,건조,맑음,단일로 - 기타,이륜,남,21세,경상,승용,남,40세,상해없음
2012100200100315,2012년 10월 2일 15시,화요일,충청북도 청주시 흥덕구 사창동,경상사고,0,0,1,0,차대차 - 추돌 - 주정차중,안전운전불이행,건조,맑음,단일로 - 기타,승용,남,51세,상해없음,기타불명,미분류,기타불명,기타불명
2012100200100352,2012년 10월 2일 16시,화요일,충청북도 청주시 흥덕구 복대동,경상사고,0,0,2,0,차대차 - 측면직각충돌,안전거리미확보,건조,맑음,단일로 - 기타,승용,남,27세,경상,이륜,남,27세,경상
2012100200100353,2012년 10월 2일 16시,화요일,충청북도 청주시 흥덕구 봉명동,경상사고,0,0,1,0,차대차 - 측면직각충돌,안전거리미확보,건조,맑음,교차로 - 교차로부근,승용,남,59세,상해없음,승용,남,54세,상해없음
2012100200100393,2012년 10월 2일 17시,화요일,충청북도 충주시 교현동,경상사고,0,0,1,1,차대차 - 추돌 - 진행중,안전운전불이행,건조,맑음,단일로 - 기타,승용,여,45세,부상신고,승합,남,41세,경상
2012100200100431,2012년 10월 2일 18시,화요일,충청북도 제천시 흑석동,중상사고,0,1,0,0,차대차 - 기타,안전운전불이행,건조,맑음,단일로 - 기타,기타불명,기타불명,기타불명,기타불명,자전거,남,53세,중상
2012100200100485,2012년 10월 2일 19시,화요일,충청북도 청주시 상당구 율량동,경상사고,0,0,3,0,차대차 - 기타,안전운전불이행,건조,맑음,단일로 - 기타,승합,남,64세,상해없음,승용,남,33세,경상
2012100200100486,2012년 10월 2일 19시,화요일,충청북도 단양군 가곡면,중상사고,0,1,0,0,차대차 - 측면직각충돌,직진우회전진행방해,건조,맑음,교차로 - 교차로안,화물,남,58세,상해없음,승용,남,39세,중상
2012100200100516,2012년 10월 2일 20시,화요일,충청북도 충주시 문화동,중상사고,0,1,0,0,차대차 - 기타,안전운전불이행,건조,맑음,단일로 - 기타,원동기,남,17세,상해없음,원동기,여,55세,중상
2012100200100517,2012년 10월 2일 20시,화요일,충청북도 청주시 흥덕구 수곡동,경상사고,0,0,1,0,차대사람 - 길가장자리구역통행중,안전운전불이행,건조,맑음,기타 - 기타,승용,남,26세,상해없음,보행자,여,87세,경상
2012100200100548,2012년 10월 2일 21시,화요일,충청북도 음성군 감곡면,중상사고,0,1,0,0,차대사람 - 기타,안전운전불이행,건조,맑음,교차로 - 교차로부근,이륜,남,15세,상해없음,보행자,남,52세,중상
2012100200100582,2012년 10월 2일 22시,화요일,충청북도 청주시 흥덕구 사직동,경상사고,0,0,3,0,차대차 - 추돌 - 주정차중,안전운전불이행,건조,맑음,단일로 - 기타,승용,남,49세,상해없음,승용,남,43세,경상
2012100200100583,2012년 10월 2일 22시,화요일,충청북도 청주시 상당구 용암동,중상사고,0,1,0,0,차대차 - 측면직각충돌,중앙선침범,건조,맑음,단일로 - 기타,승용,남,50세,상해없음,원동기,남,17세,중상
2012100200100611,2012년 10월 2일 23시,화요일,충청북도 영동군 양강면,중상사고,0,1,0,0,차대사람 - 기타,안전운전불이행,건조,맑음,교차로 - 교차로안,승용,남,55세,상해없음,보행자,여,53세,중상
2012100200100612,2012년 10월 2일 23시,화요일,충청북도 청주시 흥덕구 개신동,중상사고,0,1,0,0,차대차 - 추돌 - 진행중,안전운전불이행,건조,맑음,단일로 - 기타,이륜,남,18세,중상,승용,남,25세,상해없음
2012100300100011,2012년 10월 3일 00시,수요일,충청북도 음성군 감곡면,경상사고,0,0,1,0,차대차 - 기타,안전운전불이행,건조,맑음,교차로 - 교차로부근,이륜,남,18세,경상,승용,남,32세,상해없음
2012100300100075,2012년 10월 3일 05시,수요일,충청북도 제천시 장락동,중상사고,0,1,0,0,차대사람 - 횡단중,안전운전불이행,건조,맑음,기타 - 기타,승용,남,65세,상해없음,보행자,여,78세,중상
2012100300100076,2012년 10월 3일 05시,수요일,충청북도 청주시 흥덕구 미평동,중상사고,0,2,0,0,차대차 - 추돌 - 진행중,안전운전불이행,건조,맑음,단일로 - 기타,승용,남,24세,상해없음,화물,남,55세,중상
2012100300100115,2012년 10월 3일 08시,수요일,충청북도 청주시 흥덕구 사직동,경상사고,0,0,2,0,차대차 - 측면직각충돌,교차로운행방법위반,건조,맑음,교차로 - 교차로안,승용,여,53세,상해없음,승용,여,25세,경상
2012100300100128,2012년 10월 3일 09시,수요일,충청북도 보은군 보은읍,중상사고,0,2,2,0,차대차 - 측면직각충돌,안전운전불이행,건조,맑음,교차로 - 교차로안,화물,남,73세,경상,화물,남,40세,경상
2012100300100149,2012년 10월 3일 10시,수요일,충청북도 음성군 금왕읍,중상사고,0,1,0,0,차대사람 - 기타,안전운전불이행,건조,맑음,교차로 - 교차로안,승용,남,25세,상해없음,보행자,여,75세,중상
2012100300100150,2012년 10월 3일 10시,수요일,충청북도 청주시 흥덕구 복대동,경상사고,0,0,1,0,차대차 - 측면직각충돌,기타,건조,맑음,단일로 - 기타,승용,남,65세,상해없음,자전거,남,73세,경상
2012100300100170,2012년 10월 3일 11시,수요일,충청북도 충주시 문화동,경상사고,0,0,1,0,차대차 - 측면직각충돌,안전운전불이행,건조,맑음,단일로 - 기타,승용,남,70세,상해없음,승용,여,47세,경상
2012100300100171,2012년 10월 3일 11시,수요일,충청북도 제천시 산곡동,중상사고,0,3,3,0,차대차 - 기타,안전운전불이행,건조,맑음,교차로 - 교차로안,화물,남,49세,상해없음,승용,남,39세,중상
2012100300100172,2012년 10월 3일 11시,수요일,충청북도 청주시 흥덕구 모충동,중상사고,0,1,0,0,차대차 - 정면충돌,중앙선침범,건조,맑음,단일로 - 기타,자전거,남,74세,중상,승용,남,48세,상해없음