사고번호,사고일시,요일,시군구,사고내용,사망자수,중상자수,경상자수,부상신고자수,사고유형,법규위반,노면상태,기상상태,도로형태,가해운전자 차종,가해운전자 성별,가해운전자 연령,가해운전자 상해정도,피해운전자 차종,피해운전자 성별,피해운전자 연령,피해운전자 상해정도
2012100800100242,2012년 10월 8일 12시,월요일,충청북도 옥천군 옥천읍,중상사고,0,1,0,0,차대차 - 측면직각충돌,교차로운행방법위반,건조,맑음,교차로 - 교차로안,화물,남,45세,상해없음,화물,남,39세,중상
2012100800100243,2012년 10월 8일 12시,월요일,충청북도 청원군 옥산면,경상사고,0,0,1,0,차대차 - 측면직각충돌,신호위반,건조,맑음,교차로 - 교차로안,자전거,여,71세,경상,승용,남,40세,상해없음
2012100800100312,2012년 10월 8일 14시,월요일,충청북도 청주시 상당구 우암동,경상사고,0,0,2,0,차대차 - 기타,안전운전불이행,건조,맑음,교차로 - 교차로부근,승용,남,52세,상해없음,승용,여,33세,경상
2012100800100313,2012년 10월 8일 14시,월요일,충청북도 청주시 상당구 영운동,경상사고,0,0,1,0,차대사람 - 기타,안전운전불이행,건조,맑음,단일로 - 기타,화물,남,33세,상해없음,보행자,여,31세,경상
2012100800100349,2012년 10월 8일 15시,월요일,충청북도 청주시 상당구 우암동,경상사고,0,0,1,0,차대차 - 기타,교차로운행방법위반,건조,맑음,교차로 - 교차로안,승용,여,52세,상해없음,자전거,남,76세,경상
2012100800100410,2012년 10월 8일 17시,월요일,충청북도 청원군 북이면,중상사고,0,1,0,0,차대차 - 기타,교차로운행방법위반,건조,맑음,교차로 - 교차로안,승용,여,52세,상해없음,이륜,남,59세,중상
2012100800100411,2012년 10월 8일 17시,월요일,충청북도 증평군 증평읍,경상사고,0,0,1,0,차대차 - 추돌 - 주정차중,안전운전불이행,건조,맑음,교차로 - 교차로부근,승용,남,56세,상해없음,승용,남,55세,경상
2012100800100412,2012년 10월 8일 17시,월요일,충청북도 진천군 이월면,중상사고,0,1,0,0,차대차 - 측면직각충돌,교차로운행방법위반,건조,맑음,교차로 - 교차로안,화물,남,46세,상해없음,화물,여,41세,중상
2012100800100461,2012년 10월 8일 18시,월요일,충청북도 충주시 연수동,부상신고사고,0,0,0,1,차대차 - 측면직각충돌,안전운전불이행,건조,맑음,기타 - 기타,자전거,여,7세,부상신고,승용,남,54세,상해없음
2012100800100462,2012년 10월 8일 18시,월요일,충청북도 충주시 신니면,중상사고,0,1,0,0,차량단독 - 기타,기타,건조,맑음,단일로 - 기타,원동기,남,72세,중상,,,,
2012100800100463,2012년 10월 8일 18시,월요일,충청북도 제천시 천남동,경상사고,0,0,1,0,차대차 - 기타,안전운전불이행,건조,맑음,교차로 - 교차로부근,화물,남,61세,상해없음,승용,남,50세,경상
2012100800100464,2012년 10월 8일 18시,월요일,충청북도 청주시 흥덕구 가경동,경상사고,0,0,1,0,차대사람 - 길가장자리구역통행중,안전운전불이행,건조,맑음,교차로 - 교차로부근,화물,남,56세,상해없음,보행자,여,34세,경상
2012100800100496,2012년 10월 8일 19시,월요일,충청북도 청주시 상당구 석교동,경상사고,0,0,1,0,차대차 - 기타,안전운전불이행,건조,맑음,교차로 - 교차로부근,승합,남,54세,상해없음,승용,남,35세,경상
2012100800100539,2012년 10월 8일 20시,월요일,충청북도 청주시 흥덕구 사창동,경상사고,0,0,1,0,차대사람 - 길가장자리구역통행중,안전운전불이행,건조,맑음,단일로 - 기타,승용,여,42세,상해없음,보행자,남,32세,경상
2012100800100568,2012년 10월 8일 21시,월요일,충청북도 충주시 목행동,경상사고,0,0,1,0,차대사람 - 길가장자리구역통행중,신호위반,건조,맑음,단일로 - 기타,원동기,남,17세,상해없음,보행자,남,40세,경상
2012100800100597,2012년 10월 8일 22시,월요일,충청북도 청주시 상당구 금천동,경상사고,0,0,1,0,차대차 - 기타,교차로운행방법위반,건조,맑음,교차로 - 교차로안,승용,남,59세,상해없음,승용,남,24세,경상
2012100800100598,2012년 10월 8일 22시,월요일,충청북도 영동군 양산면,경상사고,0,0,1,0,차대사람 - 기타,안전운전불이행,건조,맑음,기타 - 기타,화물,남,39세,상해없음,보행자,남,24세,경상
2012100800100599,2012년 10월 8일 22시,월요일,충청북도 청주시 흥덕구 산남동,경상사고,0,0,2,0,차대차 - 추돌 - 주정차중,안전운전불이행,건조,맑음,교차로 - 교차로부근,승용,남,48세,상해없음,승용,남,26세,경상
2012100800100619,2012년 10월 8일 23시,월요일,충청북도 청주시 상당구 내덕동,경상사고,0,0,1,0,차대차 - 측면직각충돌,안전운전불이행,건조,맑음,교차로 - 교차로안,승용,남,24세,상해없음,승용,여,28세,경상
2012100800100620,2012년 10월 8일 23시,월요일,충청북도 청주시 흥덕구 가경동,부상신고사고,0,0,0,1,차대사람 - 기타,안전운전불이행,건조,맑음,교차로 - 교차로부근,기타불명,기타불명,기타불명,기타불명,보행자,남,34세,부상신고
2012100900100021,2012년 10월 9일 01시,화요일,충청북도 청주시 상당구 용암동,경상사고,0,0,1,0,차대차 - 추돌 - 주정차중,안전운전불이행,건조,맑음,단일로 - 기타,승용,여,27세,상해없음,승용,남,52세,경상
2012100900100038,2012년 10월 9일 03시,화요일,충청북도 청주시 흥덕구 봉명동,경상사고,0,0,1,0,차대사람 - 길가장자리구역통행중,안전운전불이행,건조,맑음,교차로 - 교차로안,승용,남,49세,상해없음,보행자,남,30세,경상
2012100900100081,2012년 10월 9일 07시,화요일,충청북도 괴산군 불정면,사망사고,2,0,0,1,차대차 - 측면직각충돌,안전운전불이행,습기,안개,단일로 - 기타,승용,남,43세,부상신고,농기계,남,74세,사망
2012100900100118,2012년 10월 9일 08시,화요일,충청북도 청주시 상당구 주중동,중상사고,0,1,0,0,차대차 - 추돌 - 주정차중,안전운전불이행,건조,맑음,단일로 - 기타,승용,여,28세,상해없음,이륜,남,61세,중상
2012100900100119,2012년 10월 9일 08시,화요일,충청북도 청원군 오창읍,경상사고,0,0,1,0,차대차 - 기타,중앙선침범,건조,맑음,단일로 - 기타,승용,여,40세,상해없음,승용,여,53세,경상
2012100900100120,2012년 10월 9일 08시,화요일,충청북도 영동군 영동읍,중상사고,0,1,0,0,차대사람 - 횡단중,신호위반,건조,맑음,교차로 - 교차로부근,승용,여,38세,상해없음,보행자,남,10세,중상
2012100900100121,2012년 10월 9일 08시,화요일,충청북도 증평군 증평읍,사망사고,1,0,1,0,차대차 - 측면직각충돌,신호위반,건조,맑음,교차로 - 교차로안,원동기,남,71세,경상,승용,남,18세,상해없음
2012100900100165,2012년 10월 9일 09시,화요일,충청북도 충주시 연수동,중상사고,0,1,0,0,차대사람 - 횡단중,안전운전불이행,건조,맑음,단일로 - 기타,승합,남,64세,상해없음,보행자,여,74세,중상
2012100900100166,2012년 10월 9일 09시,화요일,충청북도 옥천군 옥천읍,경상사고,0,0,3,0,차대차 - 측면직각충돌,신호위반,건조,맑음,교차로 - 교차로안,화물,남,71세,상해없음,승용,남,39세,경상
2012100900100236,2012년 10월 9일 12시,화요일,충청북도 청주시 흥덕구 사직동,경상사고,0,0,2,0,차대차 - 추돌 - 주정차중,안전운전불이행,건조,맑음,교차로 - 교차로부근,승용,남,27세,상해없음,승용,여,59세,경상
2012100900100297,2012년 10월 9일 14시,화요일,충청북도 영동군 상촌면,중상사고,0,1,0,0,차대차 - 기타,안전운전불이행,건조,맑음,기타 - 기타,화물,남,62세,상해없음,농기계,남,75세,상해없음
2012100900100298,2012년 10월 9일 14시,화요일,충청북도 괴산군 칠성면,중상사고,0,3,0,0,차량단독 - 공작물충돌,안전운전불이행,건조,맑음,단일로 - 기타,승합,남,37세,상해없음,,,,
2012100900100299,2012년 10월 9일 14시,화요일,충청북도 진천군 진천읍,중상사고,0,1,0,0,차대사람 - 보도통행중,안전운전불이행,건조,맑음,교차로 - 교차로안,승합,남,38세,상해없음,보행자,여,74세,중상
2012100900100321,2012년 10월 9일 15시,화요일,충청북도 청주시 상당구 내덕동,중상사고,0,1,0,0,차대사람 - 횡단중,안전운전불이행,건조,맑음,단일로 - 기타,화물,남,71세,상해없음,보행자,여,74세,중상
2012100900100322,2012년 10월 9일 15시,화요일,충청북도 충주시 가주동,경상사고,0,0,3,0,차대차 - 측면직각충돌,안전운전불이행,건조,맑음,단일로 - 기타,승용,남,51세,상해없음,승용,여,60세,경상
2012100900100323,2012년 10월 9일 15시,화요일,충청북도 괴산군 괴산읍,부상신고사고,0,0,0,1,차량단독 - 기타,안전운전불이행,건조,맑음,단일로 - 기타,승용,남,31세,부상신고,,,,
2012100900100324,2012년 10월 9일 15시,화요일,충청북도 청원군 강내면,중상사고,0,1,1,0,차대차 - 측면직각충돌,안전운전불이행,건조,맑음,교차로 - 교차로안,승합,남,64세,상해없음,승용,남,52세,중상
2012100900100353,2012년 10월 9일 16시,화요일,충청북도 제천시 영천동,중상사고,0,4,0,0,차대차 - 추돌 - 주정차중,안전운전불이행,건조,맑음,교차로 - 교차로부근,건설기계,남,54세,상해없음,승용,여,42세,중상
2012100900100395,2012년 10월 9일 17시,화요일,충청북도 충주시 금릉동,중상사고,0,1,0,1,차대차 - 측면직각충돌,안전거리미확보,건조,맑음,단일로 - 기타,원동기,남,16세,부상신고,원동기,남,16세,중상
2012100900100396,2012년 10월 9일 17시,화요일,충청북도 충주시 호암동,경상사고,0,0,1,0,차대차 - 측면직각충돌,교차로운행방법위반,건조,맑음,교차로 - 교차로안,화물,남,63세,상해없음,승용,여,42세,경상
2012100900100429,2012년 10월 9일 18시,화요일,충청북도 청주시 상당구 내덕동,경상사고,0,0,1,0,차대차 - 추돌 - 주정차중,안전운전불이행,건조,맑음,교차로 - 교차로부근,승용,남,53세,상해없음,승용,여,25세,경상
2012100900100430,2012년 10월 9일 18시,화요일,충청북도 충주시 산척면,경상사고,0,0,1,0,차대차 - 측면직각충돌,안전거리미확보,건조,맑음,단일로 - 기타,건설기계,남,44세,상해없음,승용,여,54세,경상
2012100900100431,2012년 10월 9일 18시,화요일,충청북도 충주시 문화동,경상사고,0,0,1,0,차대차 - 측면직각충돌,안전운전불이행,건조,맑음,교차로 - 교차로안,기타불명,기타불명,기타불명,기타불명,원동기,남,18세,경상
2012100900100432,2012년 10월 9일 18시,화요일,충청북도 청주시 흥덕구 비하동,경상사고,0,0,1,0,차대차 - 측면직각충돌,안전운전불이행,건조,맑음,교차로 - 교차로부근,자전거,남,13세,경상,승용,남,48세,상해없음
2012100900100483,2012년 10월 9일 19시,화요일,충청북도 청주시 흥덕구 복대동,경상사고,0,0,1,0,차대차 - 측면직각충돌,신호위반,건조,맑음,교차로 - 교차로안,이륜,기타불명,기타불명,기타불명,승용,남,30세,경상
2012100900100484,2012년 10월 9일 19시,화요일,충청북도 청주시 흥덕구 강서동,중상사고,0,1,0,0,차대사람 - 기타,안전운전불이행,건조,맑음,단일로 - 기타,승합,남,42세,상해없음,보행자,여,73세,중상
2012100900100526,2012년 10월 9일 20시,화요일,충청북도 청주시 흥덕구 봉명동,중상사고,0,1,1,0,차대차 - 추돌 - 진행중,안전운전불이행,건조,맑음,단일로 - 기타,승용,남,25세,상해없음,승용,남,55세,경상
2012100900100560,2012년 10월 9일 21시,화요일,충청북도 제천시 동현동,중상사고,0,1,2,0,차대차 - 정면충돌,중앙선침범,건조,맑음,교차로 - 교차로부근,승용,남,66세,상해없음,승용,남,31세,중상
2012100900100561,2012년 10월 9일 21시,화요일,충청북도 영동군 영동읍,경상사고,0,0,1,0,차량단독 - 공작물충돌,안전운전불이행,건조,맑음,단일로 - 기타,승용,남,46세,경상,,,,
2012100900100562,2012년 10월 9일 21시,화요일,충청북도 단양군 매포읍,중상사고,0,1,0,0,차대사람 - 차도통행중,안전운전불이행,건조,맑음,단일로 - 기타,승용,여,41세,상해없음,보행자,남,48세,중상
2012100900100598,2012년 10월 9일 22시,화요일,충청북도 청주시 흥덕구 모충동,중상사고,0,1,0,0,차대차 - 기타,기타,건조,맑음,교차로 - 교차로안,자전거,남,20세,중상,기타불명,미분류,기타불명,기타불명
2012101000100025,2012년 10월 10일 01시,수요일,충청북도 청주시 흥덕구 복대동,경상사고,0,0,1,0,차대차 - 기타,안전운전불이행,건조,맑음,교차로 - 교차로안,승용,남,27세,경상,승용,남,33세,상해없음
2012101000100037,2012년 10월 10일 02시,수요일,충청북도 청주시 상당구 우암동,경상사고,0,0,4,0,차대차 - 추돌 - 진행중,안전거리미확보,건조,맑음,교차로 - 교차로부근,승용,남,22세,경상,승용,남,52세,경상
2012101000100097,2012년 10월 10일 07시,수요일,충청북도 청원군 오창읍,경상사고,0,0,1,0,차대차 - 측면직각충돌,안전운전불이행,건조,맑음,단일로 - 기타,승용,여,38세,상해없음,승합,남,50세,상해없음
2012101000100098,2012년 10월 10일 07시,수요일,충청북도 청주시 상당구 용정동,중상사고,0,1,0,0,차대사람 - 보도통행중,안전운전불이행,건조,맑음,교차로 - 교차로부근,승용,남,73세,상해없음,보행자,남,37세,중상
2012101000100129,2012년 10월 10일 08시,수요일,충청북도 청주시 상당구 사천동,중상사고,0,1,0,0,차대사람 - 횡단중,안전운전불이행,건조,맑음,단일로 - 기타,화물,남,41세,상해없음,보행자,남,9세,중상
2012101000100130,2012년 10월 10일 08시,수요일,충청북도 충주시 연수동,경상사고,0,0,1,0,차대차 - 추돌 - 진행중,안전거리미확보,건조,맑음,단일로 - 기타,이륜,남,78세,경상,승용,남,28세,상해없음
2012101000100131,2012년 10월 10일 08시,수요일,충청북도 음성군 대소면,사망사고,1,0,0,0,차량단독 - 공작물충돌,중앙선침범,습기,흐림,단일로 - 기타,화물,남,57세,사망,,,,
2012101000100132,2012년 10월 10일 08시,수요일,충청북도 청주시 흥덕구 수곡동,중상사고,0,1,1,0,차대차 - 측면직각충돌,신호위반,건조,맑음,교차로 - 교차로안,승용,여,43세,상해없음,승용,남,47세,경상
2012101000100186,2012년 10월 10일 10시,수요일,충청북도 제천시 중앙로2가,중상사고,0,1,0,0,차대사람 - 기타,안전운전불이행,건조,맑음,단일로 - 기타,기타불명,기타불명,기타불명,기타불명,보행자,여,87세,중상
2012101000100210,2012년 10월 10일 11시,수요일,충청북도 청주시 흥덕구 가경동,경상사고,0,0,1,0,차대사람 - 기타,안전운전불이행,건조,맑음,단일로 - 기타,승용,여,40세,상해없음,보행자,여,43세,경상
2012101000100263,2012년 10월 10일 13시,수요일,충청북도 진천군 덕산면,중상사고,0,1,0,0,차대차 - 측면직각충돌,교차로운행방법위반,건조,맑음,교차로 - 교차로안,승용,남,71세,상해없음,승용,여,36세,중상
2012101000100289,2012년 10월 10일 14시,수요일,충청북도 청주시 흥덕구 봉명동,경상사고,0,0,1,0,차대차 - 측면직각충돌,신호위반,건조,맑음,교차로 - 교차로부근,승용,남,55세,상해없음,승용,여,51세,경상
2012101000100320,2012년 10월 10일 15시,수요일,충청북도 영동군 영동읍,중상사고,0,1,0,0,차대차 - 기타,중앙선침범,건조,맑음,기타 - 기타,화물,남,60세,상해없음,승용,남,34세,상해없음
2012101000100321,2012년 10월 10일 15시,수요일,충청북도 청주시 흥덕구 운천동,중상사고,0,1,2,0,차대차 - 추돌 - 주정차중,안전운전불이행,건조,맑음,교차로 - 교차로안,승용,남,56세,상해없음,승용,남,39세,중상
2012101000100397,2012년 10월 10일 17시,수요일,충청북도 제천시 청풍면,중상사고,0,1,0,0,차대차 - 정면충돌,안전운전불이행,습기,비,단일로 - 기타,승용,남,59세,상해없음,화물,여,59세,중상
2012101000100444,2012년 10월 10일 18시,수요일,충청북도 청주시 상당구 율량동,경상사고,0,0,1,0,차대차 - 측면직각충돌,안전운전불이행,건조,맑음,단일로 - 기타,승용,남,44세,상해없음,승용,여,52세,경상
2012101000100445,2012년 10월 10일 18시,수요일,충청북도 청주시 상당구 탑동,경상사고,0,0,1,0,차대차 - 측면직각충돌,교차로운행방법위반,건조,맑음,교차로 - 교차로안,승용,남,27세,상해없음,승용,남,34세,경상
2012101000100446,2012년 10월 10일 18시,수요일,충청북도 청주시 상당구 외평동,경상사고,0,0,1,0,차대차 - 측면직각충돌,안전운전불이행,건조,맑음,교차로 - 교차로안,승용,남,55세,상해없음,승용,여,56세,경상
2012101000100447,2012년 10월 10일 18시,수요일,충청북도 충주시 문화동,경상사고,0,0,1,0,차대차 - 측면직각충돌,안전운전불이행,건조,맑음,교차로 - 교차로부근,승용,기타불명,기타불명,기타불명,승용,여,52세,경상
2012101000100448,2012년 10월 10일 18시,수요일,충청북도 제천시 명동,경상사고,0,0,1,0,차대차 - 기타,신호위반,건조,맑음,교차로 - 교차로안,자전거,남,61세,경상,화물,남,44세,상해없음
2012101000100449,2012년 10월 10일 18시,수요일,충청북도 청주시 흥덕구 분평동,중상사고,0,1,0,0,차대사람 - 기타,안전운전불이행,건조,맑음,단일로 - 기타,화물,남,51세,상해없음,보행자,남,46세,중상
2012101000100496,2012년 10월 10일 19시,수요일,충청북도 청주시 상당구 남주동,사망사고,1,0,0,0,차대사람 - 기타,안전운전불이행,건조,맑음,단일로 - 기타,승용,남,33세,상해없음,보행자,남,68세,사망
2012101000100497,2012년 10월 10일 19시,수요일,충청북도 청주시 상당구 주중동,경상사고,0,0,1,0,차대차 - 기타,안전운전불이행,건조,맑음,단일로 - 기타,화물,남,53세,기타불명,승용,남,31세,경상
2012101000100498,2012년 10월 10일 19시,수요일,충청북도 괴산군 괴산읍,중상사고,0,3,0,0,차대차 - 추돌 - 진행중,안전운전불이행,건조,맑음,단일로 - 기타,승용,여,70세,상해없음,농기계,남,76세,중상
2012101000100499,2012년 10월 10일 19시,수요일,충청북도 음성군 삼성면,사망사고,1,0,0,0,차대사람 - 보도통행중,안전운전불이행,건조,맑음,단일로 - 기타,화물,여,54세,상해없음,보행자,남,53세,사망
2012101000100530,2012년 10월 10일 20시,수요일,충청북도 음성군 대소면,경상사고,0,0,1,0,차대차 - 기타,안전운전불이행,건조,맑음,교차로 - 교차로부근,승용,남,32세,상해없음,승합,남,41세,경상
2012101000100621,2012년 10월 10일 23시,수요일,충청북도 청주시 상당구 율량동,중상사고,0,2,0,0,차대차 - 측면직각충돌,신호위반,건조,맑음,교차로 - 교차로안,승용,남,29세,상해없음,승용,남,50세,중상
2012101100100010,2012년 10월 11일 00시,목요일,충청북도 청주시 흥덕구 사창동,중상사고,0,1,1,0,차대차 - 측면직각충돌,신호위반,건조,맑음,교차로 - 교차로안,승용,여,47세,상해없음,승용,남,63세,경상
2012101100100057,2012년 10월 11일 02시,목요일,충청북도 청주시 흥덕구 복대동,경상사고,0,0,2,0,차대차 - 측면직각충돌,교차로운행방법위반,건조,맑음,교차로 - 교차로안,승용,남,37세,상해없음,승용,남,26세,경상
2012101100100121,2012년 10월 11일 07시,목요일,충청북도 음성군 삼성면,경상사고,0,0,1,0,차대차 - 기타,중앙선침범,건조,맑음,단일로 - 기타,화물,남,46세,상해없음,승합,남,28세,경상
2012101100100161,2012년 10월 11일 08시,목요일,충청북도 음성군 대소면,경상사고,0,0,2,0,차대차 - 측면직각충돌,교차로운행방법위반,건조,맑음,교차로 - 교차로안,승용,여,34세,경상,승용,남,26세,경상
2012101100100221,2012년 10월 11일 09시,목요일,충청북도 청주시 흥덕구 가경동,중상사고,0,1,0,0,차대차 - 측면직각충돌,신호위반,건조,맑음,교차로 - 교차로부근,화물,남,60세,상해없음,승합,남,48세,중상
2012101100100251,2012년 10월 11일 10시,목요일,충청북도 충주시 교현동,중상사고,0,1,0,0,차대차 - 추돌 - 진행중,안전운전불이행,건조,맑음,단일로 - 기타,승용,여,42세,상해없음,이륜,남,62세,중상
2012101100100252,2012년 10월 11일 10시,목요일,충청북도 청원군 남이면,경상사고,0,0,3,0,차대차 - 추돌 - 주정차중,안전운전불이행,건조,맑음,교차로 - 교차로부근,승용,남,55세,상해없음,승용,여,62세,경상
2012101100100279,2012년 10월 11일 11시,목요일,충청북도 청주시 상당구 율량동,중상사고,0,1,0,0,차대차 - 측면직각충돌,안전운전불이행,건조,맑음,단일로 - 기타,이륜,남,43세,중상,건설기계,남,45세,상해없음
2012101100100313,2012년 10월 11일 12시,목요일,충청북도 청주시 흥덕구 복대동,경상사고,0,0,1,0,차대차 - 측면직각충돌,안전운전불이행,건조,맑음,단일로 - 횡단보도상,승용,남,43세,상해없음,자전거,남,16세,경상
2012101100100314,2012년 10월 11일 12시,목요일,충청북도 청주시 흥덕구 사직동,중상사고,0,1,0,0,차대차 - 측면직각충돌,안전운전불이행,건조,맑음,교차로 - 교차로부근,승용,여,47세,상해없음,이륜,남,33세,중상
2012101100100341,2012년 10월 11일 13시,목요일,충청북도 청원군 오창읍,경상사고,0,0,1,0,차대사람 - 횡단중,안전운전불이행,건조,맑음,단일로 - 기타,승용,여,41세,상해없음,보행자,여,37세,경상
2012101100100342,2012년 10월 11일 13시,목요일,충청북도 청원군 내수읍,부상신고사고,0,0,0,1,차대차 - 추돌 - 진행중,안전운전불이행,건조,맑음,단일로 - 기타,화물,남,29세,상해없음,승용,남,26세,부상신고
2012101100100400,2012년 10월 11일 15시,목요일,충청북도 제천시 동현동,중상사고,0,1,1,0,차대차 - 측면직각충돌,안전운전불이행,건조,맑음,교차로 - 교차로안,승용,남,69세,상해없음,승용,남,76세,상해없음
2012101100100401,2012년 10월 11일 15시,목요일,충청북도 영동군 영동읍,경상사고,0,0,1,0,차대차 - 기타,안전운전불이행,건조,맑음,단일로 - 기타,자전거,남,15세,상해없음,자전거,여,49세,경상
2012101100100402,2012년 10월 11일 15시,목요일,충청북도 청주시 흥덕구 가경동,중상사고,0,1,0,0,차대차 - 추돌 - 주정차중,안전운전불이행,건조,맑음,교차로 - 교차로부근,승용,남,55세,기타불명,승용,여,20세,중상
2012101100100443,2012년 10월 11일 16시,목요일,충청북도 청주시 상당구 용담동,경상사고,0,0,1,0,차대차 - 기타,안전운전불이행,건조,맑음,교차로 - 교차로안,승용,여,38세,상해없음,승용,남,52세,상해없음
2012101100100487,2012년 10월 11일 17시,목요일,충청북도 충주시 교현동,중상사고,0,1,0,0,차대차 - 측면직각충돌,직진우회전진행방해,건조,맑음,교차로 - 교차로안,원동기,남,74세,중상,승용,남,52세,상해없음
2012101100100488,2012년 10월 11일 17시,목요일,충청북도 제천시 신백동,경상사고,0,0,1,0,차대차 - 기타,안전운전불이행,건조,맑음,단일로 - 기타,기타불명,기타불명,기타불명,기타불명,승용,여,29세,경상
2012101100100489,2012년 10월 11일 17시,목요일,충청북도 청주시 흥덕구 모충동,중상사고,0,2,0,0,차대차 - 측면직각충돌,교차로운행방법위반,건조,맑음,교차로 - 교차로안,승용,여,32세,상해없음,원동기,남,21세,중상
2012101100100490,2012년 10월 11일 17시,목요일,충청북도 청원군 미원면,중상사고,0,1,0,0,차량단독 - 공작물충돌,안전운전불이행,건조,맑음,단일로 - 기타,화물,남,61세,중상,,,,
2012101100100491,2012년 10월 11일 17시,목요일,충청북도 청주시 흥덕구 수곡동,경상사고,0,0,1,0,차대사람 - 횡단중,신호위반,건조,맑음,교차로 - 교차로안,승용,남,30세,상해없음,보행자,남,6세,경상
2012101100100546,2012년 10월 11일 18시,목요일,충청북도 충주시 연수동,경상사고,0,0,1,0,차대차 - 기타,중앙선침범,건조,맑음,단일로 - 기타,승용,남,65세,상해없음,자전거,남,52세,경상
2012101100100547,2012년 10월 11일 18시,목요일,충청북도 청주시 흥덕구 성화동,중상사고,0,1,0,0,차대차 - 측면직각충돌,안전운전불이행,건조,맑음,단일로 - 기타,승용,여,41세,상해없음,이륜,여,60세,중상
2012101100100548,2012년 10월 11일 18시,목요일,충청북도 청주시 흥덕구 사직동,중상사고,0,1,0,0,차대차 - 측면직각충돌,신호위반,건조,맑음,교차로 - 교차로안,승용,남,47세,상해없음,이륜,남,58세,중상
2012101100100593,2012년 10월 11일 19시,목요일,충청북도 영동군 황간면,경상사고,0,0,1,0,차대차 - 기타,안전운전불이행,건조,맑음,단일로 - 기타,승용,남,61세,상해없음,승용,여,42세,경상
2012101100100594,2012년 10월 11일 19시,목요일,충청북도 음성군 삼성면,경상사고,0,0,2,0,차대차 - 기타,안전운전불이행,건조,맑음,단일로 - 기타,화물,남,54세,상해없음,승용,남,28세,경상
2012101100100632,2012년 10월 11일 20시,목요일,충청북도 청주시 상당구 금천동,경상사고,0,0,1,0,차대차 - 측면직각충돌,신호위반,건조,맑음,교차로 - 교차로안,이륜,남,17세,상해없음,승용,여,48세,상해없음
2012101100100633,2012년 10월 11일 20시,목요일,충청북도 충주시 교현동,경상사고,0,0,1,0,차대차 - 측면직각충돌,안전운전불이행,건조,맑음,단일로 - 기타,승용,남,54세,상해없음,원동기,남,17세,경상
2012101100100634,2012년 10월 11일 20시,목요일,충청북도 제천시 장락동,경상사고,0,0,4,0,차대차 - 추돌 - 주정차중,안전운전불이행,건조,맑음,교차로 - 교차로부근,승용,여,28세,상해없음,승용,여,35세,경상
2012101100100699,2012년 10월 11일 22시,목요일,충청북도 청주시 상당구 문화동,중상사고,0,1,0,0,차대차 - 측면직각충돌,신호위반,건조,맑음,교차로 - 교차로안,승용,남,41세,상해없음,이륜,남,60세,중상
2012101100100700,2012년 10월 11일 22시,목요일,충청북도 충주시 교현동,경상사고,0,0,1,0,차대차 - 측면직각충돌,안전운전불이행,건조,맑음,단일로 - 기타,원동기,남,16세,상해없음,승용,남,41세,상해없음
2012101100100735,2012년 10월 11일 23시,목요일,충청북도 단양군 단양읍,사망사고,1,0,0,0,차대사람 - 횡단중,안전운전불이행,건조,맑음,단일로 - 기타,승용,남,52세,상해없음,보행자,남,45세,사망
2012101200100029,2012년 10월 12일 01시,금요일,충청북도 청원군 오창읍,중상사고,0,1,1,0,차대사람 - 차도통행중,안전운전불이행,건조,맑음,교차로 - 교차로부근,승용,남,27세,상해없음,보행자,남,30세,경상
2012101200100041,2012년 10월 12일 02시,금요일,충청북도 청주시 흥덕구 가경동,경상사고,0,0,3,0,차대차 - 추돌 - 진행중,안전운전불이행,건조,맑음,교차로 - 교차로부근,승용,남,41세,상해없음,승용,남,34세,경상
2012101200100097,2012년 10월 12일 07시,금요일,충청북도 음성군 대소면,경상사고,0,0,2,0,차대차 - 기타,교차로운행방법위반,건조,맑음,교차로 - 교차로안,화물,남,47세,상해없음,승합,남,59세,경상
2012101200100144,2012년 10월 12일 08시,금요일,충청북도 제천시 흑석동,중상사고,0,1,0,0,차대사람 - 기타,안전운전불이행,건조,맑음,단일로 - 기타,화물,남,68세,상해없음,보행자,여,73세,중상
2012101200100145,2012년 10월 12일 08시,금요일,충청북도 제천시 고암동,경상사고,0,0,1,0,차대차 - 기타,직진우회전진행방해,건조,맑음,교차로 - 교차로안,승용,여,45세,경상,승용,여,53세,상해없음
2012101200100146,2012년 10월 12일 08시,금요일,충청북도 영동군 영동읍,경상사고,0,0,3,0,차대차 - 기타,교차로운행방법위반,건조,맑음,교차로 - 교차로안,승용,여,42세,상해없음,승용,남,39세,경상
2012101200100179,2012년 10월 12일 09시,금요일,충청북도 청주시 흥덕구 봉명동,경상사고,0,0,1,0,차대차 - 측면직각충돌,안전운전불이행,건조,맑음,단일로 - 기타,건설기계,남,43세,상해없음,화물,남,46세,경상
2012101200100211,2012년 10월 12일 10시,금요일,충청북도 음성군 감곡면,경상사고,0,0,1,0,차대차 - 기타,안전운전불이행,건조,맑음,단일로 - 기타,이륜,남,64세,상해없음,자전거,남,81세,경상
2012101200100212,2012년 10월 12일 10시,금요일,충청북도 음성군 원남면,경상사고,0,0,2,0,차대차 - 정면충돌,중앙선침범,건조,맑음,단일로 - 기타,승용,여,52세,경상,화물,남,59세,경상