사고번호,사고일시,요일,시군구,사고내용,사망자수,중상자수,경상자수,부상신고자수,사고유형,법규위반,노면상태,기상상태,도로형태,가해운전자 차종,가해운전자 성별,가해운전자 연령,가해운전자 상해정도,피해운전자 차종,피해운전자 성별,피해운전자 연령,피해운전자 상해정도
2012101700100106,2012년 10월 17일 06시,수요일,충청북도 청주시 상당구 율량동,중상사고,0,2,2,0,차대차 - 기타,신호위반,습기,비,교차로 - 교차로안,승용,남,60세,상해없음,승용,남,60세,중상
2012101700100107,2012년 10월 17일 06시,수요일,충청북도 충주시 대소원면,부상신고사고,0,0,0,1,차량단독 - 공작물충돌,안전운전불이행,건조,맑음,단일로 - 기타,건설기계,남,70세,부상신고,,,,
2012101700100124,2012년 10월 17일 07시,수요일,충청북도 영동군 심천면,경상사고,0,0,1,0,차대차 - 기타,안전거리미확보,건조,흐림,기타 - 기타,승용,남,38세,상해없음,승용,남,35세,경상
2012101700100161,2012년 10월 17일 08시,수요일,충청북도 진천군 이월면,경상사고,0,0,1,0,차대차 - 측면직각충돌,교차로운행방법위반,습기,비,교차로 - 교차로안,화물,남,56세,상해없음,승용,여,28세,경상
2012101700100267,2012년 10월 17일 11시,수요일,충청북도 청주시 상당구 내덕동,중상사고,0,1,0,0,차대차 - 기타,안전운전불이행,건조,맑음,교차로 - 교차로안,승용,여,51세,상해없음,이륜,남,52세,중상
2012101700100283,2012년 10월 17일 12시,수요일,충청북도 청주시 상당구 북문로1가동,중상사고,0,1,0,0,차대사람 - 길가장자리구역통행중,안전운전불이행,건조,맑음,단일로 - 기타,승용,남,34세,상해없음,보행자,남,47세,중상
2012101700100334,2012년 10월 17일 14시,수요일,충청북도 청주시 흥덕구 복대동,중상사고,0,2,1,0,차대차 - 추돌 - 진행중,안전거리미확보,건조,맑음,단일로 - 기타,승합,남,34세,상해없음,승용,여,33세,중상
2012101700100368,2012년 10월 17일 15시,수요일,충청북도 청주시 상당구 오동동,경상사고,0,0,1,0,차대차 - 기타,기타,건조,맑음,단일로 - 기타,이륜,남,59세,경상,화물,남,50세,상해없음
2012101700100407,2012년 10월 17일 16시,수요일,충청북도 제천시 신백동,경상사고,0,0,2,0,차대차 - 기타,직진우회전진행방해,건조,맑음,교차로 - 교차로안,승합,여,61세,상해없음,승용,남,64세,경상
2012101700100408,2012년 10월 17일 16시,수요일,충청북도 괴산군 청안면,중상사고,0,1,0,0,차대차 - 기타,안전운전불이행,건조,맑음,단일로 - 기타,화물,남,65세,상해없음,자전거,남,75세,중상
2012101700100409,2012년 10월 17일 16시,수요일,충청북도 청주시 흥덕구 성화동,중상사고,0,1,0,0,차대차 - 측면직각충돌,신호위반,건조,맑음,교차로 - 교차로안,이륜,남,68세,중상,화물,남,43세,상해없음
2012101700100431,2012년 10월 17일 17시,수요일,충청북도 충주시 연수동,중상사고,0,1,0,1,차대차 - 추돌 - 진행중,안전운전불이행,건조,맑음,교차로 - 교차로안,이륜,남,51세,부상신고,승용,남,40세,상해없음
2012101700100432,2012년 10월 17일 17시,수요일,충청북도 청주시 흥덕구 강서동,경상사고,0,0,3,0,차대차 - 측면직각충돌,안전운전불이행,건조,맑음,교차로 - 교차로부근,승용,여,55세,경상,승용,여,29세,경상
2012101700100469,2012년 10월 17일 18시,수요일,충청북도 제천시 중앙로2가,중상사고,0,1,0,0,차대차 - 측면직각충돌,안전거리미확보,건조,맑음,단일로 - 기타,화물,남,36세,상해없음,원동기,남,19세,중상
2012101700100470,2012년 10월 17일 18시,수요일,충청북도 옥천군 군북면,중상사고,0,1,0,0,차대사람 - 횡단중,안전운전불이행,건조,맑음,단일로 - 횡단보도상,승용,남,26세,상해없음,보행자,여,54세,중상
2012101700100520,2012년 10월 17일 19시,수요일,충청북도 청원군 내수읍,경상사고,0,0,1,0,차대차 - 기타,안전운전불이행,건조,맑음,단일로 - 기타,승용,남,36세,상해없음,승용,여,42세,상해없음
2012101700100521,2012년 10월 17일 19시,수요일,충청북도 충주시 안림동,중상사고,0,1,0,0,차대사람 - 횡단중,보행자보호의무위반,건조,맑음,단일로 - 횡단보도상,승용,여,57세,상해없음,보행자,여,61세,중상
2012101700100522,2012년 10월 17일 19시,수요일,충청북도 제천시 청전동,중상사고,0,1,1,0,차대차 - 기타,안전운전불이행,건조,맑음,단일로 - 교량,승용,남,21세,중상,승용,남,53세,경상
2012101700100523,2012년 10월 17일 19시,수요일,충청북도 청주시 흥덕구 개신동,중상사고,0,1,0,0,차대차 - 측면직각충돌,안전운전불이행,건조,맑음,교차로 - 교차로부근,이륜,남,46세,상해없음,자전거,남,46세,중상
2012101700100565,2012년 10월 17일 20시,수요일,충청북도 충주시 산척면,경상사고,0,0,2,0,차대차 - 측면직각충돌,안전거리미확보,건조,맑음,교차로 - 교차로부근,화물,여,45세,경상,승용,남,25세,경상
2012101700100566,2012년 10월 17일 20시,수요일,충청북도 청주시 흥덕구 사직동,경상사고,0,0,1,0,차대차 - 측면직각충돌,신호위반,건조,맑음,교차로 - 교차로안,승용,남,49세,상해없음,승용,여,44세,경상
2012101700100599,2012년 10월 17일 21시,수요일,충청북도 단양군 매포읍,경상사고,0,0,1,0,차대차 - 측면직각충돌,직진우회전진행방해,건조,맑음,교차로 - 교차로안,승용,여,59세,상해없음,승용,남,53세,경상
2012101800100027,2012년 10월 18일 01시,목요일,충청북도 청주시 흥덕구 수곡동,경상사고,0,0,1,0,차대차 - 기타,안전운전불이행,건조,맑음,교차로 - 교차로부근,기타불명,기타불명,기타불명,기타불명,이륜,남,19세,경상
2012101800100040,2012년 10월 18일 02시,목요일,충청북도 제천시 대랑동,중상사고,0,1,0,0,차량단독 - 공작물충돌,안전운전불이행,건조,맑음,단일로 - 기타,승용,남,23세,상해없음,,,,
2012101800100041,2012년 10월 18일 02시,목요일,충청북도 청주시 흥덕구 봉명동,중상사고,0,1,0,0,차대차 - 측면직각충돌,안전운전불이행,건조,맑음,교차로 - 교차로부근,승용,남,48세,상해없음,자전거,남,72세,중상
2012101800100059,2012년 10월 18일 04시,목요일,충청북도 청주시 흥덕구 분평동,중상사고,0,1,0,0,차대차 - 추돌 - 주정차중,안전운전불이행,건조,맑음,단일로 - 기타,승용,남,33세,중상,승용,여,30세,상해없음
2012101800100060,2012년 10월 18일 04시,목요일,충청북도 청원군 남이면,중상사고,0,1,0,0,차대차 - 측면직각충돌,안전운전불이행,건조,맑음,교차로 - 교차로안,특수,남,39세,상해없음,승용,남,40세,중상
2012101800100084,2012년 10월 18일 06시,목요일,충청북도 청주시 흥덕구 사직동,중상사고,0,1,0,0,차대차 - 측면직각충돌,안전운전불이행,건조,맑음,교차로 - 교차로안,화물,남,54세,상해없음,자전거,여,65세,중상
2012101800100085,2012년 10월 18일 06시,목요일,충청북도 청주시 흥덕구 수곡동,경상사고,0,0,1,0,차대차 - 기타,신호위반,건조,맑음,교차로 - 교차로안,승용,남,59세,상해없음,화물,남,38세,경상
2012101800100106,2012년 10월 18일 07시,목요일,충청북도 충주시 교현동,중상사고,0,1,0,0,차대차 - 추돌 - 진행중,안전거리미확보,건조,맑음,단일로 - 기타,승용,남,69세,상해없음,승용,남,47세,상해없음
2012101800100107,2012년 10월 18일 07시,목요일,충청북도 충주시 교현동,중상사고,0,1,0,0,차대차 - 측면직각충돌,안전운전불이행,건조,맑음,기타 - 기타,승용,여,42세,상해없음,원동기,남,40세,중상
2012101800100108,2012년 10월 18일 07시,목요일,충청북도 청원군 가덕면,중상사고,0,1,0,0,차대차 - 측면직각충돌,신호위반,건조,맑음,교차로 - 교차로안,화물,남,72세,상해없음,농기계,남,72세,중상
2012101800100145,2012년 10월 18일 08시,목요일,충청북도 충주시 성남동,경상사고,0,0,1,0,차량단독 - 공작물충돌,안전운전불이행,건조,맑음,단일로 - 기타,승용,여,30세,경상,,,,
2012101800100146,2012년 10월 18일 08시,목요일,충청북도 충주시 목행동,중상사고,0,2,0,0,차대차 - 측면직각충돌,신호위반,건조,맑음,교차로 - 교차로안,이륜,남,71세,중상,화물,남,25세,상해없음
2012101800100147,2012년 10월 18일 08시,목요일,충청북도 증평군 증평읍,경상사고,0,0,1,0,차대차 - 측면직각충돌,직진우회전진행방해,건조,맑음,교차로 - 교차로안,승합,남,23세,상해없음,승용,여,28세,상해없음
2012101800100148,2012년 10월 18일 08시,목요일,충청북도 음성군 대소면,부상신고사고,0,0,0,1,차대사람 - 기타,안전운전불이행,건조,맑음,단일로 - 기타,기타불명,기타불명,기타불명,기타불명,보행자,여,83세,부상신고
2012101800100149,2012년 10월 18일 08시,목요일,충청북도 청주시 흥덕구 운천동,경상사고,0,0,1,0,차대차 - 추돌 - 진행중,안전운전불이행,건조,맑음,교차로 - 교차로안,승용,남,54세,상해없음,승용,남,26세,경상
2012101800100195,2012년 10월 18일 09시,목요일,충청북도 청주시 흥덕구 사직동,경상사고,0,0,1,0,차대차 - 측면직각충돌,안전거리미확보,건조,맑음,단일로 - 기타,승용,남,43세,상해없음,승용,남,32세,경상
2012101800100226,2012년 10월 18일 10시,목요일,충청북도 영동군 영동읍,중상사고,0,1,0,0,차대차 - 기타,교차로운행방법위반,건조,맑음,교차로 - 교차로안,승용,여,48세,상해없음,원동기,남,51세,중상
2012101800100248,2012년 10월 18일 11시,목요일,충청북도 청원군 내수읍,경상사고,0,0,2,0,차대차 - 측면직각충돌,신호위반,건조,맑음,교차로 - 교차로안,승합,남,30세,상해없음,승용,여,53세,경상
2012101800100249,2012년 10월 18일 11시,목요일,충청북도 제천시 고암동,중상사고,0,1,1,0,차대차 - 기타,기타,건조,맑음,교차로 - 교차로안,승용,여,33세,상해없음,승용,남,61세,중상
2012101800100314,2012년 10월 18일 13시,목요일,충청북도 제천시 천남동,경상사고,0,0,1,0,차대차 - 기타,신호위반,건조,맑음,교차로 - 교차로부근,화물,남,46세,상해없음,승용,남,26세,경상
2012101800100349,2012년 10월 18일 14시,목요일,충청북도 음성군 삼성면,사망사고,1,0,0,0,차대차 - 기타,중앙선침범,건조,맑음,단일로 - 기타,원동기,남,18세,사망,화물,남,42세,상해없음
2012101800100383,2012년 10월 18일 15시,목요일,충청북도 청원군 오창읍,경상사고,0,0,1,0,차대차 - 정면충돌,안전운전불이행,건조,맑음,단일로 - 횡단보도상,승용,여,35세,상해없음,자전거,남,12세,경상
2012101800100384,2012년 10월 18일 15시,목요일,충청북도 청원군 낭성면,중상사고,0,4,0,0,차대차 - 추돌 - 진행중,안전운전불이행,건조,맑음,단일로 - 기타,승용,남,52세,중상,승용,남,35세,중상
2012101800100427,2012년 10월 18일 16시,목요일,충청북도 제천시 신백동,중상사고,0,1,0,0,차대사람 - 기타,안전운전불이행,건조,맑음,단일로 - 기타,승용,남,50세,상해없음,보행자,남,63세,중상
2012101800100463,2012년 10월 18일 17시,목요일,충청북도 청주시 상당구 수동,중상사고,0,1,0,0,차대사람 - 횡단중,안전운전불이행,건조,맑음,교차로 - 교차로부근,승용,여,41세,상해없음,보행자,남,13세,중상
2012101800100508,2012년 10월 18일 18시,목요일,충청북도 제천시 서부동,사망사고,1,0,0,0,차대차 - 기타,중앙선침범,건조,맑음,단일로 - 기타,화물,남,70세,상해없음,원동기,남,72세,사망
2012101800100509,2012년 10월 18일 18시,목요일,충청북도 영동군 심천면,사망사고,1,0,0,0,차대사람 - 기타,안전운전불이행,건조,맑음,기타 - 기타,승용,남,65세,상해없음,보행자,여,66세,사망
2012101800100510,2012년 10월 18일 18시,목요일,충청북도 증평군 증평읍,중상사고,0,3,0,0,차대차 - 측면직각충돌,중앙선침범,건조,맑음,단일로 - 기타,승용,남,22세,상해없음,승용,여,57세,중상
2012101800100511,2012년 10월 18일 18시,목요일,충청북도 음성군 삼성면,중상사고,0,1,0,0,차대사람 - 횡단중,안전운전불이행,건조,맑음,단일로 - 기타,승용,남,47세,상해없음,보행자,남,57세,중상
2012101800100512,2012년 10월 18일 18시,목요일,충청북도 옥천군 이원면,경상사고,0,0,1,0,차대차 - 추돌 - 진행중,안전운전불이행,건조,맑음,단일로 - 기타,화물,남,41세,상해없음,화물,남,58세,상해없음
2012101800100513,2012년 10월 18일 18시,목요일,충청북도 청주시 흥덕구 가경동,경상사고,0,0,1,0,차대사람 - 길가장자리구역통행중,안전운전불이행,건조,맑음,단일로 - 기타,승용,여,43세,상해없음,보행자,여,69세,경상
2012101800100554,2012년 10월 18일 19시,목요일,충청북도 청주시 상당구 내덕동,경상사고,0,0,1,0,차대차 - 기타,교차로운행방법위반,건조,맑음,교차로 - 교차로안,승용,남,40세,상해없음,이륜,남,21세,경상
2012101800100555,2012년 10월 18일 19시,목요일,충청북도 옥천군 안내면,부상신고사고,0,0,0,1,차량단독 - 기타,안전운전불이행,건조,맑음,단일로 - 기타,이륜,남,57세,부상신고,,,,
2012101800100621,2012년 10월 18일 21시,목요일,충청북도 충주시 지현동,중상사고,0,1,1,0,차대차 - 추돌 - 주정차중,안전운전불이행,건조,맑음,교차로 - 교차로안,승용,남,21세,상해없음,승용,남,54세,경상
2012101800100622,2012년 10월 18일 21시,목요일,충청북도 옥천군 옥천읍,경상사고,0,0,3,0,차대차 - 측면직각충돌,신호위반,건조,맑음,교차로 - 교차로안,승용,여,51세,상해없음,승합,남,51세,상해없음
2012101800100651,2012년 10월 18일 22시,목요일,충청북도 음성군 음성읍,중상사고,0,1,1,0,차대차 - 기타,교차로운행방법위반,건조,맑음,교차로 - 교차로안,승용,남,31세,경상,승용,남,52세,상해없음
2012101800100652,2012년 10월 18일 22시,목요일,충청북도 청원군 옥산면,중상사고,0,1,0,0,차대차 - 측면직각충돌,신호위반,건조,맑음,교차로 - 교차로안,승합,남,62세,상해없음,승합,남,53세,상해없음
2012101900100136,2012년 10월 19일 08시,금요일,충청북도 충주시 대소원면,경상사고,0,0,1,0,차대차 - 측면직각충돌,안전거리미확보,건조,맑음,단일로 - 기타,승용,여,58세,경상,화물,남,51세,상해없음
2012101900100137,2012년 10월 19일 08시,금요일,충청북도 충주시 달천동,중상사고,0,1,0,0,차대차 - 추돌 - 진행중,안전운전불이행,건조,맑음,단일로 - 기타,승용,남,50세,상해없음,승용,남,47세,중상
2012101900100187,2012년 10월 19일 09시,금요일,충청북도 청주시 상당구 서운동,경상사고,0,0,1,0,차대차 - 기타,차로위반,건조,맑음,교차로 - 교차로안,원동기,여,42세,상해없음,승용,여,29세,경상
2012101900100188,2012년 10월 19일 09시,금요일,충청북도 음성군 삼성면,경상사고,0,0,1,0,차대차 - 측면직각충돌,중앙선침범,건조,맑음,단일로 - 기타,화물,남,44세,상해없음,원동기,여,47세,경상
2012101900100222,2012년 10월 19일 10시,금요일,충청북도 청원군 북이면,경상사고,0,0,1,0,차대차 - 측면직각충돌,안전운전불이행,건조,맑음,단일로 - 기타,이륜,남,77세,경상,화물,남,71세,상해없음
2012101900100223,2012년 10월 19일 10시,금요일,충청북도 청주시 흥덕구 가경동,경상사고,0,0,4,0,차대차 - 측면직각충돌,중앙선침범,건조,맑음,단일로 - 기타,승용,여,30세,경상,화물,남,38세,경상
2012101900100291,2012년 10월 19일 13시,금요일,충청북도 청원군 북이면,경상사고,0,0,1,0,차대차 - 측면직각충돌,교차로운행방법위반,건조,맑음,교차로 - 교차로안,화물,남,44세,상해없음,자전거,남,76세,경상
2012101900100335,2012년 10월 19일 14시,금요일,충청북도 제천시 신동,중상사고,0,1,1,0,차대차 - 기타,안전거리미확보,건조,맑음,단일로 - 기타,승용,여,36세,상해없음,원동기,남,72세,경상
2012101900100336,2012년 10월 19일 14시,금요일,충청북도 제천시 중앙로2가,경상사고,0,0,1,0,차대사람 - 기타,기타,건조,맑음,기타 - 기타,승용,남,38세,상해없음,보행자,남,18세,경상
2012101900100368,2012년 10월 19일 15시,금요일,충청북도 청주시 흥덕구 수곡동,중상사고,0,1,0,0,차대사람 - 기타,신호위반,건조,맑음,단일로 - 횡단보도상,승용,남,50세,상해없음,보행자,남,77세,중상
2012101900100392,2012년 10월 19일 16시,금요일,충청북도 영동군 추풍령면,경상사고,0,0,1,0,차대차 - 기타,안전운전불이행,건조,맑음,교차로 - 교차로안,승용,남,61세,상해없음,농기계,남,64세,경상
2012101900100394,2012년 10월 19일 16시,금요일,충청북도 음성군 감곡면,중상사고,0,1,0,0,차량단독 - 기타,안전운전불이행,건조,맑음,단일로 - 기타,이륜,남,71세,중상,,,,
2012101900100436,2012년 10월 19일 17시,금요일,충청북도 청주시 상당구 금천동,경상사고,0,0,1,0,차대차 - 측면직각충돌,안전운전불이행,건조,맑음,교차로 - 교차로안,승용,남,49세,상해없음,이륜,남,26세,경상
2012101900100437,2012년 10월 19일 17시,금요일,충청북도 충주시 안림동,중상사고,0,1,1,0,차대차 - 측면직각충돌,안전거리미확보,건조,맑음,단일로 - 기타,승용,여,58세,중상,승용,남,27세,경상
2012101900100438,2012년 10월 19일 17시,금요일,충청북도 단양군 영춘면,경상사고,0,0,1,0,차대차 - 추돌 - 진행중,안전운전불이행,건조,맑음,단일로 - 기타,화물,남,46세,상해없음,농기계,남,74세,경상
2012101900100472,2012년 10월 19일 18시,금요일,충청북도 청주시 상당구 문화동,경상사고,0,0,2,0,차대차 - 추돌 - 주정차중,안전운전불이행,건조,맑음,교차로 - 교차로부근,승용,여,33세,상해없음,승용,여,42세,경상
2012101900100473,2012년 10월 19일 18시,금요일,충청북도 충주시 목행동,중상사고,0,1,1,0,차대차 - 측면직각충돌,안전운전불이행,건조,맑음,단일로 - 기타,승용,기타불명,기타불명,기타불명,승용,남,53세,경상
2012101900100474,2012년 10월 19일 18시,금요일,충청북도 제천시 남천동,경상사고,0,0,1,0,차대차 - 추돌 - 주정차중,안전운전불이행,건조,맑음,교차로 - 교차로부근,농기계,남,71세,상해없음,승용,남,46세,상해없음
2012101900100537,2012년 10월 19일 19시,금요일,충청북도 청주시 상당구 율량동,경상사고,0,0,3,0,차대차 - 추돌 - 진행중,안전운전불이행,건조,맑음,단일로 - 기타,화물,남,61세,경상,승용,남,67세,경상
2012101900100538,2012년 10월 19일 19시,금요일,충청북도 청주시 상당구 오동동,경상사고,0,0,1,0,차대차 - 추돌 - 진행중,안전거리미확보,건조,맑음,단일로 - 기타,승용,여,33세,상해없음,승용,남,46세,경상
2012101900100581,2012년 10월 19일 20시,금요일,충청북도 제천시 강제동,중상사고,0,1,0,0,차대차 - 추돌 - 진행중,안전운전불이행,건조,맑음,단일로 - 기타,승용,남,33세,상해없음,자전거,남,67세,중상
2012101900100678,2012년 10월 19일 23시,금요일,충청북도 청주시 흥덕구 가경동,경상사고,0,0,1,0,차대차 - 측면직각충돌,안전운전불이행,건조,맑음,단일로 - 기타,승용,남,35세,상해없음,원동기,남,36세,경상
2012101900100679,2012년 10월 19일 23시,금요일,충청북도 청주시 상당구 용암동,경상사고,0,0,1,0,차대차 - 추돌 - 진행중,안전운전불이행,건조,맑음,교차로 - 교차로안,승용,남,34세,상해없음,승용,남,39세,경상
2012101900100680,2012년 10월 19일 23시,금요일,충청북도 청원군 낭성면,중상사고,0,2,0,0,차대차 - 추돌 - 주정차중,안전운전불이행,건조,맑음,단일로 - 기타,승용,남,51세,중상,화물,남,52세,중상
2012102000100016,2012년 10월 20일 00시,토요일,충청북도 청주시 상당구 북문로1가동,중상사고,0,1,1,0,차대사람 - 횡단중,안전운전불이행,건조,맑음,단일로 - 기타,승용,남,49세,상해없음,보행자,남,21세,중상
2012102000100017,2012년 10월 20일 00시,토요일,충청북도 청주시 상당구 주중동,경상사고,0,0,2,0,차대차 - 정면충돌,중앙선침범,건조,맑음,단일로 - 기타,승용,남,54세,상해없음,승용,남,30세,경상
2012102000100039,2012년 10월 20일 01시,토요일,충청북도 제천시 의림동,경상사고,0,0,2,0,차대차 - 측면직각충돌,신호위반,건조,맑음,교차로 - 교차로안,승용,여,39세,상해없음,승합,남,48세,경상
2012102000100080,2012년 10월 20일 03시,토요일,충청북도 청원군 현도면,중상사고,0,1,0,0,차대차 - 기타,안전운전불이행,건조,맑음,단일로 - 기타,승용,남,30세,상해없음,승용,남,28세,중상
2012102000100124,2012년 10월 20일 06시,토요일,충청북도 청원군 강내면,중상사고,0,2,0,0,차대차 - 추돌 - 진행중,신호위반,건조,맑음,교차로 - 교차로안,승용,남,43세,상해없음,승용,남,52세,중상
2012102000100140,2012년 10월 20일 07시,토요일,충청북도 청주시 흥덕구 향정동,경상사고,0,0,2,0,차대차 - 측면직각충돌,교차로운행방법위반,건조,맑음,교차로 - 교차로안,승용,남,50세,경상,승용,여,49세,경상
2012102000100175,2012년 10월 20일 09시,토요일,충청북도 괴산군 칠성면,중상사고,0,1,0,0,차대차 - 측면직각충돌,신호위반,건조,맑음,교차로 - 교차로안,화물,남,53세,상해없음,승용,여,53세,중상
2012102000100176,2012년 10월 20일 09시,토요일,충청북도 단양군 단양읍,중상사고,0,1,0,0,차대차 - 측면직각충돌,직진우회전진행방해,건조,맑음,교차로 - 교차로안,승용,여,32세,상해없음,화물,남,64세,중상
2012102000100198,2012년 10월 20일 10시,토요일,충청북도 진천군 광혜원면,중상사고,0,2,0,0,차대차 - 추돌 - 진행중,안전운전불이행,건조,맑음,단일로 - 기타,화물,남,59세,상해없음,농기계,남,80세,중상
2012102000100250,2012년 10월 20일 12시,토요일,충청북도 청주시 흥덕구 가경동,경상사고,0,0,1,0,차대차 - 측면직각충돌,교차로운행방법위반,건조,맑음,교차로 - 교차로안,승용,남,51세,상해없음,원동기,남,32세,경상
2012102000100290,2012년 10월 20일 13시,토요일,충청북도 괴산군 칠성면,경상사고,0,0,1,0,차대사람 - 기타,안전운전불이행,건조,맑음,단일로 - 기타,기타불명,기타불명,기타불명,기타불명,보행자,남,35세,경상
2012102000100291,2012년 10월 20일 13시,토요일,충청북도 단양군 단양읍,경상사고,0,0,1,0,차대사람 - 보도통행중,보행자보호의무위반,건조,맑음,단일로 - 횡단보도상,승용,남,59세,상해없음,보행자,여,40세,경상
2012102000100327,2012년 10월 20일 14시,토요일,충청북도 청원군 북이면,중상사고,0,1,0,0,차대차 - 측면직각충돌,교차로운행방법위반,건조,맑음,교차로 - 교차로안,농기계,남,69세,상해없음,원동기,남,51세,중상
2012102000100366,2012년 10월 20일 15시,토요일,충청북도 청주시 상당구 문화동,경상사고,0,0,1,0,차대사람 - 횡단중,보행자보호의무위반,건조,맑음,단일로 - 기타,기타불명,기타불명,기타불명,기타불명,보행자,여,17세,경상
2012102000100394,2012년 10월 20일 16시,토요일,충청북도 청주시 상당구 남문로1가동,경상사고,0,0,1,0,차대차 - 측면직각충돌,교차로운행방법위반,건조,맑음,교차로 - 교차로안,승용,남,53세,상해없음,승용,남,45세,상해없음
2012102000100434,2012년 10월 20일 17시,토요일,충청북도 괴산군 칠성면,중상사고,0,1,0,0,차대사람 - 차도통행중,안전운전불이행,건조,맑음,단일로 - 기타,승합,남,56세,상해없음,보행자,여,10세,중상
2012102000100472,2012년 10월 20일 18시,토요일,충청북도 청원군 내수읍,중상사고,0,1,0,0,차대사람 - 횡단중,안전운전불이행,건조,맑음,단일로 - 기타,승용,남,24세,상해없음,보행자,여,85세,중상
2012102000100473,2012년 10월 20일 18시,토요일,충청북도 제천시 하소동,중상사고,0,2,1,0,차대차 - 기타,직진우회전진행방해,건조,맑음,교차로 - 교차로안,승용,남,63세,중상,승용,남,58세,경상
2012102000100520,2012년 10월 20일 19시,토요일,충청북도 음성군 금왕읍,경상사고,0,0,1,0,차대차 - 기타,안전운전불이행,건조,맑음,단일로 - 기타,화물,남,43세,상해없음,원동기,남,47세,경상
2012102000100557,2012년 10월 20일 20시,토요일,충청북도 충주시 교현동,경상사고,0,0,2,0,차대차 - 측면직각충돌,신호위반,건조,맑음,교차로 - 교차로안,승용,남,33세,상해없음,승용,여,47세,경상
2012102000100558,2012년 10월 20일 20시,토요일,충청북도 충주시 연수동,경상사고,0,0,1,0,차대차 - 추돌 - 진행중,중앙선침범,건조,맑음,단일로 - 기타,승용,남,51세,상해없음,승용,여,60세,경상
2012102000100559,2012년 10월 20일 20시,토요일,충청북도 충주시 문화동,경상사고,0,0,1,0,차대차 - 추돌 - 진행중,안전거리미확보,건조,맑음,교차로 - 교차로안,승용,남,26세,상해없음,이륜,남,19세,경상
2012102000100560,2012년 10월 20일 20시,토요일,충청북도 청주시 흥덕구 복대동,경상사고,0,0,1,0,차대차 - 측면직각충돌,교차로운행방법위반,건조,맑음,교차로 - 교차로안,승용,남,48세,상해없음,승용,남,34세,상해없음
2012102000100637,2012년 10월 20일 23시,토요일,충청북도 제천시 청전동,경상사고,0,0,1,0,차대차 - 기타,안전운전불이행,건조,맑음,단일로 - 기타,승용,남,27세,기타불명,승용,남,31세,상해없음
2012102000100638,2012년 10월 20일 23시,토요일,충청북도 음성군 원남면,경상사고,0,0,2,0,차대차 - 기타,안전거리미확보,건조,맑음,단일로 - 기타,승용,남,50세,상해없음,승용,남,43세,경상
2012102100100013,2012년 10월 21일 00시,일요일,충청북도 청주시 흥덕구 사직동,중상사고,0,1,0,0,차량단독 - 공작물충돌,안전운전불이행,건조,맑음,단일로 - 기타,승용,남,19세,중상,,,,
2012102100100045,2012년 10월 21일 01시,일요일,충청북도 청원군 남이면,중상사고,0,1,0,0,차대사람 - 기타,안전운전불이행,건조,맑음,교차로 - 교차로안,승용,여,48세,상해없음,보행자,남,33세,중상
2012102100100062,2012년 10월 21일 02시,일요일,충청북도 충주시 성내동,경상사고,0,0,2,0,차대차 - 추돌 - 주정차중,안전운전불이행,건조,맑음,단일로 - 기타,승용,남,37세,상해없음,승용,남,43세,경상
2012102100100144,2012년 10월 21일 08시,일요일,충청북도 충주시 연수동,경상사고,0,0,1,0,차대차 - 추돌 - 진행중,교차로운행방법위반,건조,맑음,교차로 - 교차로안,승용,남,59세,상해없음,이륜,여,28세,경상
2012102100100167,2012년 10월 21일 10시,일요일,충청북도 충주시 앙성면,중상사고,0,1,7,0,차대차 - 추돌 - 진행중,안전운전불이행,건조,맑음,단일로 - 기타,승용,남,42세,중상,화물,남,62세,경상
2012102100100168,2012년 10월 21일 10시,일요일,충청북도 보은군 보은읍,경상사고,0,0,1,0,차대차 - 추돌 - 진행중,안전운전불이행,건조,맑음,단일로 - 기타,화물,남,20세,상해없음,승용,여,39세,경상
2012102100100240,2012년 10월 21일 13시,일요일,충청북도 제천시 금성면,경상사고,0,0,2,0,차대차 - 기타,중앙선침범,건조,맑음,단일로 - 기타,승용,여,23세,상해없음,특수,남,22세,경상
2012102100100255,2012년 10월 21일 14시,일요일,충청북도 청주시 흥덕구 복대동,중상사고,0,1,0,0,차대차 - 측면직각충돌,신호위반,건조,맑음,교차로 - 교차로안,이륜,남,20세,중상,승용,남,48세,상해없음
2012102100100256,2012년 10월 21일 14시,일요일,충청북도 청주시 흥덕구 복대동,경상사고,0,0,1,0,차대차 - 측면직각충돌,안전운전불이행,건조,맑음,단일로 - 기타,승용,남,29세,상해없음,승합,여,58세,경상
2012102100100257,2012년 10월 21일 14시,일요일,충청북도 청주시 상당구 산성동,중상사고,0,1,0,0,차량단독 - 공작물충돌,안전운전불이행,건조,맑음,단일로 - 기타,원동기,남,69세,중상,,,,
2012102100100258,2012년 10월 21일 14시,일요일,충청북도 보은군 마로면,중상사고,0,1,0,0,차대차 - 측면직각충돌,안전운전불이행,건조,맑음,단일로 - 기타,승합,기타불명,기타불명,기타불명,승용,남,27세,중상