사고번호,사고일시,요일,시군구,사고내용,사망자수,중상자수,경상자수,부상신고자수,사고유형,법규위반,노면상태,기상상태,도로형태,가해운전자 차종,가해운전자 성별,가해운전자 연령,가해운전자 상해정도,피해운전자 차종,피해운전자 성별,피해운전자 연령,피해운전자 상해정도
2012102100100335,2012년 10월 21일 16시,일요일,충청북도 청주시 흥덕구 사직동,경상사고,0,0,1,0,차대차 - 측면직각충돌,안전운전불이행,건조,맑음,단일로 - 기타,승용,남,33세,상해없음,승합,남,52세,경상
2012102100100360,2012년 10월 21일 17시,일요일,충청북도 제천시 봉양읍,경상사고,0,0,1,0,차대차 - 기타,안전거리미확보,건조,맑음,단일로 - 기타,승용,남,49세,상해없음,승용,남,59세,상해없음
2012102100100397,2012년 10월 21일 18시,일요일,충청북도 충주시 연수동,중상사고,0,1,1,0,차대차 - 추돌 - 진행중,중앙선침범,건조,맑음,교차로 - 교차로안,승용,남,51세,상해없음,원동기,남,71세,경상
2012102100100439,2012년 10월 21일 19시,일요일,충청북도 청원군 내수읍,경상사고,0,0,1,0,차대차 - 측면직각충돌,안전운전불이행,건조,맑음,단일로 - 기타,승용,여,49세,상해없음,승용,여,44세,경상
2012102100100440,2012년 10월 21일 19시,일요일,충청북도 충주시 주덕읍,경상사고,0,0,1,0,차대차 - 추돌 - 진행중,안전운전불이행,건조,맑음,단일로 - 기타,승용,남,43세,상해없음,자전거,남,43세,경상
2012102100100441,2012년 10월 21일 19시,일요일,충청북도 옥천군 이원면,중상사고,0,2,1,1,차대차 - 추돌 - 진행중,안전운전불이행,건조,맑음,단일로 - 기타,화물,남,71세,부상신고,농기계,남,47세,중상
2012102100100476,2012년 10월 21일 20시,일요일,충청북도 청주시 상당구 율량동,경상사고,0,0,1,0,차대사람 - 횡단중,보행자보호의무위반,건조,맑음,교차로 - 교차로부근,승용,남,20세,상해없음,보행자,여,29세,경상
2012102100100477,2012년 10월 21일 20시,일요일,충청북도 청원군 문의면,중상사고,0,1,0,0,차량단독 - 기타,안전운전불이행,건조,맑음,단일로 - 기타,자전거,남,56세,중상,,,,
2012102100100546,2012년 10월 21일 23시,일요일,충청북도 청원군 북이면,중상사고,0,2,0,0,차대차 - 추돌 - 진행중,안전운전불이행,건조,맑음,교차로 - 교차로부근,화물,남,70세,상해없음,승용,남,43세,중상
2012102100100547,2012년 10월 21일 23시,일요일,충청북도 청주시 상당구 문화동,중상사고,0,1,0,0,차대사람 - 횡단중,보행자보호의무위반,건조,맑음,교차로 - 교차로부근,승용,남,50세,상해없음,보행자,여,52세,중상
2012102200100005,2012년 10월 22일 00시,월요일,충청북도 청주시 상당구 주중동,중상사고,0,2,3,0,차대차 - 측면직각충돌,안전운전불이행,건조,맑음,단일로 - 기타,승용,남,25세,상해없음,승용,남,30세,경상
2012102200100006,2012년 10월 22일 00시,월요일,충청북도 청주시 흥덕구 운천동,경상사고,0,0,3,0,차대차 - 추돌 - 주정차중,안전운전불이행,건조,맑음,교차로 - 교차로부근,승용,남,42세,상해없음,승용,남,46세,경상
2012102200100007,2012년 10월 22일 00시,월요일,충청북도 청주시 상당구 용암동,경상사고,0,0,1,0,차대차 - 기타,신호위반,건조,맑음,단일로 - 횡단보도부근,원동기,남,16세,경상,승용,남,27세,상해없음
2012102200100018,2012년 10월 22일 01시,월요일,충청북도 충주시 수안보면,사망사고,1,0,0,0,차량단독 - 공작물충돌,안전운전불이행,건조,맑음,단일로 - 기타,화물,남,44세,사망,,,,
2012102200100105,2012년 10월 22일 07시,월요일,충청북도 청주시 흥덕구 강서동,경상사고,0,0,2,0,차대차 - 추돌 - 진행중,안전운전불이행,건조,맑음,교차로 - 교차로안,승용,남,51세,경상,승용,남,31세,경상
2012102200100135,2012년 10월 22일 08시,월요일,충청북도 제천시 청전동,중상사고,0,1,0,0,차대차 - 기타,중앙선침범,습기,비,단일로 - 기타,화물,남,39세,상해없음,승용,남,55세,중상
2012102200100136,2012년 10월 22일 08시,월요일,충청북도 음성군 음성읍,중상사고,0,1,0,0,차대차 - 기타,중앙선침범,건조,맑음,단일로 - 기타,농기계,남,66세,중상,승용,여,59세,상해없음
2012102200100237,2012년 10월 22일 11시,월요일,충청북도 음성군 금왕읍,중상사고,0,1,0,0,차대사람 - 기타,안전운전불이행,습기,비,교차로 - 교차로안,승용,여,52세,상해없음,보행자,여,94세,중상
2012102200100300,2012년 10월 22일 13시,월요일,충청북도 진천군 진천읍,중상사고,0,1,0,0,차대차 - 측면직각충돌,교차로운행방법위반,습기,비,교차로 - 교차로안,승용,여,56세,상해없음,승합,남,43세,상해없음
2012102200100301,2012년 10월 22일 13시,월요일,충청북도 청주시 흥덕구 사창동,경상사고,0,0,1,0,차대차 - 측면직각충돌,신호위반,건조,맑음,교차로 - 교차로안,승용,여,37세,상해없음,이륜,남,35세,경상
2012102200100302,2012년 10월 22일 13시,월요일,충청북도 청주시 흥덕구 수곡동,경상사고,0,0,1,0,차대차 - 추돌 - 주정차중,중앙선침범,습기,비,교차로 - 교차로부근,승용,남,54세,상해없음,승용,여,56세,경상
2012102200100371,2012년 10월 22일 15시,월요일,충청북도 충주시 노은면,중상사고,0,1,0,0,차대차 - 추돌 - 진행중,안전운전불이행,습기,비,단일로 - 기타,승용,남,23세,상해없음,화물,남,39세,상해없음
2012102200100407,2012년 10월 22일 16시,월요일,충청북도 청주시 흥덕구 신봉동,경상사고,0,0,4,0,차대차 - 측면직각충돌,안전운전불이행,건조,맑음,단일로 - 기타,승용,여,38세,상해없음,승용,여,41세,경상
2012102200100510,2012년 10월 22일 18시,월요일,충청북도 제천시 청전동,중상사고,0,1,0,0,차대사람 - 횡단중,안전운전불이행,습기,비,교차로 - 교차로부근,승용,남,50세,상해없음,보행자,여,70세,중상
2012102200100511,2012년 10월 22일 18시,월요일,충청북도 청주시 흥덕구 가경동,경상사고,0,0,1,0,차대차 - 추돌 - 진행중,안전운전불이행,건조,맑음,교차로 - 교차로안,승용,남,46세,상해없음,승용,남,52세,경상
2012102200100590,2012년 10월 22일 19시,월요일,충청북도 청주시 상당구 금천동,경상사고,0,0,4,0,차대차 - 추돌 - 주정차중,안전운전불이행,건조,맑음,단일로 - 기타,승용,남,46세,상해없음,승용,여,36세,경상
2012102200100593,2012년 10월 22일 19시,월요일,충청북도 청원군 남이면,경상사고,0,0,1,0,차대차 - 측면직각충돌,안전운전불이행,건조,맑음,단일로 - 기타,승용,남,53세,경상,화물,남,35세,상해없음
2012102200100670,2012년 10월 22일 21시,월요일,충청북도 청주시 상당구 사천동,경상사고,0,0,1,0,차대차 - 측면직각충돌,신호위반,건조,맑음,교차로 - 교차로안,승용,남,62세,상해없음,승용,남,37세,경상
2012102300100011,2012년 10월 23일 00시,화요일,충청북도 제천시 청전동,중상사고,0,1,0,0,차대차 - 측면직각충돌,신호위반,건조,맑음,교차로 - 교차로안,승용,여,52세,상해없음,승용,여,32세,중상
2012102300100022,2012년 10월 23일 01시,화요일,충청북도 옥천군 옥천읍,중상사고,0,1,0,0,차량단독 - 기타,안전운전불이행,건조,맑음,단일로 - 기타,승합,남,42세,중상,,,,
2012102300100035,2012년 10월 23일 02시,화요일,충청북도 청주시 흥덕구 복대동,경상사고,0,0,3,0,차대차 - 추돌 - 주정차중,안전운전불이행,건조,맑음,단일로 - 기타,승용,남,31세,상해없음,승용,남,42세,경상
2012102300100082,2012년 10월 23일 06시,화요일,충청북도 영동군 용산면,경상사고,0,0,1,0,차대차 - 기타,중앙선침범,건조,맑음,단일로 - 기타,화물,남,62세,상해없음,승용,남,46세,경상
2012102300100107,2012년 10월 23일 07시,화요일,충청북도 청주시 흥덕구 봉명동,경상사고,0,0,2,0,차대차 - 측면직각충돌,안전운전불이행,건조,맑음,교차로 - 교차로부근,승용,남,34세,경상,승용,남,66세,경상
2012102300100151,2012년 10월 23일 08시,화요일,충청북도 청주시 흥덕구 봉명동,경상사고,0,0,4,0,차대차 - 추돌 - 진행중,안전거리미확보,건조,맑음,단일로 - 기타,승용,남,43세,상해없음,승용,남,34세,경상
2012102300100244,2012년 10월 23일 10시,화요일,충청북도 청원군 강내면,경상사고,0,0,1,1,차대차 - 측면직각충돌,안전거리미확보,건조,맑음,단일로 - 기타,승용,남,43세,상해없음,승용,여,45세,경상
2012102300100272,2012년 10월 23일 11시,화요일,충청북도 괴산군 괴산읍,중상사고,0,1,0,0,차대차 - 측면직각충돌,기타,건조,맑음,교차로 - 교차로안,화물,남,49세,상해없음,자전거,여,78세,중상
2012102300100315,2012년 10월 23일 13시,화요일,충청북도 진천군 진천읍,중상사고,0,4,0,0,차대차 - 추돌 - 진행중,안전운전불이행,건조,맑음,교차로 - 교차로안,건설기계,남,37세,상해없음,승용,남,74세,상해없음
2012102300100380,2012년 10월 23일 15시,화요일,충청북도 청주시 상당구 사천동,경상사고,0,0,1,0,차대차 - 추돌 - 진행중,안전운전불이행,건조,맑음,단일로 - 기타,승용,남,46세,상해없음,승합,남,55세,경상
2012102300100381,2012년 10월 23일 15시,화요일,충청북도 증평군 증평읍,중상사고,0,1,1,0,차대차 - 측면직각충돌,직진우회전진행방해,건조,맑음,교차로 - 교차로안,승용,남,32세,경상,화물,남,65세,중상
2012102300100426,2012년 10월 23일 16시,화요일,충청북도 제천시 중앙로2가,경상사고,0,0,1,0,차대사람 - 기타,안전운전불이행,건조,맑음,단일로 - 기타,승용,여,34세,상해없음,보행자,남,69세,경상
2012102300100427,2012년 10월 23일 16시,화요일,충청북도 보은군 삼승면,경상사고,0,0,1,0,차대차 - 측면직각충돌,안전운전불이행,건조,맑음,단일로 - 기타,원동기,남,73세,경상,승용,남,47세,상해없음
2012102300100428,2012년 10월 23일 16시,화요일,충청북도 청주시 흥덕구 사직동,경상사고,0,0,1,0,차대차 - 측면직각충돌,교차로운행방법위반,건조,맑음,교차로 - 교차로부근,승용,남,37세,상해없음,자전거,여,36세,경상
2012102300100461,2012년 10월 23일 17시,화요일,충청북도 제천시 화산동,경상사고,0,0,1,0,차대차 - 기타,기타,건조,맑음,교차로 - 교차로안,화물,남,64세,상해없음,승용,여,48세,경상
2012102300100462,2012년 10월 23일 17시,화요일,충청북도 영동군 영동읍,중상사고,0,1,0,0,차대차 - 기타,안전운전불이행,건조,맑음,기타 - 기타,화물,남,64세,상해없음,자전거,남,81세,중상
2012102300100463,2012년 10월 23일 17시,화요일,충청북도 괴산군 소수면,중상사고,0,1,0,0,차대차 - 추돌 - 주정차중,안전운전불이행,건조,맑음,교차로 - 교차로부근,화물,남,66세,상해없음,승용,남,41세,중상
2012102300100520,2012년 10월 23일 18시,화요일,충청북도 청주시 상당구 우암동,경상사고,0,0,1,0,차대차 - 측면직각충돌,교차로운행방법위반,건조,맑음,교차로 - 교차로안,승용,남,65세,상해없음,자전거,여,59세,경상
2012102300100521,2012년 10월 23일 18시,화요일,충청북도 청원군 오창읍,경상사고,0,0,1,0,차대차 - 기타,안전거리미확보,건조,맑음,단일로 - 기타,승합,남,71세,상해없음,승합,남,65세,상해없음
2012102300100522,2012년 10월 23일 18시,화요일,충청북도 청원군 오창읍,중상사고,0,1,0,0,차대사람 - 기타,안전운전불이행,건조,맑음,기타 - 기타,화물,남,29세,상해없음,보행자,여,30세,중상
2012102300100523,2012년 10월 23일 18시,화요일,충청북도 충주시 성내동,부상신고사고,0,0,0,1,차대차 - 기타,신호위반,건조,맑음,교차로 - 교차로안,자전거,남,64세,부상신고,승용,남,32세,상해없음
2012102300100524,2012년 10월 23일 18시,화요일,충청북도 제천시 청전동,경상사고,0,0,1,0,차대차 - 기타,안전운전불이행,건조,맑음,단일로 - 기타,승용,여,42세,상해없음,승용,남,34세,경상
2012102300100525,2012년 10월 23일 18시,화요일,충청북도 청주시 흥덕구 수곡동,중상사고,0,1,0,0,차대사람 - 기타,안전운전불이행,건조,맑음,교차로 - 교차로부근,승용,여,59세,상해없음,보행자,남,12세,중상
2012102300100610,2012년 10월 23일 20시,화요일,충청북도 음성군 금왕읍,경상사고,0,0,1,0,차대차 - 추돌 - 주정차중,안전운전불이행,건조,맑음,교차로 - 교차로부근,승용,남,39세,상해없음,승용,남,25세,경상
2012102300100611,2012년 10월 23일 20시,화요일,충청북도 청주시 흥덕구 복대동,중상사고,0,1,0,0,차대차 - 기타,안전운전불이행,건조,맑음,단일로 - 기타,승용,여,42세,상해없음,자전거,남,30세,중상
2012102300100635,2012년 10월 23일 21시,화요일,충청북도 음성군 금왕읍,경상사고,0,0,2,0,차대차 - 기타,교차로운행방법위반,건조,맑음,교차로 - 교차로안,승용,남,44세,경상,승용,남,28세,경상
2012102300100636,2012년 10월 23일 21시,화요일,충청북도 청주시 상당구 평촌동,경상사고,0,0,3,0,차대차 - 기타,안전운전불이행,건조,맑음,단일로 - 기타,승용,남,29세,상해없음,승용,여,38세,경상
2012102300100637,2012년 10월 23일 21시,화요일,충청북도 청주시 흥덕구 수곡동,경상사고,0,0,1,0,차대차 - 기타,안전운전불이행,건조,맑음,단일로 - 기타,승용,남,45세,상해없음,승용,남,39세,상해없음
2012102400100013,2012년 10월 24일 00시,수요일,충청북도 청주시 흥덕구 송정동,중상사고,0,1,6,0,차대차 - 추돌 - 진행중,안전운전불이행,건조,맑음,교차로 - 교차로안,화물,남,49세,중상,승용,여,37세,경상
2012102400100075,2012년 10월 24일 05시,수요일,충청북도 충주시 봉방동,중상사고,0,1,0,0,차대차 - 측면직각충돌,교차로운행방법위반,건조,맑음,교차로 - 교차로안,원동기,기타불명,기타불명,기타불명,자전거,남,69세,중상
2012102400100086,2012년 10월 24일 06시,수요일,충청북도 청주시 흥덕구 사직동,경상사고,0,0,3,0,차대차 - 추돌 - 진행중,안전운전불이행,건조,맑음,단일로 - 기타,승용,남,54세,상해없음,승합,남,51세,상해없음
2012102400100138,2012년 10월 24일 08시,수요일,충청북도 청주시 상당구 탑동,경상사고,0,0,5,0,차대차 - 추돌 - 주정차중,안전운전불이행,건조,맑음,교차로 - 교차로부근,승용,남,52세,상해없음,승용,남,40세,경상
2012102400100139,2012년 10월 24일 08시,수요일,충청북도 청원군 내수읍,경상사고,0,0,1,0,차대사람 - 기타,안전운전불이행,건조,맑음,교차로 - 교차로부근,승합,남,31세,상해없음,보행자,여,74세,경상
2012102400100140,2012년 10월 24일 08시,수요일,충청북도 음성군 금왕읍,경상사고,0,0,2,0,차대차 - 기타,교차로운행방법위반,건조,맑음,교차로 - 교차로안,승합,남,46세,경상,승용,남,63세,경상
2012102400100178,2012년 10월 24일 09시,수요일,충청북도 제천시 영천동,경상사고,0,0,1,0,차대차 - 기타,직진우회전진행방해,건조,맑음,교차로 - 교차로안,승용,남,23세,상해없음,승용,여,54세,경상
2012102400100281,2012년 10월 24일 13시,수요일,충청북도 청주시 상당구 사천동,경상사고,0,0,3,0,차대차 - 측면직각충돌,교차로운행방법위반,건조,맑음,교차로 - 교차로안,화물,남,69세,경상,승용,남,43세,경상
2012102400100341,2012년 10월 24일 15시,수요일,충청북도 청주시 상당구 율량동,중상사고,0,1,0,0,차대사람 - 기타,보행자보호의무위반,건조,맑음,교차로 - 교차로안,화물,남,46세,상해없음,보행자,여,28세,중상
2012102400100388,2012년 10월 24일 17시,수요일,충청북도 충주시 달천동,경상사고,0,0,3,0,차대차 - 추돌 - 주정차중,안전운전불이행,건조,맑음,교차로 - 교차로부근,승용,남,38세,상해없음,승용,남,40세,경상
2012102400100389,2012년 10월 24일 17시,수요일,충청북도 괴산군 장연면,경상사고,0,0,1,0,차대차 - 측면직각충돌,중앙선침범,건조,흐림,단일로 - 기타,승용,남,51세,상해없음,화물,남,47세,경상
2012102400100429,2012년 10월 24일 18시,수요일,충청북도 청주시 흥덕구 복대동,경상사고,0,0,1,0,차대차 - 기타,안전운전불이행,건조,맑음,단일로 - 기타,승용,여,29세,상해없음,이륜,남,33세,경상
2012102400100477,2012년 10월 24일 19시,수요일,충청북도 음성군 대소면,중상사고,0,1,0,0,차대차 - 측면직각충돌,교차로운행방법위반,건조,맑음,교차로 - 교차로안,승용,남,44세,상해없음,원동기,남,47세,중상
2012102400100478,2012년 10월 24일 19시,수요일,충청북도 청주시 흥덕구 복대동,경상사고,0,0,2,0,차대차 - 측면직각충돌,안전운전불이행,건조,맑음,단일로 - 기타,승용,남,54세,상해없음,승용,남,41세,경상
2012102400100479,2012년 10월 24일 19시,수요일,충청북도 청주시 상당구 용암동,경상사고,0,0,1,0,차대차 - 측면직각충돌,신호위반,건조,맑음,교차로 - 교차로안,이륜,남,19세,경상,승용,남,47세,상해없음
2012102400100513,2012년 10월 24일 20시,수요일,충청북도 제천시 청전동,경상사고,0,0,1,0,차대차 - 기타,신호위반,건조,맑음,단일로 - 기타,승용,남,39세,상해없음,승용,남,23세,경상
2012102400100514,2012년 10월 24일 20시,수요일,충청북도 청주시 흥덕구 운천동,중상사고,0,1,0,0,차대차 - 측면직각충돌,안전운전불이행,건조,맑음,단일로 - 기타,승용,여,45세,상해없음,원동기,남,22세,중상
2012102400100515,2012년 10월 24일 20시,수요일,충청북도 청주시 흥덕구 가경동,중상사고,0,1,0,0,차대사람 - 횡단중,안전운전불이행,건조,맑음,교차로 - 교차로부근,승용,남,25세,상해없음,보행자,남,77세,중상
2012102400100545,2012년 10월 24일 21시,수요일,충청북도 청원군 내수읍,경상사고,0,0,1,0,차대차 - 측면직각충돌,중앙선침범,건조,맑음,교차로 - 교차로안,승용,남,33세,상해없음,승용,남,54세,경상
2012102400100546,2012년 10월 24일 21시,수요일,충청북도 충주시 금릉동,경상사고,0,0,1,1,차대차 - 추돌 - 진행중,중앙선침범,건조,맑음,교차로 - 교차로안,자전거,남,17세,부상신고,원동기,남,28세,경상
2012102400100547,2012년 10월 24일 21시,수요일,충청북도 청주시 흥덕구 수곡동,경상사고,0,0,1,0,차대차 - 기타,안전운전불이행,건조,맑음,단일로 - 횡단보도상,승용,남,59세,상해없음,자전거,여,60세,경상
2012102400100580,2012년 10월 24일 22시,수요일,충청북도 음성군 금왕읍,중상사고,0,1,0,0,차대사람 - 횡단중,보행자보호의무위반,건조,맑음,교차로 - 교차로안,승용,여,39세,상해없음,보행자,여,43세,중상
2012102400100581,2012년 10월 24일 22시,수요일,충청북도 음성군 삼성면,중상사고,0,1,0,0,차량단독 - 전도전복,안전운전불이행,건조,맑음,단일로 - 기타,원동기,남,31세,중상,,,,
2012102400100608,2012년 10월 24일 23시,수요일,충청북도 청주시 흥덕구 모충동,중상사고,0,2,0,0,차대사람 - 횡단중,안전운전불이행,건조,맑음,교차로 - 교차로안,승용,남,40세,상해없음,보행자,남,28세,중상
2012102500100035,2012년 10월 25일 02시,목요일,충청북도 충주시 연수동,중상사고,0,1,0,0,차대사람 - 기타,안전운전불이행,건조,맑음,교차로 - 교차로부근,승용,남,31세,상해없음,보행자,남,27세,중상
2012102500100068,2012년 10월 25일 05시,목요일,충청북도 증평군 증평읍,경상사고,0,0,2,0,차대차 - 측면직각충돌,신호위반,습기,안개,교차로 - 교차로안,화물,남,49세,상해없음,승용,남,36세,경상
2012102500100084,2012년 10월 25일 06시,목요일,충청북도 청주시 상당구 사천동,경상사고,0,0,2,0,차대차 - 추돌 - 진행중,안전운전불이행,건조,맑음,교차로 - 교차로부근,화물,남,45세,상해없음,승용,여,30세,경상
2012102500100107,2012년 10월 25일 07시,목요일,충청북도 청주시 상당구 석교동,경상사고,0,0,1,0,차대사람 - 횡단중,안전운전불이행,건조,맑음,교차로 - 교차로부근,승용,남,70세,상해없음,보행자,여,77세,경상
2012102500100148,2012년 10월 25일 08시,목요일,충청북도 충주시 호암동,경상사고,0,0,1,0,차대차 - 기타,교차로운행방법위반,건조,맑음,교차로 - 교차로안,승용,남,53세,상해없음,승용,남,40세,경상
2012102500100149,2012년 10월 25일 08시,목요일,충청북도 청주시 흥덕구 사직동,중상사고,0,1,1,0,차대차 - 측면직각충돌,안전운전불이행,건조,맑음,교차로 - 교차로안,화물,남,70세,상해없음,승용,여,45세,중상
2012102500100150,2012년 10월 25일 08시,목요일,충청북도 청주시 흥덕구 개신동,경상사고,0,0,2,0,차대차 - 기타,신호위반,건조,맑음,교차로 - 교차로안,승용,남,27세,상해없음,승용,여,42세,경상
2012102500100184,2012년 10월 25일 09시,목요일,충청북도 괴산군 괴산읍,중상사고,0,1,0,0,차대차 - 측면직각충돌,안전운전불이행,건조,맑음,교차로 - 교차로안,화물,남,44세,상해없음,승용,남,64세,중상
2012102500100232,2012년 10월 25일 11시,목요일,충청북도 옥천군 옥천읍,경상사고,0,0,1,1,차대차 - 측면직각충돌,안전운전불이행,건조,맑음,교차로 - 교차로안,화물,남,63세,부상신고,승합,남,68세,경상
2012102500100257,2012년 10월 25일 12시,목요일,충청북도 충주시 주덕읍,부상신고사고,0,0,0,1,차대차 - 기타,안전운전불이행,건조,맑음,교차로 - 교차로부근,이륜,남,72세,부상신고,승용,여,33세,상해없음
2012102500100316,2012년 10월 25일 14시,목요일,충청북도 제천시 중앙로2가,중상사고,0,1,0,0,차대차 - 기타,직진우회전진행방해,건조,맑음,교차로 - 교차로안,승합,남,41세,상해없음,원동기,남,79세,중상
2012102500100342,2012년 10월 25일 15시,목요일,충청북도 진천군 광혜원면,중상사고,0,1,1,0,차대차 - 측면직각충돌,안전운전불이행,건조,맑음,교차로 - 교차로부근,승용,여,49세,상해없음,화물,남,38세,중상
2012102500100361,2012년 10월 25일 16시,목요일,충청북도 청주시 흥덕구 사직동,경상사고,0,0,1,0,차대차 - 기타,안전운전불이행,건조,맑음,단일로 - 기타,화물,남,42세,상해없음,이륜,남,40세,경상
2012102500100440,2012년 10월 25일 18시,목요일,충청북도 충주시 봉방동,부상신고사고,0,0,0,1,차대사람 - 기타,안전운전불이행,건조,맑음,단일로 - 기타,화물,남,68세,상해없음,보행자,남,14세,부상신고
2012102500100483,2012년 10월 25일 19시,목요일,충청북도 청주시 상당구 외하동,경상사고,0,0,1,0,차대차 - 정면충돌,신호위반,건조,맑음,교차로 - 교차로안,승용,남,42세,상해없음,승용,남,29세,경상
2012102500100548,2012년 10월 25일 21시,목요일,충청북도 제천시 모산동,경상사고,0,0,2,0,차대차 - 기타,안전운전불이행,건조,맑음,기타 - 기타,승용,남,39세,상해없음,승용,남,48세,경상
2012102500100584,2012년 10월 25일 22시,목요일,충청북도 청주시 흥덕구 복대동,경상사고,0,0,1,0,차대차 - 측면직각충돌,중앙선침범,건조,맑음,단일로 - 기타,승용,여,53세,상해없음,승용,여,55세,경상
2012102500100609,2012년 10월 25일 23시,목요일,충청북도 청주시 흥덕구 복대동,경상사고,0,0,1,0,차대사람 - 보도통행중,안전운전불이행,건조,맑음,단일로 - 기타,자전거,남,64세,상해없음,보행자,남,4세,경상
2012102600100011,2012년 10월 26일 00시,금요일,충청북도 청주시 흥덕구 장암동,경상사고,0,0,1,0,차량단독 - 공작물충돌,안전운전불이행,건조,맑음,단일로 - 기타,승용,남,33세,경상,,,,
2012102600100067,2012년 10월 26일 03시,금요일,충청북도 청주시 흥덕구 사창동,중상사고,0,1,0,0,차대사람 - 기타,안전운전불이행,건조,맑음,교차로 - 교차로부근,승용,남,47세,상해없음,보행자,여,41세,중상
2012102600100068,2012년 10월 26일 03시,금요일,충청북도 청주시 흥덕구 분평동,중상사고,0,1,0,0,차대사람 - 기타,안전운전불이행,건조,흐림,단일로 - 기타,기타불명,기타불명,기타불명,기타불명,보행자,남,66세,중상
2012102600100077,2012년 10월 26일 04시,금요일,충청북도 청주시 상당구 남주동,중상사고,0,1,0,0,차대사람 - 횡단중,안전운전불이행,건조,맑음,단일로 - 기타,승용,남,66세,상해없음,보행자,여,79세,중상
2012102600100078,2012년 10월 26일 04시,금요일,충청북도 청주시 흥덕구 봉명동,경상사고,0,0,1,0,차대차 - 측면직각충돌,안전운전불이행,건조,맑음,단일로 - 기타,이륜,남,16세,경상,화물,남,48세,상해없음
2012102600100091,2012년 10월 26일 05시,금요일,충청북도 충주시 문화동,경상사고,0,0,1,0,차대차 - 기타,안전거리미확보,건조,맑음,단일로 - 기타,이륜,남,29세,경상,화물,남,48세,상해없음
2012102600100177,2012년 10월 26일 08시,금요일,충청북도 증평군 증평읍,경상사고,0,0,3,0,차대차 - 측면직각충돌,직진우회전진행방해,습기,안개,교차로 - 교차로안,화물,남,51세,상해없음,승용,여,35세,경상
2012102600100178,2012년 10월 26일 08시,금요일,충청북도 청주시 흥덕구 봉명동,경상사고,0,0,1,0,차대차 - 측면직각충돌,중앙선침범,건조,맑음,단일로 - 기타,자전거,남,13세,경상,승용,남,52세,상해없음
2012102600100215,2012년 10월 26일 09시,금요일,충청북도 옥천군 옥천읍,경상사고,0,0,2,0,차대차 - 측면직각충돌,신호위반,건조,맑음,교차로 - 교차로안,화물,남,36세,상해없음,승용,남,55세,경상
2012102600100250,2012년 10월 26일 10시,금요일,충청북도 괴산군 청안면,부상신고사고,0,0,0,1,차대사람 - 횡단중,안전운전불이행,건조,맑음,단일로 - 기타,기타불명,기타불명,기타불명,기타불명,보행자,여,46세,부상신고
2012102600100294,2012년 10월 26일 12시,금요일,충청북도 영동군 학산면,중상사고,0,1,0,0,차대차 - 기타,직진우회전진행방해,건조,맑음,교차로 - 교차로안,화물,남,46세,상해없음,이륜,남,72세,중상
2012102600100295,2012년 10월 26일 12시,금요일,충청북도 청주시 흥덕구 가경동,중상사고,0,1,0,0,차대차 - 추돌 - 주정차중,안전운전불이행,건조,맑음,교차로 - 교차로부근,승합,남,41세,상해없음,승용,여,36세,중상
2012102600100319,2012년 10월 26일 13시,금요일,충청북도 청주시 흥덕구 비하동,경상사고,0,0,1,0,차대차 - 기타,안전운전불이행,건조,맑음,단일로 - 기타,승용,남,43세,상해없음,승용,여,36세,경상
2012102600100320,2012년 10월 26일 13시,금요일,충청북도 청주시 상당구 용암동,경상사고,0,0,4,0,차대차 - 추돌 - 진행중,안전거리미확보,건조,맑음,단일로 - 기타,승용,남,54세,경상,승용,남,71세,경상
2012102600100357,2012년 10월 26일 14시,금요일,충청북도 제천시 하소동,경상사고,0,0,1,0,차대사람 - 기타,안전운전불이행,건조,맑음,기타 - 기타,승용,남,57세,상해없음,보행자,남,32세,경상
2012102600100382,2012년 10월 26일 15시,금요일,충청북도 충주시 단월동,중상사고,0,1,0,0,차대차 - 추돌 - 진행중,직진우회전진행방해,건조,맑음,교차로 - 교차로안,승용,남,22세,상해없음,이륜,남,24세,중상
2012102600100383,2012년 10월 26일 15시,금요일,충청북도 음성군 금왕읍,경상사고,0,0,4,0,차대차 - 측면직각충돌,안전운전불이행,건조,맑음,교차로 - 교차로안,승용,여,50세,경상,승용,남,66세,경상
2012102600100384,2012년 10월 26일 15시,금요일,충청북도 옥천군 청성면,중상사고,0,1,0,0,차대차 - 측면직각충돌,안전운전불이행,건조,흐림,단일로 - 기타,이륜,남,58세,중상,화물,여,56세,상해없음
2012102600100411,2012년 10월 26일 16시,금요일,충청북도 음성군 금왕읍,사망사고,1,0,0,0,차대사람 - 횡단중,보행자보호의무위반,건조,맑음,교차로 - 교차로안,화물,여,56세,상해없음,보행자,여,8세,사망
2012102600100412,2012년 10월 26일 16시,금요일,충청북도 음성군 대소면,중상사고,0,1,0,0,차대차 - 기타,과속,건조,맑음,단일로 - 기타,승용,남,38세,중상,화물,남,42세,상해없음
2012102600100413,2012년 10월 26일 16시,금요일,충청북도 청주시 상당구 영운동,중상사고,0,1,0,0,차량단독 - 기타,안전운전불이행,건조,맑음,단일로 - 기타,승합,남,54세,기타불명,,,,