사고번호,사고일시,요일,시군구,사고내용,사망자수,중상자수,경상자수,부상신고자수,사고유형,법규위반,노면상태,기상상태,도로형태,가해운전자 차종,가해운전자 성별,가해운전자 연령,가해운전자 상해정도,피해운전자 차종,피해운전자 성별,피해운전자 연령,피해운전자 상해정도
2012102600100496,2012년 10월 26일 18시,금요일,충청북도 충주시 성남동,중상사고,0,1,1,0,차대차 - 추돌 - 진행중,안전운전불이행,건조,맑음,단일로 - 기타,승용,남,65세,상해없음,승용,남,36세,중상
2012102600100539,2012년 10월 26일 19시,금요일,충청북도 충주시 주덕읍,경상사고,0,0,1,0,차대차 - 추돌 - 진행중,안전운전불이행,건조,맑음,단일로 - 기타,화물,남,29세,기타불명,농기계,남,56세,경상
2012102600100582,2012년 10월 26일 20시,금요일,충청북도 음성군 대소면,중상사고,0,1,0,0,차대사람 - 횡단중,신호위반,건조,맑음,단일로 - 기타,승용,남,30세,상해없음,보행자,여,44세,중상
2012102600100583,2012년 10월 26일 20시,금요일,충청북도 청주시 상당구 용정동,경상사고,0,0,1,0,차대사람 - 길가장자리구역통행중,안전운전불이행,건조,맑음,단일로 - 기타,승용,여,32세,상해없음,보행자,여,57세,경상
2012102600100624,2012년 10월 26일 21시,금요일,충청북도 청주시 상당구 율량동,경상사고,0,0,1,0,차대차 - 측면직각충돌,안전운전불이행,건조,맑음,교차로 - 교차로안,승합,남,58세,상해없음,승용,여,27세,경상
2012102600100680,2012년 10월 26일 23시,금요일,충청북도 청주시 흥덕구 죽림동,경상사고,0,0,1,0,차대차 - 측면직각충돌,안전운전불이행,건조,맑음,교차로 - 교차로부근,승용,남,37세,상해없음,승용,남,29세,경상
2012102600100681,2012년 10월 26일 23시,금요일,충청북도 청주시 흥덕구 가경동,중상사고,0,1,1,0,차대차 - 측면직각충돌,안전운전불이행,건조,맑음,교차로 - 교차로안,이륜,남,43세,중상,승용,남,43세,경상
2012102700100012,2012년 10월 27일 00시,토요일,충청북도 청주시 흥덕구 복대동,경상사고,0,0,3,0,차대차 - 추돌 - 주정차중,안전운전불이행,건조,맑음,교차로 - 교차로부근,승용,남,26세,상해없음,승용,남,53세,경상
2012102700100175,2012년 10월 27일 07시,토요일,충청북도 청원군 북이면,중상사고,0,1,2,0,차대차 - 측면직각충돌,신호위반,습기,비,교차로 - 교차로안,승용,남,52세,중상,승용,남,65세,경상
2012102700100176,2012년 10월 27일 07시,토요일,충청북도 청원군 오창읍,중상사고,0,1,0,0,차대차 - 측면직각충돌,안전운전불이행,습기,비,단일로 - 기타,승용,남,22세,상해없음,승용,남,43세,중상
2012102700100177,2012년 10월 27일 07시,토요일,충청북도 증평군 증평읍,경상사고,0,0,1,0,차대차 - 측면직각충돌,교차로운행방법위반,습기,비,교차로 - 교차로부근,승용,남,26세,상해없음,자전거,남,45세,경상
2012102700100188,2012년 10월 27일 08시,토요일,충청북도 충주시 봉방동,중상사고,0,1,1,0,차대차 - 측면직각충돌,직진우회전진행방해,건조,맑음,교차로 - 교차로안,승합,남,45세,중상,승용,남,30세,경상
2012102700100255,2012년 10월 27일 10시,토요일,충청북도 보은군 장안면,경상사고,0,0,2,0,차대차 - 측면직각충돌,중앙선침범,습기,비,단일로 - 기타,승합,남,52세,상해없음,승용,여,47세,경상
2012102700100256,2012년 10월 27일 10시,토요일,충청북도 보은군 수한면,경상사고,0,0,3,0,차대차 - 정면충돌,중앙선침범,습기,비,단일로 - 기타,승용,남,54세,경상,화물,여,42세,경상
2012102700100257,2012년 10월 27일 10시,토요일,충청북도 청주시 흥덕구 봉명동,경상사고,0,0,3,0,차대차 - 추돌 - 주정차중,안전운전불이행,습기,비,교차로 - 교차로부근,승용,남,43세,상해없음,승용,남,41세,경상
2012102700100291,2012년 10월 27일 11시,토요일,충청북도 청원군 오창읍,중상사고,0,1,5,0,차대차 - 추돌 - 진행중,안전운전불이행,습기,비,교차로 - 교차로부근,건설기계,남,63세,상해없음,화물,남,79세,경상
2012102700100292,2012년 10월 27일 11시,토요일,충청북도 청원군 내수읍,중상사고,0,1,0,0,차대차 - 측면직각충돌,교차로운행방법위반,건조,맑음,교차로 - 교차로안,승용,남,38세,상해없음,승용,여,54세,중상
2012102700100324,2012년 10월 27일 12시,토요일,충청북도 청주시 흥덕구 개신동,경상사고,0,0,1,0,차대차 - 추돌 - 주정차중,안전운전불이행,습기,비,단일로 - 기타,승용,여,31세,상해없음,승합,여,47세,경상
2012102700100325,2012년 10월 27일 12시,토요일,충청북도 청주시 흥덕구 분평동,경상사고,0,0,1,0,차대차 - 추돌 - 진행중,안전운전불이행,습기,비,교차로 - 교차로부근,이륜,남,16세,경상,승용,남,53세,상해없음
2012102700100359,2012년 10월 27일 13시,토요일,충청북도 단양군 단성면,중상사고,0,3,1,0,차대차 - 추돌 - 진행중,중앙선침범,습기,비,단일로 - 기타,승용,남,59세,상해없음,승용,남,40세,경상
2012102700100360,2012년 10월 27일 13시,토요일,충청북도 청주시 흥덕구 가경동,경상사고,0,0,3,0,차대차 - 측면직각충돌,신호위반,습기,흐림,교차로 - 교차로안,승용,남,27세,상해없음,승용,남,23세,경상
2012102700100402,2012년 10월 27일 14시,토요일,충청북도 청주시 흥덕구 복대동,중상사고,0,1,0,0,차대차 - 추돌 - 진행중,안전운전불이행,습기,비,교차로 - 교차로부근,승용,남,33세,상해없음,이륜,남,56세,중상
2012102700100403,2012년 10월 27일 14시,토요일,충청북도 청주시 흥덕구 봉명동,경상사고,0,0,1,0,차대차 - 추돌 - 진행중,안전운전불이행,건조,맑음,단일로 - 기타,승용,여,41세,상해없음,승용,남,29세,경상
2012102700100441,2012년 10월 27일 15시,토요일,충청북도 청주시 상당구 내덕동,경상사고,0,0,2,0,차대차 - 기타,안전운전불이행,습기,흐림,단일로 - 기타,화물,남,37세,상해없음,승용,남,60세,경상
2012102700100442,2012년 10월 27일 15시,토요일,충청북도 청주시 상당구 석교동,중상사고,0,1,0,0,차대사람 - 횡단중,신호위반,건조,맑음,교차로 - 교차로안,승용,남,30세,상해없음,보행자,여,60세,중상
2012102700100443,2012년 10월 27일 15시,토요일,충청북도 제천시 송학면,중상사고,0,2,0,0,차대차 - 기타,안전운전불이행,습기,비,교차로 - 교차로안,승용,남,46세,상해없음,화물,남,61세,중상
2012102700100486,2012년 10월 27일 16시,토요일,충청북도 청주시 흥덕구 복대동,경상사고,0,0,3,0,차대차 - 추돌 - 주정차중,안전거리미확보,건조,맑음,단일로 - 기타,승용,남,50세,상해없음,승용,남,37세,경상
2012102700100487,2012년 10월 27일 16시,토요일,충청북도 청주시 흥덕구 사창동,중상사고,0,1,0,2,차대차 - 추돌 - 진행중,안전운전불이행,건조,맑음,단일로 - 기타,승용,남,27세,상해없음,승용,여,35세,중상
2012102700100527,2012년 10월 27일 17시,토요일,충청북도 음성군 생극면,중상사고,0,1,0,0,차대차 - 기타,안전운전불이행,건조,맑음,단일로 - 기타,승용,남,57세,상해없음,자전거,남,60세,중상
2012102700100606,2012년 10월 27일 18시,토요일,충청북도 충주시 칠금동,중상사고,0,2,0,0,차대차 - 측면직각충돌,중앙선침범,건조,맑음,단일로 - 기타,특수,남,27세,상해없음,화물,남,49세,중상
2012102700100654,2012년 10월 27일 19시,토요일,충청북도 청주시 상당구 서문동,경상사고,0,0,1,0,차대차 - 기타,안전운전불이행,건조,맑음,단일로 - 기타,기타불명,기타불명,기타불명,기타불명,승합,남,67세,상해없음
2012102700100655,2012년 10월 27일 19시,토요일,충청북도 청주시 흥덕구 가경동,경상사고,0,0,1,0,차대차 - 추돌 - 진행중,안전운전불이행,건조,맑음,교차로 - 교차로부근,승용,남,53세,상해없음,승용,여,27세,경상
2012102700100707,2012년 10월 27일 20시,토요일,충청북도 충주시 칠금동,경상사고,0,0,3,1,차대차 - 측면직각충돌,안전거리미확보,습기,비,교차로 - 교차로부근,승용,남,54세,부상신고,승용,여,28세,경상
2012102700100708,2012년 10월 27일 20시,토요일,충청북도 제천시 명동,중상사고,0,1,0,0,차대사람 - 기타,보행자보호의무위반,습기,비,단일로 - 횡단보도상,기타불명,기타불명,기타불명,기타불명,보행자,남,35세,중상
2012102700100709,2012년 10월 27일 20시,토요일,충청북도 청주시 흥덕구 비하동,경상사고,0,0,2,0,차대차 - 추돌 - 진행중,안전거리미확보,건조,맑음,교차로 - 교차로안,승용,남,55세,상해없음,승용,남,29세,경상
2012102700100710,2012년 10월 27일 20시,토요일,충청북도 청원군 남일면,중상사고,0,1,0,0,차량단독 - 전도전복,안전운전불이행,습기,비,단일로 - 기타,이륜,남,63세,중상,,,,
2012102700100764,2012년 10월 27일 21시,토요일,충청북도 제천시 명동,중상사고,0,1,0,0,차대차 - 기타,안전운전불이행,습기,비,단일로 - 기타,승용,여,24세,상해없음,승용,남,57세,중상
2012102700100765,2012년 10월 27일 21시,토요일,충청북도 옥천군 옥천읍,중상사고,0,1,0,0,차대차 - 측면직각충돌,안전운전불이행,습기,비,교차로 - 교차로안,화물,남,45세,상해없음,이륜,남,18세,중상
2012102700100832,2012년 10월 27일 23시,토요일,충청북도 청주시 상당구 영운동,경상사고,0,0,2,0,차대차 - 측면직각충돌,교차로운행방법위반,습기,비,교차로 - 교차로안,승용,남,52세,경상,승용,남,44세,경상
2012102800100020,2012년 10월 28일 00시,일요일,충청북도 제천시 중앙로2가,경상사고,0,0,1,0,차대차 - 기타,안전운전불이행,습기,비,단일로 - 기타,원동기,남,18세,경상,승용,남,53세,상해없음
2012102800100036,2012년 10월 28일 01시,일요일,충청북도 청주시 흥덕구 성화동,경상사고,0,0,2,0,차대차 - 측면직각충돌,교차로운행방법위반,건조,맑음,교차로 - 교차로안,승용,남,25세,상해없음,승용,남,53세,경상
2012102800100054,2012년 10월 28일 02시,일요일,충청북도 청주시 흥덕구 가경동,경상사고,0,0,1,0,차대차 - 기타,안전운전불이행,건조,맑음,교차로 - 교차로부근,승용,남,27세,상해없음,승용,남,31세,기타불명
2012102800100069,2012년 10월 28일 03시,일요일,충청북도 청원군 북이면,경상사고,0,0,2,0,차대차 - 추돌 - 주정차중,안전운전불이행,건조,맑음,교차로 - 교차로부근,승용,남,45세,상해없음,승용,남,46세,경상
2012102800100126,2012년 10월 28일 07시,일요일,충청북도 청주시 상당구 석교동,경상사고,0,0,1,0,차대차 - 측면직각충돌,안전운전불이행,건조,맑음,교차로 - 교차로부근,승용,남,57세,상해없음,자전거,남,18세,경상
2012102800100137,2012년 10월 28일 08시,일요일,충청북도 충주시 용탄동,중상사고,0,1,0,0,차대차 - 측면직각충돌,신호위반,건조,맑음,단일로 - 횡단보도상,승용,남,24세,상해없음,자전거,남,60세,중상
2012102800100173,2012년 10월 28일 10시,일요일,충청북도 충주시 문화동,중상사고,0,1,0,0,차대사람 - 길가장자리구역통행중,안전운전불이행,건조,맑음,교차로 - 교차로부근,승용,남,54세,상해없음,보행자,여,77세,중상
2012102800100174,2012년 10월 28일 10시,일요일,충청북도 증평군 증평읍,경상사고,0,0,2,0,차대차 - 측면직각충돌,안전거리미확보,건조,맑음,단일로 - 기타,승용,여,29세,상해없음,승용,남,46세,경상
2012102800100175,2012년 10월 28일 10시,일요일,충청북도 청주시 흥덕구 송절동,중상사고,0,1,0,0,차대차 - 측면직각충돌,신호위반,건조,맑음,교차로 - 교차로안,화물,남,60세,상해없음,화물,남,65세,중상
2012102800100201,2012년 10월 28일 11시,일요일,충청북도 옥천군 옥천읍,중상사고,0,1,0,0,차대사람 - 기타,안전운전불이행,건조,맑음,교차로 - 교차로안,승용,여,43세,상해없음,보행자,여,71세,중상
2012102800100202,2012년 10월 28일 11시,일요일,충청북도 청주시 흥덕구 복대동,중상사고,0,1,0,0,차대사람 - 횡단중,안전운전불이행,건조,맑음,교차로 - 교차로부근,승용,남,53세,상해없음,보행자,남,79세,중상
2012102800100221,2012년 10월 28일 12시,일요일,충청북도 청원군 북이면,경상사고,0,0,4,0,차대차 - 측면직각충돌,안전거리미확보,건조,맑음,단일로 - 기타,승용,남,34세,상해없음,승용,여,34세,경상
2012102800100222,2012년 10월 28일 12시,일요일,충청북도 제천시 하소동,중상사고,0,2,0,0,차대차 - 측면직각충돌,안전거리미확보,건조,맑음,단일로 - 기타,승용,여,53세,상해없음,승용,남,53세,중상
2012102800100223,2012년 10월 28일 12시,일요일,충청북도 청주시 흥덕구 운천동,경상사고,0,0,1,0,차대차 - 측면직각충돌,교차로운행방법위반,건조,맑음,교차로 - 교차로안,승용,여,55세,상해없음,자전거,남,44세,경상
2012102800100251,2012년 10월 28일 13시,일요일,충청북도 청원군 남이면,경상사고,0,0,5,0,차대차 - 측면직각충돌,안전운전불이행,건조,맑음,교차로 - 교차로부근,승용,남,26세,상해없음,승용,남,47세,경상
2012102800100253,2012년 10월 28일 13시,일요일,충청북도 청원군 옥산면,경상사고,0,0,1,0,차대차 - 기타,안전운전불이행,건조,맑음,단일로 - 기타,승용,남,51세,상해없음,승용,남,43세,경상
2012102800100279,2012년 10월 28일 14시,일요일,충청북도 청주시 흥덕구 수곡동,중상사고,0,1,0,0,차대차 - 측면직각충돌,안전운전불이행,건조,맑음,교차로 - 교차로부근,승용,남,38세,상해없음,승용,여,42세,중상
2012102800100319,2012년 10월 28일 15시,일요일,충청북도 충주시 성남동,경상사고,0,0,2,0,차대차 - 기타,안전운전불이행,건조,맑음,교차로 - 교차로안,승용,여,54세,경상,승용,여,69세,경상
2012102800100320,2012년 10월 28일 15시,일요일,충청북도 청주시 흥덕구 미평동,중상사고,0,2,0,0,차대차 - 추돌 - 주정차중,안전운전불이행,건조,맑음,단일로 - 기타,승용,남,49세,상해없음,승용,여,36세,중상
2012102800100356,2012년 10월 28일 16시,일요일,충청북도 청주시 상당구 내덕동,중상사고,0,1,0,0,차대차 - 측면직각충돌,신호위반,건조,맑음,교차로 - 교차로안,화물,남,67세,상해없음,이륜,남,70세,중상
2012102800100357,2012년 10월 28일 16시,일요일,충청북도 청주시 상당구 사천동,경상사고,0,0,6,0,차대차 - 추돌 - 주정차중,안전운전불이행,건조,맑음,단일로 - 기타,승용,여,49세,상해없음,승용,남,29세,경상
2012102800100358,2012년 10월 28일 16시,일요일,충청북도 충주시 금릉동,경상사고,0,0,1,0,차대사람 - 길가장자리구역통행중,안전운전불이행,건조,맑음,단일로 - 기타,승용,여,50세,상해없음,보행자,남,13세,경상
2012102800100359,2012년 10월 28일 16시,일요일,충청북도 충주시 용두동,경상사고,0,0,4,0,차대차 - 측면직각충돌,안전거리미확보,건조,맑음,교차로 - 교차로부근,승용,남,33세,상해없음,승용,남,35세,경상
2012102800100360,2012년 10월 28일 16시,일요일,충청북도 제천시 봉양읍,중상사고,0,1,1,0,차대차 - 측면직각충돌,기타,건조,맑음,교차로 - 교차로안,이륜,남,44세,중상,승용,남,33세,상해없음
2012102800100442,2012년 10월 28일 18시,일요일,충청북도 충주시 용두동,중상사고,0,1,1,0,차대차 - 측면직각충돌,안전운전불이행,건조,맑음,단일로 - 기타,승용,남,62세,상해없음,승용,남,35세,중상
2012102800100443,2012년 10월 28일 18시,일요일,충청북도 제천시 하소동,경상사고,0,0,5,0,차대차 - 기타,직진우회전진행방해,건조,맑음,교차로 - 교차로안,승용,남,66세,상해없음,승용,남,39세,경상
2012102800100444,2012년 10월 28일 18시,일요일,충청북도 증평군 증평읍,경상사고,0,0,2,0,차대차 - 측면직각충돌,중앙선침범,건조,맑음,단일로 - 기타,이륜,여,19세,경상,이륜,남,21세,경상
2012102800100496,2012년 10월 28일 19시,일요일,충청북도 충주시 대소원면,경상사고,0,0,1,0,차대차 - 측면직각충돌,직진우회전진행방해,건조,맑음,교차로 - 교차로안,승용,남,42세,경상,승용,남,47세,상해없음
2012102800100560,2012년 10월 28일 21시,일요일,충청북도 옥천군 옥천읍,사망사고,1,0,0,0,차대차 - 추돌 - 주정차중,안전운전불이행,건조,맑음,단일로 - 기타,이륜,남,19세,사망,화물,남,43세,기타불명
2012102800100561,2012년 10월 28일 21시,일요일,충청북도 단양군 대강면,경상사고,0,0,2,0,차대차 - 추돌 - 진행중,안전운전불이행,건조,맑음,단일로 - 기타,승용,여,57세,상해없음,승용,남,48세,경상
2012102800100582,2012년 10월 28일 22시,일요일,충청북도 충주시 동량면,중상사고,0,1,5,0,차대차 - 측면직각충돌,신호위반,건조,맑음,교차로 - 교차로안,승용,남,50세,상해없음,승용,남,54세,경상
2012102900100014,2012년 10월 29일 00시,월요일,충청북도 청주시 흥덕구 분평동,중상사고,0,2,0,0,차대차 - 추돌 - 진행중,안전운전불이행,건조,맑음,교차로 - 교차로안,화물,남,44세,상해없음,승용,남,46세,중상
2012102900100039,2012년 10월 29일 04시,월요일,충청북도 청주시 흥덕구 강서동,경상사고,0,0,1,0,차량단독 - 전도전복,안전운전불이행,건조,맑음,단일로 - 기타,승용,남,26세,상해없음,,,,
2012102900100057,2012년 10월 29일 06시,월요일,충청북도 청원군 오창읍,중상사고,0,1,0,0,차대차 - 측면직각충돌,신호위반,건조,맑음,교차로 - 교차로안,승용,남,29세,상해없음,승용,남,28세,중상
2012102900100124,2012년 10월 29일 08시,월요일,충청북도 청원군 오송읍,경상사고,0,0,4,0,차대차 - 측면직각충돌,안전운전불이행,건조,맑음,교차로 - 교차로부근,화물,남,56세,상해없음,승합,남,64세,경상
2012102900100163,2012년 10월 29일 09시,월요일,충청북도 청주시 흥덕구 성화동,중상사고,0,2,0,0,차대차 - 정면충돌,안전운전불이행,건조,맑음,교차로 - 교차로부근,자전거,여,46세,중상,자전거,남,58세,중상
2012102900100187,2012년 10월 29일 10시,월요일,충청북도 옥천군 군북면,경상사고,0,0,1,0,차대차 - 측면직각충돌,안전거리미확보,건조,맑음,단일로 - 기타,이륜,남,72세,경상,승용,남,51세,상해없음
2012102900100216,2012년 10월 29일 11시,월요일,충청북도 청주시 상당구 내덕동,경상사고,0,0,1,0,차대사람 - 횡단중,안전운전불이행,건조,맑음,단일로 - 기타,승용,기타불명,기타불명,기타불명,보행자,여,34세,경상
2012102900100267,2012년 10월 29일 13시,월요일,충청북도 단양군 영춘면,중상사고,0,2,0,0,차대차 - 정면충돌,중앙선침범,건조,맑음,단일로 - 기타,화물,남,73세,상해없음,승용,남,48세,중상
2012102900100294,2012년 10월 29일 14시,월요일,충청북도 청원군 북이면,중상사고,0,1,2,0,차대차 - 추돌 - 주정차중,안전운전불이행,건조,맑음,단일로 - 기타,화물,남,27세,중상,승합,남,45세,경상
2012102900100295,2012년 10월 29일 14시,월요일,충청북도 청주시 상당구 문화동,중상사고,0,1,0,0,차대사람 - 횡단중,안전운전불이행,건조,맑음,교차로 - 교차로부근,승용,남,51세,상해없음,보행자,남,17세,중상
2012102900100361,2012년 10월 29일 16시,월요일,충청북도 청주시 흥덕구 개신동,경상사고,0,0,1,0,차대차 - 측면직각충돌,신호위반,건조,맑음,교차로 - 교차로안,승용,남,55세,상해없음,승용,여,40세,경상
2012102900100413,2012년 10월 29일 17시,월요일,충청북도 청주시 흥덕구 가경동,중상사고,0,1,0,0,차대사람 - 기타,안전운전불이행,건조,맑음,단일로 - 기타,승용,남,63세,상해없음,보행자,남,53세,중상
2012102900100464,2012년 10월 29일 18시,월요일,충청북도 청주시 상당구 문화동,경상사고,0,0,1,0,차대차 - 측면직각충돌,안전운전불이행,건조,맑음,교차로 - 교차로부근,승용,남,47세,상해없음,승용,남,41세,경상
2012102900100465,2012년 10월 29일 18시,월요일,충청북도 충주시 문화동,경상사고,0,0,2,0,차대차 - 추돌 - 주정차중,안전운전불이행,건조,맑음,단일로 - 기타,승용,여,31세,상해없음,승용,남,36세,상해없음
2012102900100466,2012년 10월 29일 18시,월요일,충청북도 제천시 중앙로2가,경상사고,0,0,4,0,차대차 - 기타,안전운전불이행,건조,맑음,단일로 - 기타,승용,남,22세,상해없음,승용,여,27세,경상
2012102900100467,2012년 10월 29일 18시,월요일,충청북도 음성군 감곡면,경상사고,0,0,1,0,차대차 - 추돌 - 주정차중,안전운전불이행,건조,맑음,교차로 - 교차로부근,승용,남,58세,상해없음,승용,남,74세,경상
2012102900100468,2012년 10월 29일 18시,월요일,충청북도 청원군 낭성면,중상사고,0,2,1,0,차대차 - 추돌 - 주정차중,안전운전불이행,건조,맑음,교차로 - 교차로부근,화물,남,58세,경상,승용,여,52세,중상
2012102900100550,2012년 10월 29일 20시,월요일,충청북도 충주시 문화동,중상사고,0,1,0,0,차대사람 - 횡단중,보행자보호의무위반,건조,맑음,단일로 - 횡단보도상,승용,남,37세,상해없음,보행자,남,64세,중상
2012102900100551,2012년 10월 29일 20시,월요일,충청북도 충주시 칠금동,경상사고,0,0,1,0,차대차 - 추돌 - 진행중,직진우회전진행방해,건조,맑음,교차로 - 교차로안,승용,남,58세,상해없음,이륜,남,25세,경상
2012102900100552,2012년 10월 29일 20시,월요일,충청북도 음성군 음성읍,중상사고,0,1,0,0,차대차 - 추돌 - 주정차중,안전운전불이행,건조,맑음,단일로 - 기타,승합,남,64세,중상,승합,남,42세,상해없음
2012102900100586,2012년 10월 29일 21시,월요일,충청북도 청주시 흥덕구 미평동,경상사고,0,0,1,0,차대차 - 기타,신호위반,건조,맑음,교차로 - 교차로안,승용,남,53세,상해없음,승용,여,36세,경상
2012102900100615,2012년 10월 29일 22시,월요일,충청북도 충주시 칠금동,경상사고,0,0,1,0,차대사람 - 기타,안전운전불이행,건조,맑음,단일로 - 기타,승용,남,45세,상해없음,보행자,남,55세,경상
2012102900100616,2012년 10월 29일 22시,월요일,충청북도 제천시 하소동,경상사고,0,0,1,0,차대차 - 측면직각충돌,안전운전불이행,건조,맑음,단일로 - 기타,화물,남,42세,상해없음,승용,남,51세,상해없음
2012102900100617,2012년 10월 29일 22시,월요일,충청북도 청주시 흥덕구 석소동,중상사고,0,1,2,0,차대차 - 기타,안전거리미확보,건조,맑음,단일로 - 기타,승용,남,24세,상해없음,승용,여,43세,경상
2012103000100012,2012년 10월 30일 00시,화요일,충청북도 청주시 흥덕구 수곡동,경상사고,0,0,1,0,차대차 - 추돌 - 주정차중,안전운전불이행,건조,맑음,단일로 - 기타,승용,남,41세,상해없음,승용,남,58세,경상
2012103000100098,2012년 10월 30일 07시,화요일,충청북도 청원군 오창읍,중상사고,0,1,0,0,차대차 - 기타,안전운전불이행,건조,맑음,단일로 - 기타,자전거,남,32세,중상,승용,남,29세,상해없음
2012103000100122,2012년 10월 30일 08시,화요일,충청북도 제천시 강제동,중상사고,0,1,0,0,차대사람 - 횡단중,보행자보호의무위반,건조,맑음,단일로 - 횡단보도상,승용,남,41세,상해없음,보행자,여,11세,중상
2012103000100238,2012년 10월 30일 12시,화요일,충청북도 청주시 흥덕구 비하동,중상사고,0,1,0,0,차대차 - 측면직각충돌,안전운전불이행,건조,맑음,교차로 - 교차로부근,화물,남,41세,상해없음,승용,여,57세,중상
2012103000100268,2012년 10월 30일 13시,화요일,충청북도 괴산군 괴산읍,경상사고,0,0,3,0,차대차 - 정면충돌,중앙선침범,건조,맑음,단일로 - 기타,승용,남,53세,상해없음,승용,남,51세,경상
2012103000100296,2012년 10월 30일 14시,화요일,충청북도 청주시 흥덕구 모충동,중상사고,0,1,0,0,차대사람 - 기타,안전운전불이행,건조,맑음,단일로 - 기타,승용,여,39세,상해없음,보행자,남,36세,중상
2012103000100329,2012년 10월 30일 15시,화요일,충청북도 청주시 상당구 영운동,경상사고,0,0,1,0,차대차 - 기타,안전운전불이행,건조,맑음,단일로 - 기타,승용,여,43세,상해없음,이륜,여,44세,경상
2012103000100330,2012년 10월 30일 15시,화요일,충청북도 청주시 흥덕구 분평동,경상사고,0,0,1,0,차대차 - 기타,안전운전불이행,건조,맑음,단일로 - 기타,승용,여,36세,상해없음,자전거,남,10세,경상
2012103000100369,2012년 10월 30일 16시,화요일,충청북도 제천시 청전동,경상사고,0,0,3,0,차대차 - 기타,직진우회전진행방해,건조,맑음,교차로 - 교차로안,승용,여,55세,상해없음,승용,여,39세,경상
2012103000100370,2012년 10월 30일 16시,화요일,충청북도 진천군 이월면,중상사고,0,1,1,0,차대차 - 정면충돌,중앙선침범,건조,맑음,단일로 - 기타,화물,여,55세,상해없음,화물,여,53세,중상
2012103000100371,2012년 10월 30일 16시,화요일,충청북도 청주시 상당구 용암동,경상사고,0,0,1,0,차대사람 - 기타,보행자보호의무위반,건조,맑음,교차로 - 교차로안,승용,남,22세,상해없음,보행자,남,14세,경상
2012103000100403,2012년 10월 30일 17시,화요일,충청북도 제천시 서부동,경상사고,0,0,1,0,차대차 - 기타,안전거리미확보,건조,맑음,단일로 - 기타,승용,남,32세,상해없음,승합,남,51세,경상
2012103000100440,2012년 10월 30일 18시,화요일,충청북도 괴산군 칠성면,사망사고,1,0,0,0,차대사람 - 횡단중,안전운전불이행,건조,맑음,단일로 - 기타,승용,남,33세,상해없음,보행자,여,86세,사망
2012103000100441,2012년 10월 30일 18시,화요일,충청북도 증평군 증평읍,경상사고,0,0,1,0,차대차 - 정면충돌,신호위반,건조,맑음,교차로 - 교차로안,이륜,여,71세,경상,승용,여,32세,상해없음
2012103000100477,2012년 10월 30일 19시,화요일,충청북도 음성군 삼성면,중상사고,0,1,0,0,차대차 - 기타,안전운전불이행,건조,맑음,교차로 - 교차로안,승용,남,50세,상해없음,승용,남,51세,중상
2012103000100478,2012년 10월 30일 19시,화요일,충청북도 청주시 흥덕구 분평동,경상사고,0,0,2,0,차대차 - 기타,안전운전불이행,건조,맑음,교차로 - 교차로부근,이륜,남,20세,경상,승용,남,43세,경상
2012103000100553,2012년 10월 30일 21시,화요일,충청북도 청주시 상당구 율량동,중상사고,0,1,0,0,차대차 - 추돌 - 진행중,안전운전불이행,건조,맑음,교차로 - 교차로부근,승용,남,44세,상해없음,승용,남,25세,중상
2012103000100554,2012년 10월 30일 21시,화요일,충청북도 청원군 오창읍,중상사고,0,1,2,0,차대차 - 측면직각충돌,신호위반,건조,맑음,교차로 - 교차로안,승용,남,39세,상해없음,승용,남,61세,중상
2012103000100555,2012년 10월 30일 21시,화요일,충청북도 청원군 오창읍,경상사고,0,0,1,0,차대차 - 측면직각충돌,중앙선침범,건조,맑음,교차로 - 교차로부근,승용,남,42세,상해없음,승용,여,40세,경상
2012103000100556,2012년 10월 30일 21시,화요일,충청북도 제천시 고암동,경상사고,0,0,1,0,차대차 - 기타,안전운전불이행,건조,맑음,교차로 - 교차로부근,승용,남,53세,상해없음,승용,남,38세,경상
2012103000100587,2012년 10월 30일 22시,화요일,충청북도 청주시 흥덕구 분평동,경상사고,0,0,1,0,차대차 - 기타,안전운전불이행,건조,맑음,교차로 - 교차로부근,승용,남,51세,상해없음,승합,여,57세,경상
2012103000100617,2012년 10월 30일 23시,화요일,충청북도 충주시 교현동,중상사고,0,1,0,0,차대차 - 정면충돌,신호위반,건조,맑음,교차로 - 교차로안,원동기,남,19세,중상,승용,남,47세,상해없음
2012103100100019,2012년 10월 31일 01시,수요일,충청북도 청주시 흥덕구 신촌동,중상사고,0,1,4,0,차대차 - 측면직각충돌,안전거리미확보,건조,맑음,단일로 - 기타,화물,남,39세,상해없음,승용,남,33세,경상
2012103100100031,2012년 10월 31일 02시,수요일,충청북도 제천시 중앙로2가,중상사고,0,1,1,0,차대차 - 기타,직진우회전진행방해,건조,맑음,교차로 - 교차로안,승용,여,23세,상해없음,승용,남,39세,중상
2012103100100114,2012년 10월 31일 08시,수요일,충청북도 제천시 청전동,경상사고,0,0,2,0,차대차 - 기타,안전운전불이행,건조,맑음,단일로 - 기타,승용,남,73세,상해없음,승용,여,46세,경상