사고번호,사고일시,요일,시군구,사고내용,사망자수,중상자수,경상자수,부상신고자수,사고유형,법규위반,노면상태,기상상태,도로형태,가해운전자 차종,가해운전자 성별,가해운전자 연령,가해운전자 상해정도,피해운전자 차종,피해운전자 성별,피해운전자 연령,피해운전자 상해정도
2012103100100142,2012년 10월 31일 09시,수요일,충청북도 청주시 흥덕구 분평동,경상사고,0,0,2,0,차대차 - 측면직각충돌,교차로운행방법위반,건조,맑음,교차로 - 교차로안,승용,여,38세,경상,승용,남,54세,경상
2012103100100176,2012년 10월 31일 10시,수요일,충청북도 음성군 소이면,경상사고,0,0,2,0,차대차 - 추돌 - 주정차중,안전운전불이행,건조,맑음,단일로 - 기타,승합,남,49세,상해없음,승용,남,21세,경상
2012103100100177,2012년 10월 31일 10시,수요일,충청북도 청주시 흥덕구 사직동,중상사고,0,2,0,0,차대차 - 추돌 - 주정차중,안전운전불이행,건조,맑음,교차로 - 교차로부근,승용,남,53세,상해없음,승합,여,55세,중상
2012103100100199,2012년 10월 31일 11시,수요일,충청북도 제천시 두학동,경상사고,0,0,1,0,차대차 - 기타,안전운전불이행,건조,맑음,교차로 - 교차로부근,원동기,남,17세,경상,승용,남,41세,상해없음
2012103100100273,2012년 10월 31일 14시,수요일,충청북도 청주시 흥덕구 개신동,중상사고,0,1,0,0,차대사람 - 기타,안전운전불이행,건조,맑음,단일로 - 기타,승용,남,24세,상해없음,보행자,남,43세,중상
2012103100100370,2012년 10월 31일 17시,수요일,충청북도 제천시 중앙로1가,중상사고,0,1,0,0,차대차 - 기타,신호위반,건조,맑음,교차로 - 교차로안,승용,남,23세,상해없음,원동기,남,50세,중상
2012103100100371,2012년 10월 31일 17시,수요일,충청북도 진천군 진천읍,경상사고,0,0,1,0,차대차 - 측면직각충돌,안전운전불이행,건조,맑음,교차로 - 교차로부근,화물,남,38세,상해없음,승용,여,36세,경상
2012103100100372,2012년 10월 31일 17시,수요일,충청북도 청주시 흥덕구 강서동,중상사고,0,1,0,0,차대차 - 측면직각충돌,교차로운행방법위반,건조,맑음,교차로 - 교차로안,승용,남,66세,상해없음,자전거,여,16세,중상
2012103100100428,2012년 10월 31일 18시,수요일,충청북도 청주시 상당구 내덕동,중상사고,0,1,0,0,차대사람 - 횡단중,안전운전불이행,건조,맑음,단일로 - 기타,승용,남,60세,상해없음,보행자,여,80세,중상
2012103100100429,2012년 10월 31일 18시,수요일,충청북도 음성군 삼성면,중상사고,0,1,0,0,차대차 - 기타,안전운전불이행,건조,맑음,단일로 - 기타,화물,남,68세,상해없음,자전거,남,72세,중상
2012103100100579,2012년 10월 31일 21시,수요일,충청북도 청주시 흥덕구 봉명동,경상사고,0,0,6,0,차대차 - 추돌 - 주정차중,안전운전불이행,습기,비,교차로 - 교차로부근,승용,남,38세,상해없음,승용,남,24세,경상
2012103100100617,2012년 10월 31일 22시,수요일,충청북도 청주시 흥덕구 가경동,경상사고,0,0,3,0,차대차 - 추돌 - 주정차중,안전운전불이행,건조,맑음,교차로 - 교차로부근,승용,여,40세,상해없음,승용,남,18세,경상
2012110100100014,2012년 11월 1일 00시,목요일,충청북도 제천시 청전동,중상사고,0,1,1,0,차대차 - 기타,중앙선침범,건조,맑음,교차로 - 교차로부근,승용,여,44세,상해없음,승용,남,30세,중상
2012110100100015,2012년 11월 1일 00시,목요일,충청북도 청주시 흥덕구 복대동,경상사고,0,0,1,0,차대사람 - 횡단중,안전운전불이행,건조,맑음,교차로 - 교차로부근,승용,남,45세,상해없음,보행자,여,56세,경상
2012110100100031,2012년 11월 1일 01시,목요일,충청북도 청주시 흥덕구 봉명동,경상사고,0,0,1,0,차대사람 - 횡단중,안전운전불이행,건조,맑음,단일로 - 기타,승용,남,26세,상해없음,보행자,남,33세,경상
2012110100100068,2012년 11월 1일 04시,목요일,충청북도 청주시 흥덕구 송정동,경상사고,0,0,2,0,차대차 - 측면직각충돌,신호위반,건조,맑음,교차로 - 교차로안,승용,남,58세,경상,화물,남,35세,경상
2012110100100095,2012년 11월 1일 06시,목요일,충청북도 청원군 오창읍,중상사고,0,2,0,0,차대차 - 측면직각충돌,신호위반,건조,맑음,교차로 - 교차로안,이륜,남,41세,중상,승용,남,65세,상해없음
2012110100100115,2012년 11월 1일 07시,목요일,충청북도 청원군 북이면,경상사고,0,0,1,0,차량단독 - 공작물충돌,안전운전불이행,기타,안개,단일로 - 기타,승용,여,41세,경상,,,,
2012110100100116,2012년 11월 1일 07시,목요일,충청북도 음성군 원남면,경상사고,0,0,2,0,차대차 - 기타,안전운전불이행,건조,맑음,단일로 - 기타,화물,남,51세,상해없음,화물,남,57세,경상
2012110100100117,2012년 11월 1일 07시,목요일,충청북도 청주시 흥덕구 봉명동,중상사고,0,1,2,0,차대차 - 추돌 - 주정차중,교차로운행방법위반,건조,맑음,교차로 - 교차로안,화물,남,38세,중상,승용,여,39세,경상
2012110100100147,2012년 11월 1일 08시,목요일,충청북도 청주시 흥덕구 봉명동,경상사고,0,0,1,0,차대차 - 측면직각충돌,교차로운행방법위반,건조,맑음,교차로 - 교차로안,승용,남,29세,상해없음,승용,여,48세,경상
2012110100100206,2012년 11월 1일 10시,목요일,충청북도 제천시 중앙로2가,경상사고,0,0,1,0,차대사람 - 횡단중,안전운전불이행,건조,맑음,단일로 - 기타,승용,남,53세,상해없음,보행자,여,73세,경상
2012110100100207,2012년 11월 1일 10시,목요일,충청북도 제천시 청전동,경상사고,0,0,1,0,차대차 - 측면직각충돌,기타,건조,맑음,교차로 - 교차로안,승용,남,36세,상해없음,승용,남,43세,상해없음
2012110100100208,2012년 11월 1일 10시,목요일,충청북도 음성군 대소면,중상사고,0,2,2,0,차대차 - 측면직각충돌,안전운전불이행,건조,맑음,교차로 - 교차로안,승용,남,35세,상해없음,화물,남,45세,경상
2012110100100209,2012년 11월 1일 10시,목요일,충청북도 청주시 흥덕구 복대동,중상사고,0,1,0,0,차대사람 - 횡단중,안전운전불이행,건조,맑음,교차로 - 교차로부근,화물,남,57세,상해없음,보행자,여,22세,중상
2012110100100240,2012년 11월 1일 11시,목요일,충청북도 진천군 문백면,경상사고,0,0,1,0,차대차 - 추돌 - 주정차중,안전운전불이행,건조,맑음,단일로 - 기타,화물,남,39세,상해없음,승합,남,45세,경상
2012110100100275,2012년 11월 1일 12시,목요일,충청북도 단양군 단양읍,경상사고,0,0,1,0,차대차 - 측면직각충돌,직진우회전진행방해,건조,맑음,교차로 - 교차로안,승용,여,39세,상해없음,원동기,남,63세,경상
2012110100100300,2012년 11월 1일 13시,목요일,충청북도 음성군 금왕읍,경상사고,0,0,2,0,차대차 - 기타,안전운전불이행,건조,맑음,교차로 - 교차로부근,승용,여,42세,경상,화물,남,31세,상해없음
2012110100100324,2012년 11월 1일 14시,목요일,충청북도 음성군 금왕읍,경상사고,0,0,1,0,차대차 - 추돌 - 진행중,안전운전불이행,건조,맑음,단일로 - 기타,화물,남,53세,경상,화물,남,60세,상해없음
2012110100100325,2012년 11월 1일 14시,목요일,충청북도 청주시 흥덕구 송정동,경상사고,0,0,4,0,차대차 - 추돌 - 진행중,교차로운행방법위반,건조,맑음,교차로 - 교차로안,승용,남,42세,경상,승용,여,37세,경상
2012110100100347,2012년 11월 1일 15시,목요일,충청북도 제천시 하소동,중상사고,0,2,0,0,차대차 - 기타,신호위반,건조,맑음,교차로 - 교차로안,승용,여,38세,상해없음,화물,남,69세,중상
2012110100100384,2012년 11월 1일 16시,목요일,충청북도 충주시 연수동,중상사고,0,1,2,0,차대차 - 추돌 - 진행중,신호위반,건조,맑음,교차로 - 교차로안,승용,여,39세,상해없음,승용,남,53세,경상
2012110100100385,2012년 11월 1일 16시,목요일,충청북도 옥천군 옥천읍,경상사고,0,0,1,0,차대사람 - 기타,안전운전불이행,건조,맑음,단일로 - 기타,승용,남,71세,상해없음,보행자,여,60세,경상
2012110100100418,2012년 11월 1일 17시,목요일,충청북도 영동군 영동읍,중상사고,0,2,0,2,차대차 - 기타,기타,건조,흐림,단일로 - 기타,건설기계,남,38세,상해없음,승용,남,56세,중상
2012110100100419,2012년 11월 1일 17시,목요일,충청북도 음성군 금왕읍,중상사고,0,1,0,0,차대차 - 기타,차로위반,건조,맑음,단일로 - 기타,화물,남,51세,상해없음,건설기계,남,51세,중상
2012110100100420,2012년 11월 1일 17시,목요일,충청북도 보은군 회인면,중상사고,0,2,1,0,차대차 - 기타,안전운전불이행,건조,맑음,단일로 - 교량,승용,남,19세,상해없음,화물,남,32세,중상
2012110100100469,2012년 11월 1일 18시,목요일,충청북도 제천시 청전동,중상사고,0,1,0,0,차대사람 - 기타,보행자보호의무위반,건조,맑음,교차로 - 교차로부근,승용,여,41세,상해없음,보행자,여,42세,중상
2012110100100470,2012년 11월 1일 18시,목요일,충청북도 괴산군 칠성면,경상사고,0,0,1,0,차대차 - 측면직각충돌,안전운전불이행,건조,흐림,기타 - 기타,화물,남,64세,상해없음,승용,남,47세,경상
2012110100100471,2012년 11월 1일 18시,목요일,충청북도 음성군 대소면,중상사고,0,1,0,0,차대사람 - 횡단중,안전운전불이행,건조,맑음,단일로 - 횡단보도상,승용,남,45세,상해없음,보행자,남,36세,중상
2012110100100472,2012년 11월 1일 18시,목요일,충청북도 청주시 흥덕구 복대동,경상사고,0,0,1,0,차대차 - 추돌 - 주정차중,안전운전불이행,건조,맑음,단일로 - 기타,승용,남,56세,상해없음,승용,남,29세,경상
2012110100100534,2012년 11월 1일 19시,목요일,충청북도 충주시 대소원면,중상사고,0,2,0,0,차대차 - 기타,신호위반,건조,맑음,교차로 - 교차로안,승용,남,36세,상해없음,승용,여,44세,중상
2012110100100601,2012년 11월 1일 21시,목요일,충청북도 충주시 연수동,중상사고,0,1,0,0,차대차 - 기타,직진우회전진행방해,건조,맑음,교차로 - 교차로안,승용,남,44세,상해없음,원동기,남,24세,중상
2012110100100602,2012년 11월 1일 21시,목요일,충청북도 청주시 흥덕구 가경동,중상사고,0,1,0,0,차대차 - 추돌 - 진행중,안전운전불이행,건조,맑음,단일로 - 횡단보도상,승합,남,52세,상해없음,이륜,남,44세,중상
2012110100100673,2012년 11월 1일 23시,목요일,충청북도 충주시 연수동,부상신고사고,0,0,0,1,차대차 - 추돌 - 주정차중,중앙선침범,건조,맑음,교차로 - 교차로부근,승용,남,29세,상해없음,승용,남,29세,부상신고
2012110100100674,2012년 11월 1일 23시,목요일,충청북도 충주시 봉방동,경상사고,0,0,2,0,차대차 - 추돌 - 진행중,직진우회전진행방해,건조,맑음,교차로 - 교차로안,승용,남,42세,상해없음,승용,여,46세,경상
2012110100100675,2012년 11월 1일 23시,목요일,충청북도 단양군 단양읍,중상사고,0,3,1,0,차대차 - 측면직각충돌,안전운전불이행,건조,맑음,단일로 - 기타,승용,남,38세,상해없음,승용,남,29세,기타불명
2012110200100040,2012년 11월 2일 02시,금요일,충청북도 충주시 목행동,사망사고,1,0,0,0,차대사람 - 길가장자리구역통행중,안전운전불이행,건조,맑음,단일로 - 기타,화물,남,45세,상해없음,보행자,여,84세,사망
2012110200100041,2012년 11월 2일 02시,금요일,충청북도 제천시 영천동,중상사고,0,2,0,0,차대차 - 기타,안전운전불이행,건조,맑음,교차로 - 교차로부근,승용,남,27세,상해없음,승용,남,49세,중상
2012110200100042,2012년 11월 2일 02시,금요일,충청북도 청주시 상당구 용암동,경상사고,0,0,1,0,차대사람 - 횡단중,안전운전불이행,건조,맑음,교차로 - 교차로안,승용,남,45세,상해없음,보행자,남,53세,경상
2012110200100098,2012년 11월 2일 07시,금요일,충청북도 충주시 연수동,중상사고,0,1,1,0,차대차 - 추돌 - 진행중,신호위반,건조,맑음,교차로 - 교차로안,승용,남,47세,상해없음,승용,남,61세,경상
2012110200100134,2012년 11월 2일 08시,금요일,충청북도 제천시 영천동,경상사고,0,0,3,0,차대차 - 측면직각충돌,불법유턴,건조,맑음,단일로 - 기타,승용,남,62세,경상,승용,남,35세,경상
2012110200100135,2012년 11월 2일 08시,금요일,충청북도 진천군 초평면,중상사고,0,1,2,0,차대차 - 추돌 - 주정차중,안전운전불이행,건조,맑음,단일로 - 교량,승용,남,32세,상해없음,승용,남,41세,경상
2012110200100301,2012년 11월 2일 13시,금요일,충청북도 청원군 미원면,경상사고,0,0,1,0,차량단독 - 기타,기타,건조,맑음,단일로 - 기타,승합,남,61세,상해없음,,,,
2012110200100331,2012년 11월 2일 14시,금요일,충청북도 충주시 산척면,부상신고사고,0,0,0,2,차대차 - 추돌 - 진행중,안전운전불이행,건조,맑음,단일로 - 기타,승용,남,79세,부상신고,승용,남,47세,부상신고
2012110200100332,2012년 11월 2일 14시,금요일,충청북도 충주시 금릉동,경상사고,0,0,1,0,차대차 - 추돌 - 주정차중,안전운전불이행,건조,맑음,단일로 - 기타,승용,남,25세,상해없음,승용,남,28세,경상
2012110200100333,2012년 11월 2일 14시,금요일,충청북도 보은군 회인면,중상사고,0,1,0,0,차대사람 - 횡단중,안전운전불이행,건조,맑음,단일로 - 기타,화물,남,52세,상해없음,보행자,여,57세,중상
2012110200100334,2012년 11월 2일 14시,금요일,충청북도 청주시 흥덕구 강서동,중상사고,0,1,0,0,차대차 - 측면직각충돌,신호위반,건조,맑음,교차로 - 교차로안,승용,남,69세,상해없음,승합,남,51세,중상
2012110200100369,2012년 11월 2일 15시,금요일,충청북도 청주시 상당구 탑동,사망사고,1,0,0,0,차대사람 - 횡단중,안전운전불이행,건조,맑음,교차로 - 교차로안,승용,남,30세,상해없음,보행자,여,75세,사망
2012110200100370,2012년 11월 2일 15시,금요일,충청북도 청주시 상당구 북문로1가동,경상사고,0,0,2,0,차대차 - 기타,안전거리미확보,건조,맑음,교차로 - 교차로부근,승용,여,28세,상해없음,승용,남,58세,상해없음
2012110200100371,2012년 11월 2일 15시,금요일,충청북도 충주시 교현동,경상사고,0,0,1,0,차대차 - 측면직각충돌,안전운전불이행,건조,맑음,교차로 - 교차로안,승용,남,55세,상해없음,원동기,여,60세,경상
2012110200100372,2012년 11월 2일 15시,금요일,충청북도 제천시 봉양읍,경상사고,0,0,1,0,차대차 - 측면직각충돌,안전운전불이행,건조,맑음,단일로 - 기타,화물,남,49세,상해없음,승용,여,51세,경상
2012110200100397,2012년 11월 2일 16시,금요일,충청북도 청주시 상당구 율량동,중상사고,0,1,4,0,차대차 - 기타,안전운전불이행,건조,맑음,단일로 - 기타,승용,남,25세,경상,승용,남,42세,중상
2012110200100398,2012년 11월 2일 16시,금요일,충청북도 충주시 가금면,경상사고,0,0,2,0,차대차 - 추돌 - 진행중,안전운전불이행,건조,맑음,교차로 - 교차로안,화물,남,64세,상해없음,승용,남,47세,경상
2012110200100399,2012년 11월 2일 16시,금요일,충청북도 옥천군 안내면,중상사고,0,2,0,0,차대차 - 추돌 - 진행중,안전운전불이행,건조,맑음,교차로 - 교차로부근,화물,남,48세,상해없음,승용,남,42세,중상
2012110200100485,2012년 11월 2일 18시,금요일,충청북도 청주시 상당구 용암동,중상사고,0,1,0,0,차대사람 - 기타,신호위반,건조,맑음,단일로 - 횡단보도상,이륜,남,17세,상해없음,보행자,여,8세,중상
2012110200100486,2012년 11월 2일 18시,금요일,충청북도 청주시 상당구 용암동,중상사고,0,1,0,0,차대차 - 기타,신호위반,건조,맑음,교차로 - 교차로안,승용,기타불명,기타불명,기타불명,승합,남,50세,상해없음
2012110200100487,2012년 11월 2일 18시,금요일,충청북도 청주시 흥덕구 산남동,경상사고,0,0,1,0,차대사람 - 기타,안전운전불이행,건조,맑음,단일로 - 기타,승용,남,61세,상해없음,보행자,남,10세,경상
2012110200100542,2012년 11월 2일 19시,금요일,충청북도 청원군 남이면,중상사고,0,1,1,0,차대차 - 추돌 - 주정차중,안전운전불이행,건조,맑음,교차로 - 교차로부근,화물,남,51세,상해없음,화물,남,53세,중상
2012110200100597,2012년 11월 2일 20시,금요일,충청북도 제천시 청전동,경상사고,0,0,1,0,차대차 - 측면직각충돌,기타,건조,맑음,교차로 - 교차로안,원동기,남,38세,상해없음,승용,남,48세,경상
2012110200100633,2012년 11월 2일 21시,금요일,충청북도 청주시 흥덕구 봉명동,중상사고,0,1,0,0,차대사람 - 기타,안전운전불이행,건조,맑음,단일로 - 기타,승용,남,33세,상해없음,보행자,남,24세,중상
2012110200100668,2012년 11월 2일 22시,금요일,충청북도 청주시 흥덕구 봉명동,경상사고,0,0,1,0,차대사람 - 보도통행중,기타,건조,맑음,단일로 - 기타,승용,남,48세,상해없음,보행자,남,26세,경상
2012110200100669,2012년 11월 2일 22시,금요일,충청북도 청주시 흥덕구 성화동,경상사고,0,0,1,0,차대차 - 추돌 - 주정차중,안전거리미확보,건조,맑음,단일로 - 기타,승용,남,29세,상해없음,승용,여,34세,경상
2012110200100670,2012년 11월 2일 22시,금요일,충청북도 청주시 흥덕구 분평동,경상사고,0,0,1,0,차대차 - 기타,안전운전불이행,건조,맑음,단일로 - 기타,승용,남,38세,상해없음,이륜,남,16세,경상
2012110200100700,2012년 11월 2일 23시,금요일,충청북도 청원군 오창읍,중상사고,0,1,0,0,차대사람 - 기타,보행자보호의무위반,건조,맑음,교차로 - 교차로부근,승용,남,43세,상해없음,보행자,남,32세,중상
2012110200100701,2012년 11월 2일 23시,금요일,충청북도 음성군 음성읍,경상사고,0,0,1,0,차량단독 - 기타,안전운전불이행,건조,맑음,단일로 - 기타,승용,남,20세,상해없음,,,,
2012110200100702,2012년 11월 2일 23시,금요일,충청북도 청주시 흥덕구 분평동,중상사고,0,1,2,0,차대차 - 정면충돌,신호위반,건조,맑음,교차로 - 교차로안,승용,여,53세,경상,승용,남,39세,중상
2012110300100015,2012년 11월 3일 00시,토요일,충청북도 충주시 용산동,부상신고사고,0,0,0,2,차대차 - 측면직각충돌,안전운전불이행,건조,맑음,단일로 - 기타,승용,남,33세,상해없음,승용,여,27세,부상신고
2012110300100016,2012년 11월 3일 00시,토요일,충청북도 충주시 연수동,중상사고,0,1,0,0,차대사람 - 기타,안전운전불이행,건조,맑음,단일로 - 기타,승용,남,24세,상해없음,보행자,남,18세,중상
2012110300100018,2012년 11월 3일 00시,토요일,충청북도 영동군 용산면,중상사고,0,1,1,1,차대차 - 추돌 - 진행중,안전운전불이행,건조,맑음,단일로 - 기타,승용,남,21세,중상,화물,남,62세,경상
2012110300100044,2012년 11월 3일 01시,토요일,충청북도 청주시 상당구 용암동,경상사고,0,0,1,0,차대차 - 기타,신호위반,건조,맑음,교차로 - 교차로안,승용,남,21세,상해없음,승용,남,43세,경상
2012110300100078,2012년 11월 3일 03시,토요일,충청북도 청주시 흥덕구 수곡동,경상사고,0,0,1,0,차대차 - 추돌 - 주정차중,안전운전불이행,건조,맑음,단일로 - 기타,승용,남,24세,상해없음,승용,남,36세,경상
2012110300100095,2012년 11월 3일 04시,토요일,충청북도 단양군 적성면,중상사고,0,1,0,0,차대차 - 측면직각충돌,안전운전불이행,건조,맑음,교차로 - 교차로부근,화물,남,40세,상해없음,화물,남,69세,중상
2012110300100113,2012년 11월 3일 05시,토요일,충청북도 청주시 흥덕구 가경동,중상사고,0,1,0,0,차대사람 - 횡단중,안전운전불이행,건조,맑음,교차로 - 교차로부근,승용,남,19세,상해없음,보행자,남,22세,중상
2012110300100126,2012년 11월 3일 06시,토요일,충청북도 제천시 강제동,경상사고,0,0,1,0,차대차 - 측면직각충돌,중앙선침범,건조,맑음,단일로 - 기타,승용,남,79세,상해없음,승용,남,32세,경상
2012110300100127,2012년 11월 3일 06시,토요일,충청북도 청주시 흥덕구 석곡동,중상사고,0,1,0,0,차대차 - 정면충돌,중앙선침범,건조,맑음,단일로 - 기타,승용,남,43세,상해없음,화물,남,32세,중상
2012110300100143,2012년 11월 3일 07시,토요일,충청북도 제천시 청전동,경상사고,0,0,1,0,차대사람 - 기타,안전운전불이행,건조,맑음,기타 - 기타,승용,남,59세,기타불명,보행자,여,66세,경상
2012110300100144,2012년 11월 3일 07시,토요일,충청북도 음성군 원남면,경상사고,0,0,1,0,차량단독 - 공작물충돌,안전운전불이행,건조,맑음,단일로 - 기타,승용,남,21세,경상,,,,
2012110300100179,2012년 11월 3일 08시,토요일,충청북도 괴산군 괴산읍,경상사고,0,0,1,0,차대차 - 추돌 - 진행중,기타,건조,맑음,교차로 - 교차로안,이륜,남,65세,경상,승용,남,42세,상해없음
2012110300100202,2012년 11월 3일 09시,토요일,충청북도 청원군 내수읍,경상사고,0,0,10,0,차대차 - 추돌 - 진행중,안전거리미확보,건조,맑음,단일로 - 기타,화물,남,70세,상해없음,승용,남,47세,경상
2012110300100203,2012년 11월 3일 09시,토요일,충청북도 청주시 흥덕구 복대동,경상사고,0,0,1,0,차대차 - 기타,안전운전불이행,건조,맑음,단일로 - 기타,승용,남,27세,상해없음,승용,남,38세,경상
2012110300100238,2012년 11월 3일 10시,토요일,충청북도 옥천군 안내면,사망사고,1,1,0,0,차량단독 - 기타,안전운전불이행,건조,맑음,교차로 - 교차로안,승용,남,39세,중상,,,,
2012110300100239,2012년 11월 3일 10시,토요일,충청북도 진천군 덕산면,중상사고,0,1,3,0,차대차 - 정면충돌,안전운전불이행,건조,맑음,단일로 - 기타,화물,남,58세,상해없음,승용,남,44세,경상
2012110300100277,2012년 11월 3일 11시,토요일,충청북도 충주시 칠금동,중상사고,0,1,0,0,차대사람 - 기타,안전운전불이행,건조,맑음,단일로 - 기타,화물,남,60세,상해없음,보행자,여,53세,중상
2012110300100318,2012년 11월 3일 12시,토요일,충청북도 충주시 교현동,경상사고,0,0,1,0,차대차 - 기타,안전운전불이행,건조,맑음,단일로 - 기타,승용,여,40세,상해없음,자전거,남,42세,경상
2012110300100319,2012년 11월 3일 12시,토요일,충청북도 제천시 하소동,중상사고,0,1,0,0,차대사람 - 기타,안전운전불이행,건조,맑음,교차로 - 교차로부근,승용,여,40세,상해없음,보행자,여,57세,중상
2012110300100357,2012년 11월 3일 13시,토요일,충청북도 청주시 흥덕구 봉명동,중상사고,0,1,4,0,차대차 - 기타,교차로운행방법위반,건조,맑음,교차로 - 교차로안,승용,남,70세,경상,승용,남,36세,중상
2012110300100398,2012년 11월 3일 14시,토요일,충청북도 청주시 흥덕구 향정동,경상사고,0,0,2,0,차대차 - 측면직각충돌,교차로운행방법위반,건조,맑음,교차로 - 교차로안,승용,남,50세,경상,승용,남,31세,경상
2012110300100440,2012년 11월 3일 15시,토요일,충청북도 음성군 생극면,중상사고,0,1,0,0,차대차 - 기타,교차로운행방법위반,건조,맑음,교차로 - 교차로안,원동기,남,73세,중상,승용,여,48세,상해없음
2012110300100569,2012년 11월 3일 18시,토요일,충청북도 청주시 상당구 율량동,중상사고,0,1,0,0,차대차 - 정면충돌,교차로운행방법위반,건조,맑음,교차로 - 교차로안,승용,남,58세,상해없음,이륜,남,48세,중상
2012110300100570,2012년 11월 3일 18시,토요일,충청북도 제천시 청전동,경상사고,0,0,1,0,차대차 - 측면직각충돌,직진우회전진행방해,건조,맑음,교차로 - 교차로안,승용,남,41세,상해없음,화물,남,32세,경상
2012110300100571,2012년 11월 3일 18시,토요일,충청북도 제천시 송학면,중상사고,0,4,0,0,차대차 - 기타,안전운전불이행,건조,맑음,단일로 - 기타,승용,남,45세,중상,승용,남,75세,중상
2012110300100624,2012년 11월 3일 19시,토요일,충청북도 음성군 금왕읍,경상사고,0,0,5,0,차대차 - 기타,안전거리미확보,습기,비,단일로 - 기타,승용,여,38세,경상,화물,남,47세,경상
2012110300100700,2012년 11월 3일 21시,토요일,충청북도 청주시 흥덕구 성화동,경상사고,0,0,1,0,차대사람 - 기타,안전운전불이행,건조,맑음,단일로 - 기타,승용,남,31세,상해없음,보행자,남,51세,경상
2012110300100701,2012년 11월 3일 21시,토요일,충청북도 청원군 현도면,경상사고,0,0,1,0,차대차 - 추돌 - 주정차중,안전운전불이행,건조,맑음,교차로 - 교차로부근,기타불명,기타불명,기타불명,기타불명,승용,여,23세,경상
2012110300100743,2012년 11월 3일 22시,토요일,충청북도 단양군 단양읍,중상사고,0,1,3,0,차대차 - 측면직각충돌,안전거리미확보,건조,맑음,단일로 - 기타,승용,남,57세,상해없음,승용,남,49세,중상
2012110300100776,2012년 11월 3일 23시,토요일,충청북도 청주시 흥덕구 복대동,부상신고사고,0,0,0,1,차대차 - 기타,안전운전불이행,건조,맑음,단일로 - 기타,원동기,남,16세,부상신고,승용,남,47세,상해없음
2012110300100777,2012년 11월 3일 23시,토요일,충청북도 청주시 흥덕구 복대동,경상사고,0,0,1,0,차대차 - 기타,안전운전불이행,건조,맑음,단일로 - 기타,원동기,남,16세,경상,승용,남,43세,상해없음
2012110300100778,2012년 11월 3일 23시,토요일,충청북도 청주시 상당구 용암동,중상사고,0,1,0,0,차대차 - 추돌 - 주정차중,안전운전불이행,건조,맑음,단일로 - 기타,승용,남,47세,상해없음,승용,남,51세,상해없음
2012110400100014,2012년 11월 4일 00시,일요일,충청북도 청주시 흥덕구 가경동,중상사고,0,1,0,0,차대차 - 측면직각충돌,신호위반,건조,맑음,교차로 - 교차로안,승용,남,29세,상해없음,승용,남,51세,중상
2012110400100032,2012년 11월 4일 01시,일요일,충청북도 청주시 상당구 율량동,중상사고,0,1,0,0,차대차 - 정면충돌,안전운전불이행,건조,맑음,교차로 - 교차로안,승용,남,47세,상해없음,승용,남,23세,중상
2012110400100107,2012년 11월 4일 06시,일요일,충청북도 제천시 송학면,중상사고,0,10,1,0,차량단독 - 공작물충돌,안전운전불이행,건조,맑음,단일로 - 기타,승합,남,43세,경상,,,,
2012110400100108,2012년 11월 4일 06시,일요일,충청북도 옥천군 옥천읍,경상사고,0,0,1,0,차대사람 - 기타,안전운전불이행,건조,맑음,단일로 - 기타,승용,여,57세,상해없음,보행자,여,53세,경상
2012110400100137,2012년 11월 4일 09시,일요일,충청북도 보은군 보은읍,중상사고,0,2,0,0,차대차 - 측면직각충돌,중앙선침범,건조,맑음,단일로 - 기타,승합,남,50세,상해없음,승용,남,51세,중상
2012110400100154,2012년 11월 4일 10시,일요일,충청북도 충주시 목행동,중상사고,0,1,0,0,차량단독 - 공작물충돌,안전운전불이행,건조,맑음,단일로 - 기타,농기계,남,77세,중상,,,,
2012110400100192,2012년 11월 4일 12시,일요일,충청북도 제천시 고암동,중상사고,0,1,0,0,차대차 - 기타,안전거리미확보,건조,맑음,교차로 - 교차로부근,승용,남,68세,상해없음,승용,남,45세,중상
2012110400100241,2012년 11월 4일 14시,일요일,충청북도 충주시 목행동,경상사고,0,0,3,0,차대차 - 추돌 - 주정차중,안전운전불이행,건조,흐림,단일로 - 기타,화물,남,58세,상해없음,승용,남,66세,경상
2012110400100242,2012년 11월 4일 14시,일요일,충청북도 충주시 목행동,경상사고,0,0,1,0,차대차 - 추돌 - 주정차중,안전운전불이행,건조,맑음,교차로 - 교차로안,화물,여,46세,상해없음,승용,남,41세,경상
2012110400100243,2012년 11월 4일 14시,일요일,충청북도 증평군 증평읍,중상사고,0,1,3,0,차대차 - 측면직각충돌,안전거리미확보,건조,맑음,단일로 - 기타,승용,남,65세,경상,승용,남,37세,중상
2012110400100244,2012년 11월 4일 14시,일요일,충청북도 청원군 옥산면,중상사고,0,1,0,0,차량단독 - 공작물충돌,안전운전불이행,습기,비,단일로 - 기타,승용,남,72세,상해없음,,,,
2012110400100245,2012년 11월 4일 14시,일요일,충청북도 청주시 흥덕구 수곡동,경상사고,0,0,1,0,차대차 - 측면직각충돌,교차로운행방법위반,건조,맑음,교차로 - 교차로안,승용,남,29세,상해없음,이륜,남,34세,경상