사고번호,사고일시,요일,시군구,사고내용,사망자수,중상자수,경상자수,부상신고자수,사고유형,법규위반,노면상태,기상상태,도로형태,가해운전자 차종,가해운전자 성별,가해운전자 연령,가해운전자 상해정도,피해운전자 차종,피해운전자 성별,피해운전자 연령,피해운전자 상해정도
2012110400100246,2012년 11월 4일 14시,일요일,충청북도 영동군 용산면,경상사고,0,0,1,0,차량단독 - 기타,안전운전불이행,건조,흐림,단일로 - 기타,화물,남,39세,상해없음,,,,
2012110400100309,2012년 11월 4일 16시,일요일,충청북도 청주시 상당구 우암동,경상사고,0,0,2,0,차대차 - 추돌 - 진행중,안전운전불이행,건조,맑음,단일로 - 기타,화물,남,62세,상해없음,승합,남,20세,경상
2012110400100310,2012년 11월 4일 16시,일요일,충청북도 영동군 영동읍,중상사고,0,1,0,0,차대차 - 기타,교차로운행방법위반,습기,비,교차로 - 교차로안,승용,남,47세,상해없음,화물,남,48세,중상
2012110400100346,2012년 11월 4일 17시,일요일,충청북도 증평군 증평읍,경상사고,0,0,3,0,차대차 - 정면충돌,신호위반,습기,비,교차로 - 교차로안,화물,남,49세,상해없음,승용,남,37세,경상
2012110400100347,2012년 11월 4일 17시,일요일,충청북도 단양군 매포읍,중상사고,0,2,0,0,차대차 - 측면직각충돌,직진우회전진행방해,습기,맑음,교차로 - 교차로안,승용,남,19세,상해없음,승용,남,49세,중상
2012110400100351,2012년 11월 4일 17시,일요일,충청북도 청원군 옥산면,중상사고,0,2,1,0,차대차 - 기타,안전운전불이행,습기,비,단일로 - 기타,승용,남,56세,상해없음,승용,남,37세,중상
2012110400100402,2012년 11월 4일 18시,일요일,충청북도 청주시 상당구 율량동,경상사고,0,0,1,0,차대차 - 기타,중앙선침범,습기,비,단일로 - 기타,승용,여,32세,상해없음,원동기,남,53세,경상
2012110400100403,2012년 11월 4일 18시,일요일,충청북도 충주시 문화동,중상사고,0,2,2,0,차대차 - 추돌 - 진행중,신호위반,건조,맑음,교차로 - 교차로안,화물,남,56세,상해없음,승용,남,38세,중상
2012110400100404,2012년 11월 4일 18시,일요일,충청북도 진천군 광혜원면,경상사고,0,0,2,0,차대차 - 추돌 - 주정차중,안전운전불이행,건조,흐림,교차로 - 교차로부근,승용,남,48세,상해없음,승용,여,29세,경상
2012110400100405,2012년 11월 4일 18시,일요일,충청북도 청주시 흥덕구 사창동,경상사고,0,0,1,0,차대사람 - 횡단중,보행자보호의무위반,건조,맑음,단일로 - 횡단보도상,화물,남,57세,상해없음,보행자,여,19세,경상
2012110400100406,2012년 11월 4일 18시,일요일,충청북도 청주시 흥덕구 미평동,중상사고,0,1,0,0,차대차 - 추돌 - 진행중,안전운전불이행,건조,맑음,교차로 - 교차로부근,기타불명,기타불명,기타불명,기타불명,화물,남,44세,중상
2012110400100474,2012년 11월 4일 19시,일요일,충청북도 청주시 상당구 율량동,경상사고,0,0,6,0,차대차 - 측면직각충돌,신호위반,습기,비,교차로 - 교차로안,승용,남,25세,상해없음,승합,남,50세,경상
2012110400100475,2012년 11월 4일 19시,일요일,충청북도 충주시 봉방동,중상사고,0,1,0,0,차대차 - 기타,안전운전불이행,습기,비,교차로 - 교차로부근,승용,남,33세,상해없음,자전거,남,13세,중상
2012110400100476,2012년 11월 4일 19시,일요일,충청북도 청주시 흥덕구 송정동,경상사고,0,0,3,0,차대차 - 측면직각충돌,교차로운행방법위반,건조,맑음,교차로 - 교차로안,승용,남,36세,경상,승용,남,56세,경상
2012110400100477,2012년 11월 4일 19시,일요일,충청북도 청주시 흥덕구 모충동,경상사고,0,0,4,0,차대차 - 측면직각충돌,안전운전불이행,건조,맑음,단일로 - 기타,승용,여,46세,경상,승용,남,49세,경상
2012110400100478,2012년 11월 4일 19시,일요일,충청북도 괴산군 연풍면,경상사고,0,0,2,0,차대차 - 추돌 - 주정차중,안전운전불이행,건조,맑음,단일로 - 터널,승용,여,26세,상해없음,승용,남,25세,상해없음
2012110400100549,2012년 11월 4일 20시,일요일,충청북도 음성군 대소면,경상사고,0,0,1,0,차대사람 - 횡단중,안전운전불이행,건조,맑음,단일로 - 기타,승용,여,33세,상해없음,보행자,여,42세,경상
2012110400100550,2012년 11월 4일 20시,일요일,충청북도 청주시 흥덕구 사직동,경상사고,0,0,2,0,차대차 - 추돌 - 진행중,안전거리미확보,습기,맑음,단일로 - 기타,승용,남,58세,상해없음,승용,남,58세,경상
2012110400100551,2012년 11월 4일 20시,일요일,충청북도 청원군 남이면,사망사고,1,0,0,0,차대사람 - 횡단중,신호위반,습기,비,단일로 - 기타,승용,여,44세,상해없음,보행자,여,71세,사망
2012110400100594,2012년 11월 4일 21시,일요일,충청북도 충주시 안림동,중상사고,0,2,0,0,차대차 - 측면직각충돌,신호위반,건조,맑음,교차로 - 교차로안,화물,남,43세,중상,승합,남,42세,상해없음
2012110400100630,2012년 11월 4일 22시,일요일,충청북도 청주시 흥덕구 분평동,중상사고,0,1,0,0,차대차 - 추돌 - 주정차중,안전운전불이행,건조,맑음,단일로 - 기타,승용,남,45세,상해없음,승용,남,40세,중상
2012110500100065,2012년 11월 5일 06시,월요일,충청북도 청원군 오송읍,중상사고,0,1,0,0,차대차 - 추돌 - 진행중,신호위반,건조,맑음,교차로 - 교차로안,승용,남,43세,상해없음,승용,남,47세,상해없음
2012110500100092,2012년 11월 5일 07시,월요일,충청북도 청주시 상당구 금천동,사망사고,1,0,0,0,차대사람 - 횡단중,안전운전불이행,건조,맑음,교차로 - 교차로부근,화물,남,49세,상해없음,보행자,여,81세,사망
2012110500100093,2012년 11월 5일 07시,월요일,충청북도 청원군 남이면,중상사고,0,2,0,0,차대차 - 기타,신호위반,건조,맑음,교차로 - 교차로안,승용,남,33세,상해없음,승용,남,57세,중상
2012110500100094,2012년 11월 5일 07시,월요일,충청북도 청주시 흥덕구 모충동,경상사고,0,0,1,0,차대차 - 기타,안전운전불이행,건조,맑음,단일로 - 기타,승용,남,43세,상해없음,승용,여,32세,경상
2012110500100199,2012년 11월 5일 10시,월요일,충청북도 제천시 중앙로1가,중상사고,0,1,0,0,차대차 - 기타,안전운전불이행,건조,맑음,단일로 - 기타,승합,남,42세,상해없음,자전거,여,53세,중상
2012110500100200,2012년 11월 5일 10시,월요일,충청북도 청주시 흥덕구 분평동,경상사고,0,0,3,0,차대차 - 추돌 - 진행중,교차로운행방법위반,건조,흐림,교차로 - 교차로안,승용,남,43세,경상,승용,남,26세,경상
2012110500100232,2012년 11월 5일 11시,월요일,충청북도 제천시 봉양읍,중상사고,0,1,0,0,차대차 - 기타,안전운전불이행,건조,맑음,단일로 - 기타,화물,남,39세,상해없음,화물,남,55세,중상
2012110500100255,2012년 11월 5일 12시,월요일,충청북도 영동군 영동읍,중상사고,0,1,0,0,차대사람 - 기타,안전운전불이행,건조,맑음,단일로 - 기타,화물,남,47세,상해없음,보행자,남,42세,중상
2012110500100256,2012년 11월 5일 12시,월요일,충청북도 청주시 흥덕구 송절동,중상사고,0,1,1,0,차대차 - 기타,안전운전불이행,건조,흐림,교차로 - 교차로부근,승용,여,48세,경상,자전거,남,65세,중상
2012110500100285,2012년 11월 5일 13시,월요일,충청북도 충주시 산척면,중상사고,0,1,0,0,차대차 - 추돌 - 주정차중,안전운전불이행,건조,흐림,교차로 - 교차로부근,승용,남,72세,상해없음,화물,남,56세,중상
2012110500100286,2012년 11월 5일 13시,월요일,충청북도 옥천군 군북면,중상사고,0,1,0,0,차대차 - 추돌 - 진행중,안전운전불이행,건조,맑음,교차로 - 교차로부근,이륜,남,70세,상해없음,승용,여,52세,상해없음
2012110500100287,2012년 11월 5일 13시,월요일,충청북도 청원군 오송읍,중상사고,0,3,5,3,차대차 - 측면직각충돌,신호위반,건조,맑음,교차로 - 교차로안,화물,남,49세,상해없음,승합,남,54세,중상
2012110500100385,2012년 11월 5일 16시,월요일,충청북도 단양군 매포읍,중상사고,0,1,0,0,차량단독 - 공작물충돌,안전운전불이행,습기,비,단일로 - 기타,승용,여,49세,중상,,,,
2012110500100426,2012년 11월 5일 17시,월요일,충청북도 음성군 맹동면,중상사고,0,1,1,0,차대차 - 추돌 - 진행중,안전운전불이행,습기,비,단일로 - 기타,화물,남,55세,상해없음,승용,남,61세,중상
2012110500100475,2012년 11월 5일 18시,월요일,충청북도 청주시 상당구 우암동,경상사고,0,0,1,0,차대차 - 기타,안전운전불이행,습기,비,교차로 - 교차로부근,승용,남,58세,상해없음,승용,여,24세,경상
2012110500100476,2012년 11월 5일 18시,월요일,충청북도 제천시 고암동,경상사고,0,0,1,0,차대사람 - 기타,안전운전불이행,습기,비,교차로 - 교차로안,승용,여,41세,상해없음,보행자,여,53세,경상
2012110500100477,2012년 11월 5일 18시,월요일,충청북도 영동군 황간면,사망사고,1,1,0,0,차대차 - 정면충돌,중앙선침범,습기,비,단일로 - 기타,승용,남,46세,사망,화물,남,51세,중상
2012110500100478,2012년 11월 5일 18시,월요일,충청북도 증평군 증평읍,경상사고,0,0,1,0,차대차 - 정면충돌,신호위반,습기,비,교차로 - 교차로안,원동기,남,70세,경상,승용,남,35세,상해없음
2012110500100479,2012년 11월 5일 18시,월요일,충청북도 음성군 금왕읍,중상사고,0,1,0,0,차대사람 - 기타,안전운전불이행,건조,맑음,단일로 - 기타,승용,남,50세,상해없음,보행자,여,55세,중상
2012110500100480,2012년 11월 5일 18시,월요일,충청북도 청주시 흥덕구 성화동,경상사고,0,0,1,0,차대사람 - 횡단중,신호위반,건조,맑음,교차로 - 교차로부근,승용,남,48세,상해없음,보행자,여,36세,경상
2012110500100481,2012년 11월 5일 18시,월요일,충청북도 청주시 흥덕구 복대동,중상사고,0,1,0,0,차대사람 - 길가장자리구역통행중,안전운전불이행,습기,비,교차로 - 교차로부근,승용,남,42세,상해없음,보행자,여,57세,중상
2012110500100520,2012년 11월 5일 19시,월요일,충청북도 제천시 청전동,중상사고,0,2,0,0,차대차 - 기타,기타,건조,맑음,교차로 - 교차로안,승용,남,60세,상해없음,승용,여,54세,상해없음
2012110500100521,2012년 11월 5일 19시,월요일,충청북도 청주시 흥덕구 성화동,경상사고,0,0,3,0,차대차 - 측면직각충돌,교차로운행방법위반,습기,비,교차로 - 교차로안,승용,남,29세,상해없음,승용,여,39세,경상
2012110500100522,2012년 11월 5일 19시,월요일,충청북도 청주시 흥덕구 봉명동,경상사고,0,0,1,0,차대차 - 측면직각충돌,안전운전불이행,습기,비,교차로 - 교차로부근,화물,남,62세,상해없음,자전거,남,14세,경상
2012110500100523,2012년 11월 5일 19시,월요일,충청북도 청주시 흥덕구 사창동,중상사고,0,2,0,0,차대사람 - 횡단중,신호위반,건조,흐림,교차로 - 교차로부근,승용,남,55세,상해없음,보행자,남,52세,중상
2012110500100564,2012년 11월 5일 20시,월요일,충청북도 청주시 상당구 석교동,중상사고,0,1,0,0,차대차 - 측면직각충돌,신호위반,건조,맑음,교차로 - 교차로안,승용,여,23세,상해없음,자전거,남,62세,중상
2012110500100565,2012년 11월 5일 20시,월요일,충청북도 충주시 교현동,경상사고,0,0,1,0,차대차 - 측면직각충돌,안전운전불이행,건조,맑음,교차로 - 교차로안,승용,남,43세,상해없음,승용,남,42세,경상
2012110500100566,2012년 11월 5일 20시,월요일,충청북도 청주시 상당구 용암동,중상사고,0,1,0,0,차대사람 - 횡단중,안전운전불이행,건조,흐림,단일로 - 기타,승용,남,39세,상해없음,보행자,여,15세,중상
2012110500100596,2012년 11월 5일 21시,월요일,충청북도 청주시 흥덕구 복대동,중상사고,0,1,0,0,차대차 - 측면직각충돌,교차로운행방법위반,습기,흐림,교차로 - 교차로안,승용,남,28세,상해없음,이륜,남,17세,중상
2012110500100631,2012년 11월 5일 22시,월요일,충청북도 청주시 흥덕구 복대동,경상사고,0,0,1,0,차대차 - 측면직각충돌,안전운전불이행,건조,맑음,단일로 - 기타,화물,남,53세,상해없음,승용,남,44세,경상
2012110500100670,2012년 11월 5일 23시,월요일,충청북도 청주시 상당구 서문동,경상사고,0,0,4,0,차대차 - 추돌 - 주정차중,안전운전불이행,건조,맑음,교차로 - 교차로부근,승용,남,40세,상해없음,승용,남,45세,상해없음
2012110500100671,2012년 11월 5일 23시,월요일,충청북도 청원군 오송읍,경상사고,0,0,1,0,차대차 - 측면직각충돌,안전운전불이행,습기,비,단일로 - 기타,승용,남,44세,상해없음,승용,남,37세,경상
2012110500100672,2012년 11월 5일 23시,월요일,충청북도 청주시 흥덕구 복대동,경상사고,0,0,1,0,차대사람 - 횡단중,안전운전불이행,습기,비,단일로 - 기타,승용,남,52세,상해없음,보행자,여,52세,경상
2012110600100019,2012년 11월 6일 00시,화요일,충청북도 청주시 상당구 용암동,경상사고,0,0,1,0,차대차 - 기타,교차로운행방법위반,습기,비,교차로 - 교차로안,승합,남,50세,상해없음,자전거,남,56세,경상
2012110600100043,2012년 11월 6일 01시,화요일,충청북도 청주시 흥덕구 사직동,중상사고,0,2,0,0,차량단독 - 공작물충돌,안전운전불이행,건조,맑음,단일로 - 기타,승용,남,34세,상해없음,,,,
2012110600100044,2012년 11월 6일 01시,화요일,충청북도 청주시 흥덕구 복대동,경상사고,0,0,1,0,차대차 - 측면직각충돌,안전운전불이행,건조,맑음,단일로 - 기타,기타불명,기타불명,기타불명,기타불명,승용,여,38세,경상
2012110600100079,2012년 11월 6일 03시,화요일,충청북도 충주시 앙성면,사망사고,1,1,1,0,차대차 - 추돌 - 진행중,안전운전불이행,습기,비,단일로 - 기타,승용,남,32세,사망,화물,남,41세,경상
2012110600100143,2012년 11월 6일 07시,화요일,충청북도 음성군 삼성면,경상사고,0,0,2,0,차대차 - 측면직각충돌,교차로운행방법위반,건조,맑음,교차로 - 교차로안,승용,남,60세,경상,승용,남,31세,경상
2012110600100213,2012년 11월 6일 09시,화요일,충청북도 청원군 내수읍,경상사고,0,0,1,0,차대차 - 기타,안전운전불이행,건조,맑음,교차로 - 교차로안,승용,남,60세,상해없음,승용,남,45세,경상
2012110600100214,2012년 11월 6일 09시,화요일,충청북도 진천군 이월면,중상사고,0,1,0,0,차대차 - 측면직각충돌,중앙선침범,습기,맑음,단일로 - 기타,건설기계,남,51세,상해없음,승용,남,31세,중상
2012110600100215,2012년 11월 6일 09시,화요일,충청북도 청주시 흥덕구 사창동,경상사고,0,0,1,0,차대차 - 측면직각충돌,신호위반,건조,맑음,교차로 - 교차로안,승용,여,44세,상해없음,승용,여,32세,경상
2012110600100238,2012년 11월 6일 10시,화요일,충청북도 청주시 상당구 율량동,중상사고,0,1,0,0,차대사람 - 기타,신호위반,건조,맑음,교차로 - 교차로안,승용,남,35세,상해없음,보행자,여,69세,중상
2012110600100279,2012년 11월 6일 12시,화요일,충청북도 청주시 흥덕구 비하동,경상사고,0,0,1,0,차대차 - 측면직각충돌,안전운전불이행,습기,비,교차로 - 교차로부근,승용,남,52세,상해없음,승용,여,41세,경상
2012110600100332,2012년 11월 6일 14시,화요일,충청북도 충주시 문화동,경상사고,0,0,1,0,차대차 - 측면직각충돌,안전운전불이행,습기,비,단일로 - 기타,승용,남,51세,상해없음,승용,남,50세,경상
2012110600100370,2012년 11월 6일 15시,화요일,충청북도 청주시 상당구 율량동,경상사고,0,0,1,0,차대차 - 기타,안전거리미확보,건조,맑음,교차로 - 교차로부근,승용,남,75세,기타불명,승용,여,48세,경상
2012110600100371,2012년 11월 6일 15시,화요일,충청북도 청주시 상당구 남문로1가동,경상사고,0,0,1,0,차대차 - 기타,안전운전불이행,건조,맑음,단일로 - 기타,화물,남,42세,상해없음,승용,여,66세,경상
2012110600100372,2012년 11월 6일 15시,화요일,충청북도 충주시 주덕읍,경상사고,0,0,1,0,차대차 - 추돌 - 진행중,안전운전불이행,건조,맑음,교차로 - 교차로부근,화물,남,35세,상해없음,승용,남,42세,경상
2012110600100401,2012년 11월 6일 16시,화요일,충청북도 청주시 흥덕구 가경동,경상사고,0,0,1,0,차대차 - 측면직각충돌,안전운전불이행,건조,맑음,교차로 - 교차로부근,승용,남,51세,상해없음,승용,여,37세,경상
2012110600100425,2012년 11월 6일 17시,화요일,충청북도 청주시 상당구 주성동,중상사고,0,1,1,0,차대차 - 기타,안전운전불이행,건조,맑음,단일로 - 기타,승용,여,45세,경상,승용,남,62세,중상
2012110600100426,2012년 11월 6일 17시,화요일,충청북도 청주시 흥덕구 봉명동,부상신고사고,0,0,0,1,차대사람 - 횡단중,안전운전불이행,건조,맑음,교차로 - 교차로부근,승용,남,39세,상해없음,보행자,여,24세,부상신고
2012110600100477,2012년 11월 6일 18시,화요일,충청북도 청주시 상당구 사천동,중상사고,0,1,0,0,차대사람 - 기타,안전운전불이행,건조,맑음,교차로 - 교차로안,화물,남,63세,상해없음,보행자,남,71세,중상
2012110600100478,2012년 11월 6일 18시,화요일,충청북도 충주시 노은면,사망사고,1,0,0,0,차대차 - 기타,안전운전불이행,건조,맑음,단일로 - 기타,승용,남,30세,상해없음,자전거,남,60세,사망
2012110600100479,2012년 11월 6일 18시,화요일,충청북도 청원군 남일면,경상사고,0,0,1,0,차대차 - 측면직각충돌,중앙선침범,건조,맑음,단일로 - 기타,승용,여,39세,상해없음,승용,남,30세,경상
2012110600100523,2012년 11월 6일 19시,화요일,충청북도 청주시 상당구 율량동,중상사고,0,1,0,0,차대사람 - 기타,보행자보호의무위반,건조,맑음,교차로 - 교차로안,기타불명,기타불명,기타불명,기타불명,보행자,남,50세,중상
2012110600100562,2012년 11월 6일 20시,화요일,충청북도 청주시 상당구 북문로1가동,경상사고,0,0,1,0,차대사람 - 기타,보행자보호의무위반,건조,맑음,교차로 - 교차로안,승용,남,45세,상해없음,보행자,남,41세,경상
2012110600100592,2012년 11월 6일 21시,화요일,충청북도 청원군 오창읍,경상사고,0,0,1,0,차대차 - 기타,안전운전불이행,건조,맑음,교차로 - 교차로안,화물,남,58세,상해없음,승용,남,36세,경상
2012110600100593,2012년 11월 6일 21시,화요일,충청북도 충주시 호암동,중상사고,0,1,0,0,차대차 - 측면직각충돌,신호위반,건조,흐림,교차로 - 교차로안,원동기,남,16세,중상,승합,남,27세,상해없음
2012110600100594,2012년 11월 6일 21시,화요일,충청북도 청주시 흥덕구 복대동,경상사고,0,0,1,0,차대차 - 추돌 - 주정차중,안전운전불이행,건조,맑음,교차로 - 교차로부근,승용,남,41세,상해없음,승용,남,50세,상해없음
2012110600100616,2012년 11월 6일 22시,화요일,충청북도 청주시 상당구 율량동,중상사고,0,1,1,0,차대차 - 기타,안전운전불이행,건조,맑음,교차로 - 교차로부근,승용,남,43세,상해없음,승용,남,41세,중상
2012110600100617,2012년 11월 6일 22시,화요일,충청북도 제천시 산곡동,중상사고,0,1,0,0,차대차 - 기타,안전운전불이행,건조,맑음,교차로 - 교차로부근,승용,남,57세,상해없음,승용,남,50세,중상
2012110600100648,2012년 11월 6일 23시,화요일,충청북도 충주시 봉방동,부상신고사고,0,0,0,1,차량단독 - 기타,안전운전불이행,건조,맑음,단일로 - 기타,원동기,남,38세,부상신고,,,,
2012110600100649,2012년 11월 6일 23시,화요일,충청북도 청주시 흥덕구 복대동,경상사고,0,0,2,0,차대차 - 측면직각충돌,차로위반,건조,맑음,단일로 - 기타,승용,남,26세,상해없음,승용,남,39세,상해없음
2012110700100012,2012년 11월 7일 00시,수요일,충청북도 충주시 봉방동,중상사고,0,1,0,0,차량단독 - 기타,안전운전불이행,건조,맑음,단일로 - 기타,원동기,여,50세,중상,,,,
2012110700100013,2012년 11월 7일 00시,수요일,충청북도 음성군 맹동면,중상사고,0,1,0,0,차대사람 - 차도통행중,안전운전불이행,건조,맑음,단일로 - 기타,승용,남,30세,상해없음,보행자,남,50세,중상
2012110700100072,2012년 11월 7일 05시,수요일,충청북도 청원군 내수읍,중상사고,0,1,0,0,차대차 - 추돌 - 진행중,안전운전불이행,건조,맑음,단일로 - 기타,화물,여,54세,상해없음,이륜,남,50세,중상
2012110700100088,2012년 11월 7일 06시,수요일,충청북도 충주시 달천동,경상사고,0,0,1,0,차대차 - 추돌 - 진행중,신호위반,건조,맑음,교차로 - 교차로안,승용,남,64세,상해없음,승용,남,24세,경상
2012110700100109,2012년 11월 7일 07시,수요일,충청북도 괴산군 연풍면,부상신고사고,0,0,0,1,차대차 - 추돌 - 진행중,안전거리미확보,건조,흐림,단일로 - 터널,승용,남,35세,부상신고,화물,남,51세,상해없음
2012110700100173,2012년 11월 7일 09시,수요일,충청북도 청원군 북이면,경상사고,0,0,1,0,차대차 - 측면직각충돌,교차로운행방법위반,건조,맑음,교차로 - 교차로안,승용,남,44세,상해없음,승용,남,73세,상해없음
2012110700100174,2012년 11월 7일 09시,수요일,충청북도 단양군 단성면,중상사고,0,1,0,0,차대차 - 추돌 - 진행중,교차로운행방법위반,건조,맑음,교차로 - 교차로부근,승용,남,72세,상해없음,화물,남,59세,기타불명
2012110700100227,2012년 11월 7일 11시,수요일,충청북도 제천시 백운면,경상사고,0,0,1,0,차대차 - 기타,기타,건조,맑음,교차로 - 교차로안,승합,남,63세,상해없음,농기계,남,72세,경상
2012110700100280,2012년 11월 7일 13시,수요일,충청북도 청주시 흥덕구 수곡동,경상사고,0,0,2,0,차대차 - 추돌 - 진행중,안전운전불이행,건조,맑음,교차로 - 교차로부근,승용,여,43세,경상,승용,여,59세,경상
2012110700100298,2012년 11월 7일 14시,수요일,충청북도 음성군 금왕읍,중상사고,0,3,0,0,차대차 - 추돌 - 진행중,안전운전불이행,건조,맑음,단일로 - 기타,화물,남,55세,중상,화물,남,38세,중상
2012110700100299,2012년 11월 7일 14시,수요일,충청북도 청주시 흥덕구 봉명동,중상사고,0,1,0,0,차대차 - 기타,안전거리미확보,건조,맑음,단일로 - 기타,승용,남,55세,상해없음,승용,남,43세,중상
2012110700100386,2012년 11월 7일 17시,수요일,충청북도 영동군 영동읍,중상사고,0,1,0,0,차대사람 - 차도통행중,안전운전불이행,건조,맑음,교차로 - 교차로안,승용,여,52세,상해없음,보행자,여,81세,중상
2012110700100503,2012년 11월 7일 19시,수요일,충청북도 청주시 흥덕구 수곡동,경상사고,0,0,2,0,차대차 - 기타,안전운전불이행,건조,맑음,교차로 - 교차로부근,승용,남,34세,상해없음,승용,남,52세,경상
2012110700100543,2012년 11월 7일 20시,수요일,충청북도 청주시 흥덕구 봉명동,경상사고,0,0,1,0,차대차 - 추돌 - 진행중,안전거리미확보,건조,맑음,단일로 - 기타,화물,남,32세,상해없음,이륜,남,47세,경상
2012110700100601,2012년 11월 7일 22시,수요일,충청북도 진천군 진천읍,중상사고,0,1,2,0,차대차 - 추돌 - 진행중,안전운전불이행,건조,맑음,단일로 - 기타,승용,남,32세,상해없음,승용,여,46세,경상
2012110700100602,2012년 11월 7일 22시,수요일,충청북도 청주시 상당구 영운동,중상사고,0,1,0,0,차대사람 - 기타,안전운전불이행,건조,맑음,교차로 - 교차로부근,승용,남,31세,기타불명,보행자,남,14세,중상
2012110700100603,2012년 11월 7일 22시,수요일,충청북도 청주시 상당구 영운동,경상사고,0,0,1,0,차대사람 - 기타,안전운전불이행,건조,맑음,기타 - 기타,승용,남,47세,상해없음,보행자,남,35세,경상
2012110800100016,2012년 11월 8일 00시,목요일,충청북도 충주시 문화동,중상사고,0,1,0,0,차대차 - 측면직각충돌,중앙선침범,건조,맑음,단일로 - 기타,승용,남,52세,상해없음,승용,남,26세,중상
2012110800100049,2012년 11월 8일 02시,목요일,충청북도 청주시 흥덕구 수곡동,중상사고,0,1,0,0,차량단독 - 기타,안전운전불이행,건조,맑음,단일로 - 기타,원동기,남,19세,중상,,,,
2012110800100050,2012년 11월 8일 02시,목요일,충청북도 청주시 흥덕구 모충동,중상사고,0,1,3,0,차대차 - 추돌 - 주정차중,안전운전불이행,건조,맑음,교차로 - 교차로부근,승용,남,46세,상해없음,승용,여,44세,경상
2012110800100094,2012년 11월 8일 06시,목요일,충청북도 청주시 상당구 석교동,중상사고,0,1,0,0,차대사람 - 차도통행중,차로위반,건조,맑음,단일로 - 기타,승용,여,49세,상해없음,보행자,여,69세,중상
2012110800100133,2012년 11월 8일 08시,목요일,충청북도 청주시 상당구 주중동,중상사고,0,2,1,0,차대차 - 정면충돌,중앙선침범,건조,맑음,단일로 - 기타,승용,여,53세,경상,화물,남,51세,중상
2012110800100161,2012년 11월 8일 09시,목요일,충청북도 청주시 흥덕구 사직동,중상사고,0,1,0,0,차대사람 - 기타,안전운전불이행,건조,맑음,교차로 - 교차로안,승용,남,39세,상해없음,보행자,여,74세,중상
2012110800100205,2012년 11월 8일 11시,목요일,충청북도 청원군 내수읍,사망사고,1,0,0,0,차량단독 - 전도전복,안전운전불이행,건조,맑음,단일로 - 기타,승용,남,57세,사망,,,,
2012110800100206,2012년 11월 8일 11시,목요일,충청북도 진천군 이월면,중상사고,0,1,0,0,차대차 - 측면직각충돌,교차로운행방법위반,건조,맑음,교차로 - 교차로안,화물,남,35세,상해없음,자전거,여,68세,중상
2012110800100207,2012년 11월 8일 11시,목요일,충청북도 청주시 흥덕구 운천동,중상사고,0,1,0,0,차대차 - 측면직각충돌,안전거리미확보,건조,맑음,단일로 - 기타,승용,남,39세,기타불명,승용,남,73세,중상
2012110800100246,2012년 11월 8일 13시,목요일,충청북도 보은군 보은읍,중상사고,0,1,0,0,차대차 - 측면직각충돌,안전운전불이행,건조,맑음,단일로 - 기타,화물,남,36세,상해없음,자전거,남,83세,중상
2012110800100364,2012년 11월 8일 17시,목요일,충청북도 충주시 주덕읍,중상사고,0,1,0,0,차대사람 - 기타,안전운전불이행,건조,흐림,단일로 - 기타,기타불명,기타불명,기타불명,기타불명,보행자,여,77세,중상
2012110800100365,2012년 11월 8일 17시,목요일,충청북도 음성군 음성읍,중상사고,0,1,0,0,차대차 - 측면직각충돌,중앙선침범,건조,맑음,단일로 - 기타,화물,남,71세,상해없음,승용,남,42세,중상
2012110800100491,2012년 11월 8일 20시,목요일,충청북도 청주시 흥덕구 사직동,중상사고,0,2,0,0,차대차 - 측면직각충돌,신호위반,건조,맑음,교차로 - 교차로안,승용,남,55세,상해없음,승용,남,56세,중상
2012110800100517,2012년 11월 8일 21시,목요일,충청북도 청원군 오창읍,경상사고,0,0,1,0,차량단독 - 기타,기타,건조,맑음,단일로 - 기타,승용,남,57세,상해없음,,,,
2012110800100544,2012년 11월 8일 22시,목요일,충청북도 청주시 흥덕구 개신동,중상사고,0,4,0,0,차대차 - 측면직각충돌,교차로운행방법위반,건조,맑음,교차로 - 교차로안,승용,여,55세,중상,승용,여,29세,중상
2012110800100573,2012년 11월 8일 23시,목요일,충청북도 청주시 흥덕구 가경동,경상사고,0,0,1,0,차대차 - 추돌 - 진행중,안전거리미확보,건조,맑음,교차로 - 교차로부근,승용,남,24세,상해없음,승용,남,59세,경상
2012110800100574,2012년 11월 8일 23시,목요일,충청북도 청주시 상당구 용암동,중상사고,0,2,0,0,차대차 - 기타,안전운전불이행,건조,맑음,교차로 - 교차로부근,승용,남,27세,상해없음,승용,여,50세,중상
2012110900100007,2012년 11월 9일 00시,금요일,충청북도 충주시 연수동,경상사고,0,0,1,0,차대차 - 기타,교차로운행방법위반,건조,맑음,교차로 - 교차로안,원동기,남,22세,상해없음,승용,남,38세,경상
2012110900100024,2012년 11월 9일 01시,금요일,충청북도 청주시 상당구 내덕동,경상사고,0,0,1,0,차대차 - 측면직각충돌,안전거리미확보,건조,맑음,단일로 - 기타,승용,남,39세,상해없음,승용,남,56세,경상
2012110900100043,2012년 11월 9일 02시,금요일,충청북도 청주시 흥덕구 석소동,경상사고,0,0,1,0,차량단독 - 공작물충돌,안전운전불이행,건조,맑음,단일로 - 기타,승용,남,29세,경상,,,,