사고번호,사고일시,요일,시군구,사고내용,사망자수,중상자수,경상자수,부상신고자수,사고유형,법규위반,노면상태,기상상태,도로형태,가해운전자 차종,가해운전자 성별,가해운전자 연령,가해운전자 상해정도,피해운전자 차종,피해운전자 성별,피해운전자 연령,피해운전자 상해정도
2012111300100213,2012년 11월 13일 10시,화요일,충청북도 충주시 대소원면,중상사고,0,1,0,0,차대차 - 측면직각충돌,안전거리미확보,건조,흐림,교차로 - 교차로안,승용,남,51세,상해없음,승용,여,47세,중상
2012111300100230,2012년 11월 13일 11시,화요일,충청북도 제천시 장락동,경상사고,0,0,1,0,차대차 - 측면직각충돌,안전운전불이행,건조,맑음,교차로 - 교차로안,건설기계,남,52세,상해없음,화물,남,56세,경상
2012111300100248,2012년 11월 13일 12시,화요일,충청북도 충주시 성내동,경상사고,0,0,1,0,차대차 - 측면직각충돌,교차로운행방법위반,습기,비,단일로 - 기타,승합,남,60세,상해없음,이륜,남,33세,경상
2012111300100249,2012년 11월 13일 12시,화요일,충청북도 청주시 흥덕구 봉명동,경상사고,0,0,2,0,차대차 - 측면직각충돌,교차로운행방법위반,습기,비,교차로 - 교차로안,승용,남,54세,경상,승용,여,42세,경상
2012111300100250,2012년 11월 13일 12시,화요일,충청북도 청주시 흥덕구 복대동,중상사고,0,1,0,0,차대차 - 기타,신호위반,습기,비,교차로 - 교차로안,화물,남,52세,상해없음,원동기,남,28세,중상
2012111300100294,2012년 11월 13일 14시,화요일,충청북도 제천시 청전동,중상사고,0,1,1,0,차대차 - 측면직각충돌,직진우회전진행방해,습기,흐림,교차로 - 교차로안,승용,여,38세,중상,화물,남,40세,경상
2012111300100295,2012년 11월 13일 14시,화요일,충청북도 제천시 청전동,중상사고,0,1,0,0,차대사람 - 기타,안전운전불이행,습기,비,교차로 - 교차로부근,승용,남,57세,상해없음,보행자,여,48세,중상
2012111300100296,2012년 11월 13일 14시,화요일,충청북도 진천군 덕산면,중상사고,0,1,0,0,차대차 - 측면직각충돌,직진우회전진행방해,습기,비,교차로 - 교차로안,화물,남,30세,상해없음,화물,남,62세,중상
2012111300100297,2012년 11월 13일 14시,화요일,충청북도 청주시 흥덕구 비하동,중상사고,0,1,0,0,차대사람 - 기타,안전운전불이행,습기,비,단일로 - 기타,화물,남,31세,상해없음,보행자,남,7세,중상
2012111300100329,2012년 11월 13일 15시,화요일,충청북도 청원군 오창읍,경상사고,0,0,1,0,차대차 - 기타,안전운전불이행,습기,비,단일로 - 기타,화물,남,57세,상해없음,승용,남,33세,경상
2012111300100362,2012년 11월 13일 16시,화요일,충청북도 청주시 흥덕구 분평동,중상사고,0,1,0,0,차대사람 - 횡단중,안전운전불이행,건조,맑음,단일로 - 기타,승용,남,58세,상해없음,보행자,남,13세,중상
2012111300100443,2012년 11월 13일 18시,화요일,충청북도 제천시 청전동,경상사고,0,0,1,0,차대사람 - 기타,보행자보호의무위반,습기,비,교차로 - 교차로안,승용,남,79세,상해없음,보행자,여,41세,경상
2012111300100510,2012년 11월 13일 19시,화요일,충청북도 청주시 상당구 사천동,중상사고,0,1,0,0,차대차 - 기타,중앙선침범,습기,비,단일로 - 기타,자전거,남,71세,중상,화물,남,62세,상해없음
2012111300100511,2012년 11월 13일 19시,화요일,충청북도 청주시 상당구 금천동,중상사고,0,1,0,0,차대사람 - 횡단중,안전운전불이행,습기,비,단일로 - 기타,승용,남,31세,상해없음,보행자,여,53세,중상
2012111300100550,2012년 11월 13일 20시,화요일,충청북도 옥천군 옥천읍,중상사고,0,1,2,0,차대차 - 측면직각충돌,신호위반,습기,비,교차로 - 교차로안,승용,여,57세,경상,승용,남,70세,경상
2012111300100588,2012년 11월 13일 21시,화요일,충청북도 청주시 흥덕구 봉명동,중상사고,0,1,0,0,차대사람 - 기타,안전운전불이행,습기,비,단일로 - 기타,승용,남,24세,상해없음,보행자,남,51세,중상
2012111300100629,2012년 11월 13일 22시,화요일,충청북도 청주시 흥덕구 운천동,중상사고,0,1,4,0,차대차 - 측면직각충돌,안전운전불이행,습기,비,교차로 - 교차로부근,승용,남,26세,상해없음,승용,남,46세,중상
2012111300100630,2012년 11월 13일 22시,화요일,충청북도 청주시 흥덕구 성화동,중상사고,0,1,0,0,차대차 - 측면직각충돌,안전운전불이행,습기,비,교차로 - 교차로안,승용,남,35세,기타불명,이륜,남,16세,중상
2012111300100631,2012년 11월 13일 22시,화요일,충청북도 청원군 남일면,사망사고,1,0,0,0,차대사람 - 횡단중,안전운전불이행,습기,비,단일로 - 기타,승용,남,47세,상해없음,보행자,남,51세,사망
2012111300100662,2012년 11월 13일 23시,화요일,충청북도 음성군 금왕읍,중상사고,0,1,1,0,차량단독 - 공작물충돌,안전운전불이행,습기,맑음,단일로 - 기타,승용,남,24세,중상,,,,
2012111400100014,2012년 11월 14일 00시,수요일,충청북도 제천시 중앙로1가,경상사고,0,0,2,0,차대차 - 기타,안전거리미확보,건조,맑음,교차로 - 교차로안,승용,남,55세,상해없음,승용,남,54세,경상
2012111400100015,2012년 11월 14일 00시,수요일,충청북도 청원군 오송읍,경상사고,0,0,2,0,차대차 - 추돌 - 진행중,안전운전불이행,건조,맑음,단일로 - 기타,승용,남,26세,경상,화물,남,27세,경상
2012111400100052,2012년 11월 14일 02시,수요일,충청북도 청주시 흥덕구 분평동,경상사고,0,0,1,0,차대차 - 기타,안전운전불이행,건조,맑음,교차로 - 교차로안,승용,여,37세,상해없음,원동기,남,25세,경상
2012111400100094,2012년 11월 14일 06시,수요일,충청북도 제천시 봉양읍,경상사고,0,0,2,0,차대차 - 추돌 - 주정차중,안전운전불이행,건조,흐림,기타 - 기타,승용,남,40세,상해없음,화물,남,36세,경상
2012111400100147,2012년 11월 14일 08시,수요일,충청북도 청주시 흥덕구 가경동,중상사고,0,1,0,0,차대차 - 측면직각충돌,안전운전불이행,건조,맑음,단일로 - 기타,화물,남,30세,상해없음,승용,남,31세,중상
2012111400100181,2012년 11월 14일 09시,수요일,충청북도 청주시 흥덕구 복대동,중상사고,0,1,0,0,차대사람 - 횡단중,안전운전불이행,건조,맑음,단일로 - 기타,승용,남,48세,상해없음,보행자,남,24세,중상
2012111400100182,2012년 11월 14일 09시,수요일,충청북도 청주시 흥덕구 모충동,중상사고,0,1,0,0,차대차 - 기타,안전운전불이행,습기,흐림,교차로 - 교차로안,승용,남,52세,상해없음,자전거,남,72세,중상
2012111400100210,2012년 11월 14일 10시,수요일,충청북도 청주시 흥덕구 송정동,경상사고,0,0,5,0,차대차 - 측면직각충돌,교차로운행방법위반,건조,맑음,교차로 - 교차로안,승용,여,43세,경상,승용,남,32세,경상
2012111400100211,2012년 11월 14일 10시,수요일,충청북도 음성군 대소면,사망사고,1,0,0,0,차대차 - 추돌 - 진행중,안전운전불이행,건조,맑음,단일로 - 기타,화물,남,41세,사망,화물,남,56세,상해없음
2012111400100243,2012년 11월 14일 11시,수요일,충청북도 청주시 상당구 북문로1가동,중상사고,0,1,0,0,차대사람 - 보도통행중,안전운전불이행,건조,맑음,단일로 - 기타,승용,여,30세,상해없음,보행자,여,73세,중상
2012111400100244,2012년 11월 14일 11시,수요일,충청북도 괴산군 괴산읍,중상사고,0,1,0,0,차대사람 - 횡단중,보행자보호의무위반,건조,맑음,교차로 - 교차로안,승용,남,74세,상해없음,보행자,여,81세,중상
2012111400100264,2012년 11월 14일 12시,수요일,충청북도 청주시 흥덕구 성화동,경상사고,0,0,1,0,차대차 - 추돌 - 주정차중,안전거리미확보,건조,맑음,단일로 - 기타,승용,남,64세,상해없음,승용,남,33세,경상
2012111400100296,2012년 11월 14일 13시,수요일,충청북도 충주시 연수동,경상사고,0,0,1,0,차대사람 - 길가장자리구역통행중,안전운전불이행,건조,맑음,교차로 - 교차로부근,승용,남,18세,상해없음,보행자,여,42세,경상
2012111400100330,2012년 11월 14일 14시,수요일,충청북도 청주시 상당구 우암동,경상사고,0,0,3,0,차대차 - 측면직각충돌,안전거리미확보,건조,맑음,단일로 - 기타,승용,남,47세,상해없음,승용,남,29세,경상
2012111400100331,2012년 11월 14일 14시,수요일,충청북도 충주시 문화동,중상사고,0,1,1,0,차대차 - 추돌 - 진행중,신호위반,건조,맑음,교차로 - 교차로안,승용,남,68세,경상,화물,남,43세,중상
2012111400100332,2012년 11월 14일 14시,수요일,충청북도 충주시 봉방동,중상사고,0,1,2,0,차대차 - 추돌 - 진행중,안전운전불이행,건조,맑음,교차로 - 교차로부근,승용,여,39세,경상,승용,남,56세,중상
2012111400100333,2012년 11월 14일 14시,수요일,충청북도 제천시 봉양읍,경상사고,0,0,1,0,차대차 - 추돌 - 주정차중,안전거리미확보,건조,맑음,교차로 - 교차로부근,화물,남,49세,상해없음,화물,남,51세,경상
2012111400100334,2012년 11월 14일 14시,수요일,충청북도 음성군 금왕읍,경상사고,0,0,1,0,차대차 - 기타,신호위반,건조,맑음,교차로 - 교차로안,승용,여,24세,상해없음,승용,여,41세,경상
2012111400100368,2012년 11월 14일 15시,수요일,충청북도 청주시 상당구 수동,중상사고,0,2,0,0,차대사람 - 기타,보행자보호의무위반,건조,맑음,교차로 - 교차로부근,승용,남,65세,상해없음,보행자,남,68세,중상
2012111400100369,2012년 11월 14일 15시,수요일,충청북도 청주시 상당구 석교동,경상사고,0,0,6,0,차대차 - 정면충돌,안전운전불이행,건조,맑음,교차로 - 교차로안,승용,남,32세,경상,승용,남,36세,경상
2012111400100370,2012년 11월 14일 15시,수요일,충청북도 증평군 증평읍,중상사고,0,1,0,0,차대차 - 측면직각충돌,안전운전불이행,건조,맑음,단일로 - 기타,화물,남,54세,상해없음,자전거,남,71세,중상
2012111400100396,2012년 11월 14일 16시,수요일,충청북도 충주시 앙성면,경상사고,0,0,1,0,차대차 - 추돌 - 진행중,안전운전불이행,건조,맑음,단일로 - 기타,화물,남,54세,상해없음,승용,남,52세,경상
2012111400100397,2012년 11월 14일 16시,수요일,충청북도 제천시 하소동,중상사고,0,1,0,0,차대사람 - 차도통행중,안전운전불이행,건조,맑음,교차로 - 교차로안,승용,남,54세,상해없음,보행자,남,55세,중상
2012111400100398,2012년 11월 14일 16시,수요일,충청북도 괴산군 청천면,중상사고,0,3,0,0,차대차 - 측면직각충돌,안전운전불이행,건조,맑음,단일로 - 기타,승용,여,47세,중상,승용,남,71세,중상
2012111400100399,2012년 11월 14일 16시,수요일,충청북도 청원군 미원면,중상사고,0,1,0,0,차대차 - 측면직각충돌,중앙선침범,건조,맑음,단일로 - 기타,화물,남,81세,중상,화물,남,39세,상해없음
2012111400100479,2012년 11월 14일 18시,수요일,충청북도 영동군 양강면,중상사고,0,1,0,0,차대차 - 추돌 - 진행중,안전운전불이행,건조,맑음,단일로 - 기타,화물,남,46세,상해없음,농기계,남,76세,중상
2012111400100521,2012년 11월 14일 19시,수요일,충청북도 청원군 내수읍,경상사고,0,0,2,0,차대차 - 추돌 - 주정차중,안전운전불이행,건조,맑음,교차로 - 교차로부근,화물,남,48세,상해없음,승용,남,34세,경상
2012111400100522,2012년 11월 14일 19시,수요일,충청북도 청주시 흥덕구 분평동,경상사고,0,0,1,0,차대차 - 측면직각충돌,안전운전불이행,건조,맑음,교차로 - 교차로부근,승용,남,21세,상해없음,승용,남,32세,경상
2012111400100561,2012년 11월 14일 20시,수요일,충청북도 청주시 흥덕구 봉명동,중상사고,0,1,0,0,차대차 - 추돌 - 주정차중,중앙선침범,건조,맑음,교차로 - 교차로안,승용,남,51세,상해없음,이륜,남,59세,중상
2012111400100562,2012년 11월 14일 20시,수요일,충청북도 청주시 흥덕구 강서동,경상사고,0,0,1,0,차대차 - 측면직각충돌,안전운전불이행,건조,맑음,교차로 - 교차로안,승용,남,51세,상해없음,화물,남,53세,경상
2012111400100594,2012년 11월 14일 21시,수요일,충청북도 청주시 상당구 율량동,경상사고,0,0,4,0,차대차 - 측면직각충돌,교차로운행방법위반,건조,맑음,교차로 - 교차로안,승용,남,42세,상해없음,승용,남,42세,상해없음
2012111400100595,2012년 11월 14일 21시,수요일,충청북도 증평군 증평읍,중상사고,0,1,1,0,차대차 - 측면직각충돌,중앙선침범,건조,맑음,단일로 - 기타,승용,남,29세,상해없음,이륜,남,16세,중상
2012111400100596,2012년 11월 14일 21시,수요일,충청북도 청주시 흥덕구 가경동,경상사고,0,0,2,0,차대차 - 추돌 - 주정차중,안전운전불이행,건조,맑음,단일로 - 기타,승용,남,47세,상해없음,승용,여,40세,경상
2012111400100597,2012년 11월 14일 21시,수요일,충청북도 청주시 흥덕구 봉명동,중상사고,0,1,0,0,차대사람 - 기타,안전운전불이행,건조,맑음,단일로 - 기타,승용,남,32세,상해없음,보행자,남,59세,중상
2012111400100628,2012년 11월 14일 22시,수요일,충청북도 충주시 칠금동,중상사고,0,1,2,0,차대차 - 측면직각충돌,직진우회전진행방해,건조,맑음,교차로 - 교차로안,승용,남,53세,상해없음,승용,남,45세,중상
2012111400100659,2012년 11월 14일 23시,수요일,충청북도 충주시 노은면,중상사고,0,1,0,0,차대사람 - 길가장자리구역통행중,안전운전불이행,건조,맑음,단일로 - 기타,화물,남,39세,상해없음,보행자,남,83세,중상
2012111500100011,2012년 11월 15일 00시,목요일,충청북도 청주시 흥덕구 복대동,중상사고,0,1,0,0,차대사람 - 횡단중,안전운전불이행,건조,맑음,단일로 - 기타,승용,남,20세,상해없음,보행자,남,73세,중상
2012111500100074,2012년 11월 15일 05시,목요일,충청북도 청주시 흥덕구 비하동,경상사고,0,0,1,0,차대차 - 추돌 - 진행중,안전운전불이행,건조,맑음,교차로 - 교차로안,승용,남,30세,상해없음,자전거,남,56세,경상
2012111500100075,2012년 11월 15일 05시,목요일,충청북도 청주시 상당구 방서동,중상사고,0,1,3,0,차대차 - 측면직각충돌,신호위반,건조,맑음,교차로 - 교차로안,화물,남,51세,상해없음,승용,남,60세,경상
2012111500100114,2012년 11월 15일 07시,목요일,충청북도 영동군 매곡면,중상사고,0,1,0,0,차대차 - 추돌 - 진행중,안전운전불이행,건조,맑음,기타 - 기타,화물,여,45세,상해없음,농기계,남,65세,중상
2012111500100141,2012년 11월 15일 08시,목요일,충청북도 괴산군 괴산읍,경상사고,0,0,2,0,차대차 - 측면직각충돌,기타,건조,맑음,교차로 - 교차로안,승용,남,55세,경상,승용,여,53세,경상
2012111500100142,2012년 11월 15일 08시,목요일,충청북도 청주시 흥덕구 성화동,중상사고,0,2,1,0,차대차 - 추돌 - 진행중,안전운전불이행,건조,맑음,교차로 - 교차로부근,승용,남,36세,상해없음,승용,남,29세,경상
2012111500100143,2012년 11월 15일 08시,목요일,충청북도 청주시 흥덕구 복대동,경상사고,0,0,1,0,차대차 - 측면직각충돌,안전운전불이행,건조,맑음,교차로 - 교차로안,화물,남,67세,상해없음,승용,남,47세,경상
2012111500100144,2012년 11월 15일 08시,목요일,충청북도 청주시 흥덕구 수의동,중상사고,0,1,4,1,차대차 - 추돌 - 진행중,안전거리미확보,건조,맑음,단일로 - 기타,승용,남,31세,부상신고,승용,남,47세,중상
2012111500100145,2012년 11월 15일 08시,목요일,충청북도 청주시 상당구 용담동,경상사고,0,0,1,0,차대사람 - 횡단중,보행자보호의무위반,건조,맑음,단일로 - 횡단보도상,승용,여,29세,상해없음,보행자,여,13세,경상
2012111500100180,2012년 11월 15일 09시,목요일,충청북도 괴산군 괴산읍,중상사고,0,1,0,0,차대사람 - 기타,안전운전불이행,건조,맑음,단일로 - 기타,승용,남,42세,상해없음,보행자,여,66세,중상
2012111500100181,2012년 11월 15일 09시,목요일,충청북도 보은군 보은읍,경상사고,0,0,1,0,차대차 - 측면직각충돌,교차로운행방법위반,건조,맑음,교차로 - 교차로안,화물,남,37세,상해없음,승용,여,38세,경상
2012111500100222,2012년 11월 15일 10시,목요일,충청북도 충주시 봉방동,중상사고,0,1,0,0,차대차 - 추돌 - 주정차중,직진우회전진행방해,건조,맑음,교차로 - 교차로안,승용,여,63세,상해없음,자전거,여,61세,중상
2012111500100283,2012년 11월 15일 13시,목요일,충청북도 제천시 영천동,경상사고,0,0,1,0,차대차 - 기타,안전운전불이행,건조,맑음,단일로 - 기타,화물,남,68세,상해없음,승용,남,53세,경상
2012111500100307,2012년 11월 15일 14시,목요일,충청북도 옥천군 안내면,경상사고,0,0,1,0,차대차 - 측면직각충돌,중앙선침범,습기,맑음,단일로 - 기타,화물,남,71세,상해없음,승용,남,36세,경상
2012111500100308,2012년 11월 15일 14시,목요일,충청북도 단양군 단양읍,경상사고,0,0,1,0,차대사람 - 차도통행중,안전운전불이행,건조,맑음,단일로 - 기타,승용,남,65세,상해없음,보행자,여,75세,경상
2012111500100309,2012년 11월 15일 14시,목요일,충청북도 청주시 흥덕구 가경동,중상사고,0,1,0,0,차량단독 - 공작물충돌,안전운전불이행,건조,맑음,교차로 - 교차로부근,승용,여,44세,중상,,,,
2012111500100374,2012년 11월 15일 16시,목요일,충청북도 충주시 살미면,사망사고,1,1,0,0,차대차 - 측면직각충돌,신호위반,건조,맑음,교차로 - 교차로안,승용,남,58세,중상,승용,여,58세,사망
2012111500100375,2012년 11월 15일 16시,목요일,충청북도 괴산군 소수면,중상사고,0,1,0,0,차대차 - 측면직각충돌,교차로운행방법위반,건조,맑음,교차로 - 교차로안,화물,남,40세,상해없음,이륜,남,75세,중상
2012111500100416,2012년 11월 15일 17시,목요일,충청북도 충주시 목행동,중상사고,0,2,2,1,차대차 - 측면직각충돌,안전운전불이행,건조,맑음,단일로 - 교량,승용,여,49세,상해없음,화물,남,50세,경상
2012111500100467,2012년 11월 15일 18시,목요일,충청북도 청주시 흥덕구 사창동,경상사고,0,0,4,0,차대차 - 측면직각충돌,안전운전불이행,건조,맑음,단일로 - 기타,승용,여,37세,상해없음,승합,남,49세,경상
2012111500100516,2012년 11월 15일 19시,목요일,충청북도 충주시 성내동,경상사고,0,0,1,0,차대차 - 측면직각충돌,안전운전불이행,건조,맑음,단일로 - 기타,화물,남,43세,상해없음,원동기,남,19세,경상
2012111500100517,2012년 11월 15일 19시,목요일,충청북도 충주시 교현동,중상사고,0,1,0,0,차대사람 - 횡단중,보행자보호의무위반,건조,맑음,단일로 - 횡단보도상,원동기,남,17세,상해없음,보행자,남,65세,중상
2012111500100518,2012년 11월 15일 19시,목요일,충청북도 제천시 남천동,경상사고,0,0,1,0,차대사람 - 기타,안전운전불이행,건조,맑음,단일로 - 기타,승용,여,42세,상해없음,보행자,여,56세,경상
2012111500100553,2012년 11월 15일 20시,목요일,충청북도 괴산군 청천면,중상사고,0,1,0,0,차대사람 - 기타,안전운전불이행,건조,맑음,기타 - 기타,승용,남,47세,상해없음,보행자,여,57세,중상
2012111500100582,2012년 11월 15일 21시,목요일,충청북도 보은군 보은읍,중상사고,0,1,0,0,차대사람 - 기타,안전운전불이행,건조,기타,단일로 - 기타,승용,남,38세,상해없음,보행자,남,27세,중상
2012111500100583,2012년 11월 15일 21시,목요일,충청북도 음성군 금왕읍,경상사고,0,0,1,0,차대차 - 측면직각충돌,교차로운행방법위반,건조,맑음,교차로 - 교차로안,승용,남,35세,상해없음,원동기,남,17세,경상
2012111500100584,2012년 11월 15일 21시,목요일,충청북도 음성군 감곡면,경상사고,0,0,1,0,차대차 - 측면직각충돌,안전운전불이행,건조,맑음,단일로 - 기타,화물,남,37세,상해없음,승용,여,34세,경상
2012111500100585,2012년 11월 15일 21시,목요일,충청북도 청주시 흥덕구 수곡동,경상사고,0,0,1,0,차대사람 - 횡단중,보행자보호의무위반,건조,맑음,교차로 - 교차로안,화물,남,55세,상해없음,보행자,여,50세,경상
2012111500100616,2012년 11월 15일 22시,목요일,충청북도 음성군 원남면,중상사고,0,2,0,0,차대차 - 기타,안전운전불이행,건조,맑음,교차로 - 교차로부근,승용,여,37세,상해없음,승용,여,45세,중상
2012111500100649,2012년 11월 15일 23시,목요일,충청북도 단양군 매포읍,중상사고,0,1,1,0,차대차 - 추돌 - 진행중,안전운전불이행,건조,맑음,단일로 - 기타,화물,남,31세,중상,승용,남,53세,경상
2012111600100014,2012년 11월 16일 00시,금요일,충청북도 진천군 진천읍,경상사고,0,0,2,0,차대차 - 측면직각충돌,교차로운행방법위반,건조,맑음,교차로 - 교차로안,승용,남,20세,상해없음,승용,남,23세,경상
2012111600100078,2012년 11월 16일 04시,금요일,충청북도 충주시 용산동,중상사고,0,1,0,0,차대차 - 측면직각충돌,직진우회전진행방해,건조,맑음,교차로 - 교차로안,원동기,남,18세,중상,승용,여,37세,상해없음
2012111600100105,2012년 11월 16일 06시,금요일,충청북도 청주시 상당구 용암동,중상사고,0,1,1,0,차대차 - 기타,안전운전불이행,건조,맑음,교차로 - 교차로부근,승용,남,48세,상해없음,승용,남,34세,중상
2012111600100129,2012년 11월 16일 07시,금요일,충청북도 청주시 흥덕구 향정동,경상사고,0,0,3,0,차대차 - 측면직각충돌,교차로운행방법위반,건조,맑음,교차로 - 교차로안,승용,남,25세,경상,승용,남,65세,경상
2012111600100164,2012년 11월 16일 08시,금요일,충청북도 청주시 흥덕구 수곡동,경상사고,0,0,1,0,차대차 - 정면충돌,안전운전불이행,건조,맑음,교차로 - 교차로부근,승용,여,44세,상해없음,승용,여,45세,경상
2012111600100248,2012년 11월 16일 11시,금요일,충청북도 충주시 문화동,중상사고,0,1,0,0,차대차 - 추돌 - 주정차중,안전운전불이행,건조,맑음,단일로 - 기타,화물,남,29세,상해없음,화물,여,48세,중상
2012111600100249,2012년 11월 16일 11시,금요일,충청북도 청주시 흥덕구 분평동,중상사고,0,1,0,0,차량단독 - 기타,안전운전불이행,건조,맑음,단일로 - 기타,승합,남,36세,상해없음,,,,
2012111600100306,2012년 11월 16일 14시,금요일,충청북도 영동군 영동읍,중상사고,0,1,1,0,차량단독 - 공작물충돌,안전운전불이행,건조,맑음,단일로 - 기타,화물,남,66세,경상,,,,
2012111600100351,2012년 11월 16일 16시,금요일,충청북도 단양군 단양읍,경상사고,0,0,2,0,차대차 - 정면충돌,중앙선침범,건조,흐림,단일로 - 기타,승용,남,54세,상해없음,승용,여,35세,경상
2012111600100352,2012년 11월 16일 16시,금요일,충청북도 청주시 흥덕구 가경동,중상사고,0,1,3,0,차대차 - 추돌 - 진행중,안전거리미확보,건조,맑음,단일로 - 기타,특수,남,59세,상해없음,승용,남,64세,경상
2012111600100353,2012년 11월 16일 16시,금요일,충청북도 청주시 흥덕구 강서동,중상사고,0,1,0,0,차대사람 - 기타,안전운전불이행,건조,맑음,단일로 - 기타,승용,여,47세,상해없음,보행자,여,79세,중상
2012111600100389,2012년 11월 16일 17시,금요일,충청북도 영동군 영동읍,중상사고,0,1,0,0,차대사람 - 횡단중,보행자보호의무위반,건조,맑음,교차로 - 교차로안,화물,남,54세,상해없음,보행자,여,7세,중상
2012111600100390,2012년 11월 16일 17시,금요일,충청북도 옥천군 옥천읍,경상사고,0,0,1,0,차대차 - 측면직각충돌,신호위반,건조,맑음,교차로 - 교차로안,승합,남,33세,상해없음,승용,남,35세,경상
2012111600100391,2012년 11월 16일 17시,금요일,충청북도 청주시 상당구 용암동,중상사고,0,1,0,0,차대차 - 측면직각충돌,중앙선침범,건조,맑음,단일로 - 기타,승합,남,62세,상해없음,자전거,남,72세,중상
2012111600100468,2012년 11월 16일 18시,금요일,충청북도 충주시 문화동,경상사고,0,0,1,0,차대차 - 추돌 - 주정차중,안전운전불이행,건조,맑음,단일로 - 기타,기타불명,기타불명,기타불명,기타불명,승용,여,37세,경상
2012111600100469,2012년 11월 16일 18시,금요일,충청북도 청주시 흥덕구 수곡동,경상사고,0,0,1,0,차대차 - 추돌 - 진행중,안전운전불이행,건조,맑음,교차로 - 교차로부근,승용,남,50세,상해없음,승용,남,55세,상해없음
2012111600100470,2012년 11월 16일 18시,금요일,충청북도 청주시 흥덕구 미평동,경상사고,0,0,3,0,차대차 - 측면직각충돌,안전거리미확보,습기,비,단일로 - 기타,승용,여,50세,상해없음,승용,여,40세,경상
2012111600100471,2012년 11월 16일 18시,금요일,충청북도 청원군 남일면,경상사고,0,0,1,0,차대차 - 측면직각충돌,안전운전불이행,습기,비,단일로 - 기타,승용,남,70세,경상,화물,남,54세,상해없음
2012111600100548,2012년 11월 16일 19시,금요일,충청북도 제천시 동현동,경상사고,0,0,2,0,차대차 - 측면직각충돌,안전운전불이행,습기,비,단일로 - 기타,승용,남,42세,경상,승용,남,43세,경상
2012111600100549,2012년 11월 16일 19시,금요일,충청북도 제천시 동현동,중상사고,0,1,0,0,차대사람 - 횡단중,안전운전불이행,습기,비,교차로 - 교차로부근,승용,남,56세,상해없음,보행자,남,43세,중상
2012111600100550,2012년 11월 16일 19시,금요일,충청북도 옥천군 옥천읍,중상사고,0,1,2,0,차대차 - 측면직각충돌,신호위반,습기,비,교차로 - 교차로안,승용,남,28세,상해없음,승용,남,42세,경상
2012111600100551,2012년 11월 16일 19시,금요일,충청북도 청주시 흥덕구 향정동,중상사고,0,2,2,0,차대차 - 측면직각충돌,안전운전불이행,건조,맑음,단일로 - 기타,승용,남,25세,경상,승용,여,42세,중상
2012111600100606,2012년 11월 16일 20시,금요일,충청북도 청주시 상당구 사천동,경상사고,0,0,2,0,차대차 - 기타,안전운전불이행,습기,비,교차로 - 교차로부근,승용,남,52세,상해없음,승용,여,25세,경상
2012111600100741,2012년 11월 16일 22시,금요일,충청북도 제천시 교동,경상사고,0,0,3,0,차대차 - 측면직각충돌,안전운전불이행,습기,비,교차로 - 교차로부근,승용,남,49세,상해없음,승용,남,23세,경상
2012111600100742,2012년 11월 16일 22시,금요일,충청북도 제천시 수산면,부상신고사고,0,0,0,1,차량단독 - 전도전복,안전운전불이행,습기,비,단일로 - 기타,승용,남,67세,부상신고,,,,
2012111600100743,2012년 11월 16일 22시,금요일,충청북도 청주시 흥덕구 사창동,중상사고,0,1,3,0,차대차 - 추돌 - 주정차중,안전운전불이행,습기,비,단일로 - 기타,승용,여,23세,상해없음,승용,남,28세,중상
2012111600100744,2012년 11월 16일 22시,금요일,충청북도 청주시 흥덕구 수곡동,경상사고,0,0,2,0,차대차 - 기타,중앙선침범,습기,비,단일로 - 기타,승용,남,49세,상해없음,승용,남,57세,경상
2012111600100745,2012년 11월 16일 22시,금요일,충청북도 청주시 상당구 영운동,경상사고,0,0,1,0,차대차 - 측면직각충돌,신호위반,습기,비,교차로 - 교차로부근,이륜,남,16세,상해없음,자전거,남,16세,경상
2012111600100814,2012년 11월 16일 23시,금요일,충청북도 충주시 문화동,중상사고,0,2,0,0,차대사람 - 횡단중,보행자보호의무위반,습기,비,교차로 - 교차로안,원동기,남,18세,상해없음,보행자,여,49세,중상
2012111600100815,2012년 11월 16일 23시,금요일,충청북도 단양군 단양읍,경상사고,0,0,1,0,차대차 - 측면직각충돌,중앙선침범,습기,비,단일로 - 기타,승용,남,25세,상해없음,승용,여,30세,경상
2012111600100816,2012년 11월 16일 23시,금요일,충청북도 청주시 흥덕구 복대동,경상사고,0,0,1,0,차대차 - 추돌 - 진행중,안전운전불이행,건조,맑음,교차로 - 교차로부근,승용,남,27세,상해없음,승용,남,29세,상해없음
2012111600100817,2012년 11월 16일 23시,금요일,충청북도 청주시 흥덕구 복대동,경상사고,0,0,1,0,차대차 - 측면직각충돌,안전운전불이행,습기,비,교차로 - 교차로부근,이륜,남,44세,경상,승용,남,68세,상해없음
2012111600100818,2012년 11월 16일 23시,금요일,충청북도 청주시 상당구 영운동,경상사고,0,0,1,0,차대차 - 기타,안전운전불이행,습기,비,단일로 - 교량,자전거,남,41세,경상,승합,남,55세,상해없음