사고번호,사고일시,요일,시군구,사고내용,사망자수,중상자수,경상자수,부상신고자수,사고유형,법규위반,노면상태,기상상태,도로형태,가해운전자 차종,가해운전자 성별,가해운전자 연령,가해운전자 상해정도,피해운전자 차종,피해운전자 성별,피해운전자 연령,피해운전자 상해정도
2012111700100036,2012년 11월 17일 00시,토요일,충청북도 청주시 상당구 내덕동,경상사고,0,0,1,0,차대사람 - 횡단중,안전운전불이행,건조,맑음,단일로 - 기타,승용,남,49세,상해없음,보행자,남,32세,경상
2012111700100037,2012년 11월 17일 00시,토요일,충청북도 충주시 교현동,중상사고,0,1,0,0,차대차 - 추돌 - 진행중,안전운전불이행,습기,비,교차로 - 교차로부근,승용,여,47세,상해없음,이륜,남,17세,중상
2012111700100038,2012년 11월 17일 00시,토요일,충청북도 청주시 흥덕구 봉명동,중상사고,0,1,0,0,차대차 - 측면직각충돌,안전운전불이행,건조,맑음,교차로 - 교차로안,이륜,남,45세,중상,승용,여,31세,상해없음
2012111700100086,2012년 11월 17일 01시,토요일,충청북도 충주시 용산동,부상신고사고,0,0,0,1,차대차 - 추돌 - 진행중,안전운전불이행,건조,맑음,단일로 - 기타,승용,여,41세,부상신고,건설기계,미분류,기타불명,기타불명
2012111700100087,2012년 11월 17일 01시,토요일,충청북도 제천시 고암동,중상사고,0,1,0,0,차대차 - 측면직각충돌,안전운전불이행,습기,비,교차로 - 교차로부근,승용,남,46세,상해없음,화물,남,49세,중상
2012111700100088,2012년 11월 17일 01시,토요일,충청북도 청주시 흥덕구 비하동,경상사고,0,0,1,0,차대사람 - 기타,안전운전불이행,건조,맑음,단일로 - 기타,승용,남,41세,상해없음,보행자,남,36세,경상
2012111700100138,2012년 11월 17일 02시,토요일,충청북도 청주시 흥덕구 가경동,중상사고,0,1,0,0,차대차 - 측면직각충돌,신호위반,습기,비,교차로 - 교차로안,승용,남,26세,상해없음,승용,남,22세,중상
2012111700100174,2012년 11월 17일 03시,토요일,충청북도 청주시 흥덕구 복대동,부상신고사고,0,0,0,1,차대차 - 측면직각충돌,교차로운행방법위반,건조,맑음,교차로 - 교차로안,승용,여,49세,부상신고,승용,남,18세,상해없음
2012111700100200,2012년 11월 17일 04시,토요일,충청북도 청주시 흥덕구 복대동,경상사고,0,0,1,0,차대사람 - 기타,신호위반,건조,맑음,교차로 - 교차로부근,승용,남,52세,기타불명,보행자,여,59세,경상
2012111700100263,2012년 11월 17일 07시,토요일,충청북도 청원군 옥산면,경상사고,0,0,1,0,차대차 - 측면직각충돌,신호위반,건조,맑음,교차로 - 교차로안,화물,남,61세,상해없음,승용,남,35세,경상
2012111700100350,2012년 11월 17일 11시,토요일,충청북도 청원군 옥산면,경상사고,0,0,3,0,차대차 - 추돌 - 주정차중,안전운전불이행,건조,흐림,교차로 - 교차로부근,화물,남,54세,상해없음,승용,남,57세,경상
2012111700100385,2012년 11월 17일 12시,토요일,충청북도 청원군 북이면,중상사고,0,1,0,0,차대차 - 측면직각충돌,교차로운행방법위반,건조,맑음,교차로 - 교차로안,승용,여,41세,상해없음,이륜,남,36세,중상
2012111700100386,2012년 11월 17일 12시,토요일,충청북도 충주시 봉방동,중상사고,0,1,2,0,차대차 - 추돌 - 진행중,신호위반,건조,맑음,교차로 - 교차로안,승용,남,24세,상해없음,승용,여,41세,경상
2012111700100387,2012년 11월 17일 12시,토요일,충청북도 제천시 강제동,중상사고,0,1,0,0,차대차 - 측면직각충돌,안전운전불이행,건조,맑음,단일로 - 기타,건설기계,남,52세,상해없음,자전거,남,10세,중상
2012111700100388,2012년 11월 17일 12시,토요일,충청북도 옥천군 군북면,중상사고,0,2,0,0,차량단독 - 기타,안전운전불이행,건조,맑음,단일로 - 기타,이륜,남,26세,중상,,,,
2012111700100389,2012년 11월 17일 12시,토요일,충청북도 청원군 강내면,중상사고,0,2,0,0,차대차 - 측면직각충돌,기타,건조,맑음,교차로 - 교차로안,화물,남,33세,상해없음,승용,여,35세,중상
2012111700100428,2012년 11월 17일 13시,토요일,충청북도 청주시 상당구 우암동,중상사고,0,1,0,0,차대차 - 측면직각충돌,교차로운행방법위반,건조,맑음,교차로 - 교차로안,승용,남,41세,상해없음,이륜,남,60세,중상
2012111700100429,2012년 11월 17일 13시,토요일,충청북도 증평군 증평읍,중상사고,0,1,0,0,차대차 - 측면직각충돌,직진우회전진행방해,건조,맑음,교차로 - 교차로안,화물,남,34세,상해없음,자전거,남,75세,중상
2012111700100474,2012년 11월 17일 14시,토요일,충청북도 괴산군 감물면,경상사고,0,0,4,0,차대차 - 측면직각충돌,안전운전불이행,건조,흐림,단일로 - 기타,화물,남,55세,상해없음,승합,남,39세,경상
2012111700100503,2012년 11월 17일 15시,토요일,충청북도 청주시 흥덕구 봉명동,부상신고사고,0,0,0,1,차대차 - 측면직각충돌,안전운전불이행,건조,맑음,교차로 - 교차로안,자전거,남,8세,부상신고,승용,남,51세,상해없음
2012111700100533,2012년 11월 17일 16시,토요일,충청북도 청주시 상당구 우암동,중상사고,0,1,0,0,차대차 - 측면직각충돌,교차로운행방법위반,건조,맑음,교차로 - 교차로안,화물,남,44세,상해없음,자전거,여,72세,중상
2012111700100534,2012년 11월 17일 16시,토요일,충청북도 증평군 증평읍,경상사고,0,0,3,0,차대차 - 추돌 - 주정차중,안전운전불이행,건조,맑음,교차로 - 교차로부근,승합,남,51세,상해없음,승용,여,48세,경상
2012111700100535,2012년 11월 17일 16시,토요일,충청북도 청주시 흥덕구 봉명동,경상사고,0,0,1,0,차대차 - 측면직각충돌,안전운전불이행,건조,맑음,교차로 - 교차로부근,승용,여,25세,상해없음,승용,남,54세,경상
2012111700100578,2012년 11월 17일 17시,토요일,충청북도 청주시 상당구 율량동,경상사고,0,0,1,0,차대차 - 측면직각충돌,교차로운행방법위반,건조,맑음,교차로 - 교차로안,건설기계,남,53세,상해없음,승용,여,40세,경상
2012111700100579,2012년 11월 17일 17시,토요일,충청북도 청주시 흥덕구 사창동,경상사고,0,0,2,0,차대차 - 기타,기타,건조,맑음,단일로 - 기타,화물,남,46세,상해없음,승용,남,64세,상해없음
2012111700100629,2012년 11월 17일 18시,토요일,충청북도 충주시 금가면,중상사고,0,1,0,1,차대차 - 추돌 - 진행중,신호위반,건조,흐림,교차로 - 교차로안,승용,여,30세,부상신고,승용,여,52세,중상
2012111700100630,2012년 11월 17일 18시,토요일,충청북도 제천시 봉양읍,경상사고,0,0,2,0,차대차 - 측면직각충돌,안전거리미확보,건조,맑음,단일로 - 기타,승합,남,53세,상해없음,승용,남,65세,경상
2012111700100631,2012년 11월 17일 18시,토요일,충청북도 단양군 단양읍,경상사고,0,0,1,0,차대차 - 추돌 - 진행중,안전운전불이행,건조,맑음,단일로 - 기타,승용,여,46세,상해없음,승용,남,57세,경상
2012111700100632,2012년 11월 17일 18시,토요일,충청북도 청주시 흥덕구 봉명동,경상사고,0,0,1,0,차대차 - 측면직각충돌,안전운전불이행,건조,맑음,단일로 - 기타,승용,남,62세,상해없음,원동기,남,45세,경상
2012111700100734,2012년 11월 17일 21시,토요일,충청북도 제천시 중앙로2가,경상사고,0,0,1,0,차대사람 - 기타,안전운전불이행,건조,맑음,단일로 - 기타,승용,남,47세,상해없음,보행자,여,51세,경상
2012111700100796,2012년 11월 17일 23시,토요일,충청북도 제천시 송학면,중상사고,0,1,0,0,차대차 - 측면직각충돌,중앙선침범,건조,맑음,교차로 - 교차로부근,승용,남,32세,상해없음,승용,남,57세,중상
2012111700100797,2012년 11월 17일 23시,토요일,충청북도 청주시 흥덕구 봉명동,경상사고,0,0,5,0,차대차 - 추돌 - 주정차중,안전운전불이행,건조,맑음,단일로 - 기타,화물,남,58세,경상,승용,남,57세,경상
2012111700100798,2012년 11월 17일 23시,토요일,충청북도 청주시 흥덕구 향정동,경상사고,0,0,1,0,차대차 - 추돌 - 주정차중,안전운전불이행,건조,맑음,단일로 - 기타,승용,여,36세,상해없음,승용,남,41세,경상
2012111700100799,2012년 11월 17일 23시,토요일,충청북도 청주시 상당구 용담동,경상사고,0,0,1,0,차대차 - 추돌 - 주정차중,안전운전불이행,건조,맑음,교차로 - 교차로부근,승용,남,29세,상해없음,승용,남,53세,경상
2012111800100115,2012년 11월 18일 05시,일요일,충청북도 청원군 남이면,중상사고,0,2,0,0,차량단독 - 전도전복,안전운전불이행,건조,맑음,단일로 - 기타,승용,남,25세,중상,,,,
2012111800100125,2012년 11월 18일 06시,일요일,충청북도 영동군 추풍령면,중상사고,0,2,2,0,차대차 - 추돌 - 진행중,안전운전불이행,건조,맑음,단일로 - 기타,승용,남,23세,상해없음,화물,남,42세,경상
2012111800100169,2012년 11월 18일 09시,일요일,충청북도 청주시 흥덕구 봉명동,경상사고,0,0,1,0,차대차 - 측면직각충돌,교차로운행방법위반,건조,맑음,교차로 - 교차로안,화물,남,42세,상해없음,화물,남,53세,상해없음
2012111800100245,2012년 11월 18일 13시,일요일,충청북도 청주시 상당구 용정동,경상사고,0,0,2,0,차대차 - 측면직각충돌,안전운전불이행,건조,맑음,단일로 - 기타,승용,여,33세,경상,승용,남,33세,경상
2012111800100280,2012년 11월 18일 14시,일요일,충청북도 청주시 흥덕구 모충동,경상사고,0,0,1,0,차대차 - 측면직각충돌,안전운전불이행,건조,맑음,교차로 - 교차로안,화물,남,66세,상해없음,승용,남,47세,경상
2012111800100341,2012년 11월 18일 16시,일요일,충청북도 충주시 수안보면,경상사고,0,0,2,0,차량단독 - 공작물충돌,안전운전불이행,건조,맑음,단일로 - 기타,승용,남,46세,경상,,,,
2012111800100409,2012년 11월 18일 18시,일요일,충청북도 충주시 교현동,중상사고,0,2,1,1,차대차 - 측면직각충돌,신호위반,건조,맑음,교차로 - 교차로안,승용,남,60세,부상신고,승용,여,55세,중상
2012111800100410,2012년 11월 18일 18시,일요일,충청북도 충주시 성내동,경상사고,0,0,1,0,차대차 - 추돌 - 진행중,안전거리미확보,건조,맑음,교차로 - 교차로부근,승용,남,21세,상해없음,승용,남,74세,경상
2012111800100411,2012년 11월 18일 18시,일요일,충청북도 제천시 장락동,경상사고,0,0,2,0,차대차 - 기타,안전운전불이행,건조,맑음,교차로 - 교차로안,승용,여,51세,상해없음,승용,남,35세,경상
2012111800100412,2012년 11월 18일 18시,일요일,충청북도 청주시 흥덕구 복대동,경상사고,0,0,3,0,차대차 - 기타,안전거리미확보,건조,맑음,단일로 - 기타,승용,남,25세,상해없음,승용,남,35세,경상
2012111800100437,2012년 11월 18일 19시,일요일,충청북도 청주시 상당구 사천동,경상사고,0,0,1,0,차대차 - 측면직각충돌,안전운전불이행,건조,맑음,교차로 - 교차로안,승용,여,55세,경상,승용,남,56세,상해없음
2012111800100478,2012년 11월 18일 20시,일요일,충청북도 충주시 성서동,중상사고,0,2,1,0,차대차 - 추돌 - 주정차중,안전운전불이행,건조,맑음,교차로 - 교차로부근,승용,남,31세,상해없음,승용,남,42세,중상
2012111800100479,2012년 11월 18일 20시,일요일,충청북도 괴산군 괴산읍,사망사고,1,0,0,0,차대사람 - 횡단중,안전운전불이행,건조,맑음,단일로 - 기타,승용,여,58세,상해없음,보행자,남,47세,사망
2012111800100480,2012년 11월 18일 20시,일요일,충청북도 청주시 흥덕구 신봉동,중상사고,0,1,0,0,차대사람 - 길가장자리구역통행중,안전운전불이행,건조,맑음,단일로 - 기타,화물,남,51세,상해없음,보행자,여,50세,중상
2012111800100506,2012년 11월 18일 21시,일요일,충청북도 청주시 흥덕구 복대동,중상사고,0,1,0,0,차대차 - 측면직각충돌,안전운전불이행,건조,맑음,교차로 - 교차로안,승용,남,46세,상해없음,이륜,남,42세,중상
2012111800100524,2012년 11월 18일 22시,일요일,충청북도 청원군 오창읍,경상사고,0,0,1,0,차대차 - 측면직각충돌,중앙선침범,건조,맑음,교차로 - 교차로부근,승용,남,42세,상해없음,승용,여,34세,경상
2012111800100525,2012년 11월 18일 22시,일요일,충청북도 충주시 성서동,경상사고,0,0,1,0,차대차 - 추돌 - 진행중,안전운전불이행,건조,맑음,단일로 - 기타,원동기,남,20세,상해없음,원동기,남,39세,경상
2012111800100526,2012년 11월 18일 22시,일요일,충청북도 괴산군 사리면,사망사고,1,0,0,0,차대사람 - 차도통행중,안전운전불이행,건조,맑음,단일로 - 기타,승용,여,56세,상해없음,보행자,남,77세,사망
2012111800100527,2012년 11월 18일 22시,일요일,충청북도 증평군 증평읍,경상사고,0,0,1,0,차대차 - 측면직각충돌,교차로운행방법위반,건조,맑음,교차로 - 교차로안,승합,남,64세,상해없음,승용,남,47세,경상
2012111800100528,2012년 11월 18일 22시,일요일,충청북도 청원군 강내면,중상사고,0,1,2,0,차대차 - 추돌 - 주정차중,안전운전불이행,건조,맑음,단일로 - 기타,승용,남,27세,상해없음,승용,남,29세,중상
2012111800100529,2012년 11월 18일 22시,일요일,충청북도 음성군 감곡면,경상사고,0,0,2,0,차대차 - 추돌 - 진행중,안전운전불이행,습기,비,단일로 - 기타,승용,남,57세,상해없음,승용,남,41세,경상
2012111900100006,2012년 11월 19일 00시,월요일,충청북도 청원군 옥산면,중상사고,0,2,0,0,차대차 - 측면직각충돌,안전운전불이행,건조,맑음,단일로 - 기타,화물,남,60세,상해없음,승용,남,26세,중상
2012111900100056,2012년 11월 19일 05시,월요일,충청북도 청원군 오송읍,중상사고,0,1,1,0,차대차 - 측면직각충돌,교차로운행방법위반,건조,맑음,교차로 - 교차로안,승용,여,47세,중상,화물,남,45세,경상
2012111900100109,2012년 11월 19일 07시,월요일,충청북도 옥천군 옥천읍,사망사고,1,0,0,0,차대차 - 측면직각충돌,안전운전불이행,건조,흐림,교차로 - 교차로부근,화물,남,67세,상해없음,이륜,남,82세,사망
2012111900100157,2012년 11월 19일 08시,월요일,충청북도 충주시 용탄동,중상사고,0,1,0,1,차량단독 - 공작물충돌,안전운전불이행,습기,비,단일로 - 기타,승용,남,28세,부상신고,,,,
2012111900100158,2012년 11월 19일 08시,월요일,충청북도 제천시 대랑동,중상사고,0,2,0,0,차대차 - 추돌 - 진행중,안전거리미확보,적설,눈,단일로 - 기타,승용,여,27세,상해없음,승합,남,32세,중상
2012111900100198,2012년 11월 19일 09시,월요일,충청북도 영동군 용산면,중상사고,0,1,0,0,차대차 - 정면충돌,안전운전불이행,습기,비,단일로 - 기타,원동기,남,73세,중상,승용,남,73세,상해없음
2012111900100199,2012년 11월 19일 09시,월요일,충청북도 청원군 현도면,중상사고,0,1,0,0,차량단독 - 공작물충돌,안전운전불이행,건조,맑음,단일로 - 기타,승용,남,23세,중상,,,,
2012111900100228,2012년 11월 19일 10시,월요일,충청북도 청주시 흥덕구 사창동,경상사고,0,0,1,0,차대차 - 측면직각충돌,안전거리미확보,건조,맑음,교차로 - 교차로부근,승용,남,29세,상해없음,승용,여,45세,경상
2012111900100280,2012년 11월 19일 12시,월요일,충청북도 청주시 상당구 주중동,경상사고,0,0,4,0,차대차 - 측면직각충돌,안전거리미확보,건조,맑음,교차로 - 교차로부근,승용,여,51세,상해없음,승용,남,57세,상해없음
2012111900100307,2012년 11월 19일 13시,월요일,충청북도 청주시 흥덕구 가경동,경상사고,0,0,1,0,차대사람 - 길가장자리구역통행중,안전운전불이행,건조,맑음,단일로 - 기타,승용,기타불명,기타불명,기타불명,보행자,남,14세,경상
2012111900100308,2012년 11월 19일 13시,월요일,충청북도 청주시 흥덕구 사직동,경상사고,0,0,1,0,차대차 - 추돌 - 진행중,안전거리미확보,건조,맑음,교차로 - 교차로부근,승용,남,56세,상해없음,승용,남,53세,경상
2012111900100332,2012년 11월 19일 14시,월요일,충청북도 청주시 상당구 문화동,경상사고,0,0,1,0,차대차 - 기타,중앙선침범,건조,맑음,단일로 - 기타,승용,여,51세,상해없음,승용,여,32세,경상
2012111900100367,2012년 11월 19일 15시,월요일,충청북도 음성군 금왕읍,중상사고,0,1,1,0,차대차 - 기타,안전운전불이행,건조,맑음,단일로 - 기타,승용,남,39세,상해없음,원동기,남,74세,경상
2012111900100399,2012년 11월 19일 16시,월요일,충청북도 음성군 대소면,경상사고,0,0,1,0,차대차 - 기타,안전운전불이행,건조,맑음,교차로 - 교차로안,화물,남,45세,상해없음,승용,여,52세,상해없음
2012111900100465,2012년 11월 19일 18시,월요일,충청북도 제천시 중앙로1가,경상사고,0,0,1,0,차대차 - 측면직각충돌,안전운전불이행,건조,맑음,교차로 - 교차로안,승용,여,45세,상해없음,승용,여,47세,경상
2012111900100466,2012년 11월 19일 18시,월요일,충청북도 청주시 흥덕구 사직동,중상사고,0,1,0,0,차대차 - 측면직각충돌,안전운전불이행,건조,맑음,단일로 - 기타,승용,여,48세,중상,화물,남,43세,상해없음
2012111900100467,2012년 11월 19일 18시,월요일,충청북도 청주시 흥덕구 사창동,경상사고,0,0,2,0,차대차 - 추돌 - 주정차중,차로위반,건조,맑음,교차로 - 교차로부근,승용,여,41세,경상,승용,남,48세,상해없음
2012111900100468,2012년 11월 19일 18시,월요일,충청북도 청주시 흥덕구 사창동,경상사고,0,0,1,0,차대차 - 측면직각충돌,교차로운행방법위반,건조,맑음,교차로 - 교차로안,승용,남,60세,상해없음,승용,남,46세,상해없음
2012111900100525,2012년 11월 19일 19시,월요일,충청북도 충주시 살미면,중상사고,0,1,0,0,차량단독 - 기타,안전운전불이행,건조,맑음,단일로 - 기타,화물,남,63세,상해없음,,,,
2012111900100545,2012년 11월 19일 20시,월요일,충청북도 청주시 상당구 율량동,경상사고,0,0,1,0,차대사람 - 기타,안전운전불이행,건조,맑음,단일로 - 기타,승용,여,30세,상해없음,보행자,남,3세,경상
2012111900100546,2012년 11월 19일 20시,월요일,충청북도 단양군 단양읍,경상사고,0,0,1,0,차대차 - 측면직각충돌,안전운전불이행,건조,맑음,단일로 - 기타,승용,여,46세,상해없음,승용,여,45세,상해없음
2012111900100605,2012년 11월 19일 22시,월요일,충청북도 단양군 대강면,경상사고,0,0,2,0,차대차 - 추돌 - 주정차중,안전운전불이행,건조,맑음,단일로 - 기타,화물,남,50세,상해없음,승용,여,40세,경상
2012111900100606,2012년 11월 19일 22시,월요일,충청북도 음성군 소이면,경상사고,0,0,4,0,차대차 - 추돌 - 주정차중,안전운전불이행,건조,맑음,교차로 - 교차로부근,화물,남,57세,상해없음,승용,여,44세,경상
2012112000100022,2012년 11월 20일 01시,화요일,충청북도 청주시 흥덕구 사창동,경상사고,0,0,1,0,차대차 - 측면직각충돌,안전운전불이행,건조,맑음,교차로 - 교차로부근,승용,남,53세,상해없음,승용,남,52세,경상
2012112000100039,2012년 11월 20일 03시,화요일,충청북도 청원군 내수읍,경상사고,0,0,1,0,차량단독 - 전도전복,안전운전불이행,건조,맑음,단일로 - 기타,승용,남,54세,상해없음,,,,
2012112000100083,2012년 11월 20일 07시,화요일,충청북도 충주시 연수동,부상신고사고,0,0,0,1,차대차 - 추돌 - 진행중,안전거리미확보,건조,맑음,단일로 - 기타,이륜,남,62세,부상신고,승합,여,25세,상해없음
2012112000100116,2012년 11월 20일 08시,화요일,충청북도 청주시 상당구 율량동,경상사고,0,0,1,0,차대사람 - 차도통행중,안전운전불이행,건조,맑음,교차로 - 교차로부근,승용,남,34세,상해없음,보행자,남,36세,경상
2012112000100117,2012년 11월 20일 08시,화요일,충청북도 충주시 문화동,중상사고,0,1,0,0,차대차 - 추돌 - 주정차중,기타,건조,맑음,단일로 - 기타,화물,남,44세,중상,승용,남,53세,기타불명
2012112000100118,2012년 11월 20일 08시,화요일,충청북도 옥천군 안내면,중상사고,0,1,0,0,차량단독 - 기타,안전운전불이행,건조,맑음,단일로 - 기타,승용,남,23세,상해없음,,,,
2012112000100119,2012년 11월 20일 08시,화요일,충청북도 단양군 단양읍,중상사고,0,1,9,0,차대차 - 측면직각충돌,직진우회전진행방해,건조,맑음,교차로 - 교차로안,승용,남,71세,상해없음,승합,남,49세,상해없음
2012112000100149,2012년 11월 20일 09시,화요일,충청북도 충주시 연수동,경상사고,0,0,2,1,차대차 - 추돌 - 진행중,직진우회전진행방해,건조,맑음,교차로 - 교차로안,승용,남,39세,부상신고,승용,여,31세,경상
2012112000100193,2012년 11월 20일 11시,화요일,충청북도 음성군 음성읍,중상사고,0,1,2,0,차대차 - 측면직각충돌,교차로운행방법위반,건조,맑음,교차로 - 교차로안,승용,여,44세,중상,화물,남,42세,경상
2012112000100194,2012년 11월 20일 11시,화요일,충청북도 음성군 금왕읍,경상사고,0,0,1,0,차대차 - 측면직각충돌,교차로운행방법위반,건조,맑음,교차로 - 교차로안,승용,여,48세,상해없음,화물,남,61세,경상
2012112000100195,2012년 11월 20일 11시,화요일,충청북도 청주시 흥덕구 강서동,경상사고,0,0,1,0,차대차 - 측면직각충돌,안전거리미확보,건조,맑음,교차로 - 교차로부근,승용,여,41세,상해없음,화물,남,37세,경상
2012112000100236,2012년 11월 20일 13시,화요일,충청북도 충주시 칠금동,중상사고,0,1,0,0,차대차 - 추돌 - 진행중,신호위반,건조,맑음,교차로 - 교차로부근,승용,남,56세,상해없음,자전거,남,73세,중상
2012112000100237,2012년 11월 20일 13시,화요일,충청북도 영동군 영동읍,경상사고,0,0,1,0,차대차 - 기타,기타,건조,맑음,단일로 - 기타,승용,남,44세,상해없음,화물,여,57세,경상
2012112000100238,2012년 11월 20일 13시,화요일,충청북도 옥천군 옥천읍,경상사고,0,0,3,0,차대차 - 정면충돌,교차로운행방법위반,건조,맑음,교차로 - 교차로안,승용,여,28세,경상,승용,남,44세,상해없음
2012112000100239,2012년 11월 20일 13시,화요일,충청북도 청주시 흥덕구 강서동,경상사고,0,0,1,0,차대차 - 측면직각충돌,교차로운행방법위반,건조,맑음,교차로 - 교차로안,승합,남,33세,상해없음,승용,남,69세,경상
2012112000100240,2012년 11월 20일 13시,화요일,충청북도 청주시 흥덕구 모충동,중상사고,0,1,0,0,차대차 - 정면충돌,안전운전불이행,건조,맑음,단일로 - 기타,승용,여,52세,상해없음,자전거,여,61세,중상
2012112000100241,2012년 11월 20일 13시,화요일,충청북도 진천군 이월면,중상사고,0,1,1,0,차대차 - 추돌 - 진행중,안전운전불이행,건조,맑음,단일로 - 기타,승용,남,53세,중상,승용,남,38세,경상
2012112000100267,2012년 11월 20일 14시,화요일,충청북도 청주시 흥덕구 현암동,경상사고,0,0,1,0,차대차 - 기타,안전운전불이행,건조,맑음,단일로 - 기타,건설기계,남,53세,상해없음,승용,남,30세,경상
2012112000100299,2012년 11월 20일 15시,화요일,충청북도 충주시 대소원면,경상사고,0,0,3,0,차대차 - 추돌 - 주정차중,신호위반,건조,맑음,교차로 - 교차로안,승용,남,35세,상해없음,승합,남,46세,경상
2012112000100300,2012년 11월 20일 15시,화요일,충청북도 청주시 흥덕구 분평동,경상사고,0,0,1,0,차대차 - 측면직각충돌,교차로운행방법위반,건조,맑음,교차로 - 교차로안,승용,남,52세,상해없음,이륜,남,18세,경상
2012112000100337,2012년 11월 20일 16시,화요일,충청북도 청주시 흥덕구 비하동,중상사고,0,1,0,0,차대차 - 측면직각충돌,안전운전불이행,건조,맑음,교차로 - 교차로안,승용,남,32세,상해없음,승용,남,55세,상해없음
2012112000100423,2012년 11월 20일 18시,화요일,충청북도 제천시 청전동,경상사고,0,0,2,0,차대차 - 기타,안전운전불이행,건조,맑음,교차로 - 교차로부근,승용,남,45세,상해없음,승용,남,51세,경상
2012112000100462,2012년 11월 20일 19시,화요일,충청북도 청주시 상당구 내덕동,경상사고,0,0,1,0,차대차 - 측면직각충돌,교차로운행방법위반,건조,맑음,교차로 - 교차로안,승용,남,45세,상해없음,승용,남,28세,경상
2012112000100463,2012년 11월 20일 19시,화요일,충청북도 제천시 청전동,경상사고,0,0,1,0,차대차 - 기타,불법유턴,건조,맑음,단일로 - 기타,승용,남,35세,상해없음,승용,여,24세,경상
2012112000100464,2012년 11월 20일 19시,화요일,충청북도 청원군 문의면,경상사고,0,0,2,0,차대차 - 기타,중앙선침범,건조,맑음,단일로 - 기타,승합,남,50세,상해없음,승용,남,38세,경상
2012112000100486,2012년 11월 20일 20시,화요일,충청북도 청주시 상당구 율량동,중상사고,0,1,0,0,차대차 - 측면직각충돌,안전운전불이행,건조,맑음,단일로 - 기타,승용,여,36세,상해없음,원동기,남,55세,중상
2012112000100487,2012년 11월 20일 20시,화요일,충청북도 충주시 봉방동,경상사고,0,0,1,0,차대차 - 측면직각충돌,교차로운행방법위반,건조,맑음,교차로 - 교차로부근,승용,남,38세,상해없음,원동기,남,17세,경상
2012112000100512,2012년 11월 20일 21시,화요일,충청북도 청주시 상당구 석교동,경상사고,0,0,1,0,차대차 - 추돌 - 주정차중,안전운전불이행,건조,맑음,교차로 - 교차로부근,승용,남,38세,상해없음,승합,남,48세,경상
2012112000100513,2012년 11월 20일 21시,화요일,충청북도 청주시 흥덕구 가경동,부상신고사고,0,0,0,1,차대차 - 측면직각충돌,안전운전불이행,건조,맑음,단일로 - 기타,승용,남,31세,상해없음,승용,남,58세,상해없음
2012112000100542,2012년 11월 20일 22시,화요일,충청북도 청주시 흥덕구 개신동,경상사고,0,0,1,0,차대차 - 측면직각충돌,불법유턴,건조,맑음,교차로 - 교차로부근,승용,남,51세,상해없음,자전거,남,24세,경상
2012112000100578,2012년 11월 20일 23시,화요일,충청북도 진천군 진천읍,경상사고,0,0,1,0,차대차 - 측면직각충돌,교차로운행방법위반,건조,맑음,교차로 - 교차로안,승합,남,37세,상해없음,승용,여,45세,경상
2012112000100579,2012년 11월 20일 23시,화요일,충청북도 청주시 흥덕구 가경동,경상사고,0,0,1,0,차대차 - 추돌 - 진행중,안전운전불이행,건조,맑음,단일로 - 기타,승용,남,30세,상해없음,승용,남,38세,경상
2012112100100012,2012년 11월 21일 00시,수요일,충청북도 청주시 상당구 금천동,경상사고,0,0,1,0,차대차 - 기타,안전운전불이행,건조,맑음,교차로 - 교차로안,승용,남,37세,상해없음,이륜,남,35세,경상
2012112100100013,2012년 11월 21일 00시,수요일,충청북도 청주시 흥덕구 사창동,경상사고,0,0,1,0,차대사람 - 기타,안전운전불이행,건조,맑음,단일로 - 기타,기타불명,기타불명,기타불명,기타불명,보행자,남,21세,경상
2012112100100036,2012년 11월 21일 02시,수요일,충청북도 청주시 흥덕구 사창동,경상사고,0,0,1,0,차대사람 - 기타,안전운전불이행,건조,맑음,교차로 - 교차로부근,승용,남,18세,상해없음,보행자,남,19세,경상
2012112100100064,2012년 11월 21일 05시,수요일,충청북도 청주시 상당구 율량동,중상사고,0,1,0,0,차대차 - 측면직각충돌,안전운전불이행,건조,맑음,단일로 - 기타,승용,남,53세,상해없음,자전거,남,60세,중상
2012112100100127,2012년 11월 21일 08시,수요일,충청북도 보은군 속리산면,사망사고,1,0,0,0,차대차 - 추돌 - 진행중,안전운전불이행,기타,맑음,단일로 - 기타,승용,남,55세,상해없음,농기계,남,75세,사망
2012112100100158,2012년 11월 21일 09시,수요일,충청북도 청주시 흥덕구 봉명동,중상사고,0,1,1,0,차대차 - 추돌 - 진행중,안전운전불이행,건조,맑음,단일로 - 기타,화물,남,47세,중상,승용,남,61세,경상
2012112100100177,2012년 11월 21일 10시,수요일,충청북도 청주시 상당구 우암동,경상사고,0,0,2,0,차대차 - 기타,신호위반,건조,맑음,교차로 - 교차로부근,승용,여,43세,상해없음,승용,남,59세,경상
2012112100100178,2012년 11월 21일 10시,수요일,충청북도 증평군 증평읍,경상사고,0,0,2,0,차대차 - 정면충돌,직진우회전진행방해,건조,맑음,교차로 - 교차로안,승용,여,40세,경상,승용,남,60세,경상