사고번호,사고일시,요일,시군구,사고내용,사망자수,중상자수,경상자수,부상신고자수,사고유형,법규위반,노면상태,기상상태,도로형태,가해운전자 차종,가해운전자 성별,가해운전자 연령,가해운전자 상해정도,피해운전자 차종,피해운전자 성별,피해운전자 연령,피해운전자 상해정도
2012112100100179,2012년 11월 21일 10시,수요일,충청북도 괴산군 괴산읍,경상사고,0,0,1,0,차대차 - 추돌 - 주정차중,안전거리미확보,건조,맑음,교차로 - 교차로안,건설기계,남,53세,상해없음,승용,남,68세,경상
2012112100100206,2012년 11월 21일 11시,수요일,충청북도 옥천군 옥천읍,경상사고,0,0,2,0,차대차 - 정면충돌,안전운전불이행,건조,맑음,교차로 - 교차로안,화물,남,57세,경상,화물,남,27세,경상
2012112100100222,2012년 11월 21일 12시,수요일,충청북도 옥천군 청산면,경상사고,0,0,1,0,차대차 - 기타,교차로운행방법위반,건조,맑음,교차로 - 교차로부근,화물,남,57세,상해없음,원동기,여,53세,경상
2012112100100223,2012년 11월 21일 12시,수요일,충청북도 청주시 흥덕구 복대동,경상사고,0,0,1,0,차대차 - 측면직각충돌,교차로운행방법위반,건조,맑음,교차로 - 교차로안,승용,남,26세,상해없음,이륜,남,70세,경상
2012112100100271,2012년 11월 21일 14시,수요일,충청북도 제천시 신월동,경상사고,0,0,1,0,차대사람 - 기타,안전운전불이행,건조,맑음,단일로 - 기타,승용,여,28세,상해없음,보행자,남,21세,경상
2012112100100328,2012년 11월 21일 16시,수요일,충청북도 제천시 남천동,경상사고,0,0,1,0,차대차 - 기타,직진우회전진행방해,건조,맑음,교차로 - 교차로안,이륜,남,21세,상해없음,승용,남,39세,경상
2012112100100360,2012년 11월 21일 17시,수요일,충청북도 옥천군 군북면,중상사고,0,2,0,0,차대차 - 정면충돌,중앙선침범,건조,맑음,단일로 - 기타,농기계,남,62세,중상,승용,여,44세,중상
2012112100100407,2012년 11월 21일 18시,수요일,충청북도 충주시 호암동,경상사고,0,0,4,0,차대차 - 추돌 - 진행중,안전운전불이행,건조,맑음,단일로 - 기타,승용,남,59세,상해없음,승용,남,49세,경상
2012112100100408,2012년 11월 21일 18시,수요일,충청북도 옥천군 옥천읍,중상사고,0,1,0,0,차대사람 - 기타,안전운전불이행,건조,맑음,교차로 - 교차로부근,승합,남,57세,상해없음,보행자,여,50세,중상
2012112100100409,2012년 11월 21일 18시,수요일,충청북도 청주시 흥덕구 가경동,경상사고,0,0,1,0,차대차 - 측면직각충돌,안전거리미확보,건조,맑음,단일로 - 기타,승용,남,50세,상해없음,원동기,남,16세,경상
2012112100100410,2012년 11월 21일 18시,수요일,충청북도 청원군 오송읍,중상사고,0,3,2,0,차대차 - 추돌 - 진행중,안전운전불이행,건조,맑음,단일로 - 기타,화물,남,29세,상해없음,승용,남,43세,중상
2012112100100411,2012년 11월 21일 18시,수요일,충청북도 청주시 흥덕구 성화동,경상사고,0,0,1,0,차대차 - 측면직각충돌,안전운전불이행,건조,맑음,단일로 - 기타,승용,여,48세,상해없음,자전거,남,13세,경상
2012112100100464,2012년 11월 21일 19시,수요일,충청북도 청주시 상당구 탑동,경상사고,0,0,1,0,차대차 - 기타,안전운전불이행,건조,맑음,단일로 - 기타,승용,여,23세,상해없음,이륜,남,25세,경상
2012112100100505,2012년 11월 21일 20시,수요일,충청북도 청주시 상당구 내덕동,경상사고,0,0,1,0,차대차 - 기타,안전운전불이행,건조,맑음,교차로 - 교차로부근,승용,남,51세,상해없음,승용,남,27세,경상
2012112100100535,2012년 11월 21일 21시,수요일,충청북도 충주시 용산동,중상사고,0,2,1,0,차대차 - 측면직각충돌,안전운전불이행,건조,흐림,단일로 - 기타,승용,여,38세,경상,승용,남,52세,중상
2012112100100596,2012년 11월 21일 23시,수요일,충청북도 청주시 상당구 율량동,경상사고,0,0,2,0,차대차 - 기타,교차로운행방법위반,건조,맑음,교차로 - 교차로안,이륜,남,17세,경상,승용,남,39세,경상
2012112100100597,2012년 11월 21일 23시,수요일,충청북도 청주시 흥덕구 봉명동,중상사고,0,2,3,0,차대차 - 추돌 - 진행중,안전운전불이행,건조,맑음,교차로 - 교차로부근,승용,남,37세,상해없음,승용,남,30세,경상
2012112200100017,2012년 11월 22일 00시,목요일,충청북도 청주시 흥덕구 미평동,경상사고,0,0,1,0,차대차 - 추돌 - 진행중,안전운전불이행,건조,맑음,교차로 - 교차로부근,승용,남,54세,상해없음,승합,남,44세,경상
2012112200100052,2012년 11월 22일 04시,목요일,충청북도 제천시 청전동,중상사고,0,1,0,0,차량단독 - 공작물충돌,안전운전불이행,건조,맑음,교차로 - 교차로부근,승용,남,27세,중상,,,,
2012112200100059,2012년 11월 22일 05시,목요일,충청북도 제천시 중앙로1가,사망사고,1,0,0,0,차대사람 - 횡단중,보행자보호의무위반,건조,맑음,교차로 - 교차로부근,승용,남,65세,상해없음,보행자,남,70세,사망
2012112200100060,2012년 11월 22일 05시,목요일,충청북도 청원군 남일면,경상사고,0,0,1,0,차량단독 - 기타,안전운전불이행,건조,맑음,단일로 - 기타,승용,여,24세,경상,,,,
2012112200100078,2012년 11월 22일 06시,목요일,충청북도 충주시 용두동,사망사고,1,0,0,0,차대사람 - 횡단중,안전운전불이행,건조,맑음,단일로 - 기타,승용,남,60세,상해없음,보행자,남,67세,사망
2012112200100099,2012년 11월 22일 07시,목요일,충청북도 옥천군 옥천읍,중상사고,0,1,0,0,차대차 - 측면직각충돌,안전운전불이행,건조,맑음,단일로 - 기타,승용,남,40세,상해없음,자전거,남,57세,중상
2012112200100100,2012년 11월 22일 07시,목요일,충청북도 청주시 흥덕구 분평동,경상사고,0,0,1,0,차대차 - 기타,안전운전불이행,건조,맑음,교차로 - 교차로안,자전거,남,13세,경상,승합,남,50세,상해없음
2012112200100141,2012년 11월 22일 08시,목요일,충청북도 충주시 산척면,경상사고,0,0,1,0,차대차 - 추돌 - 진행중,안전거리미확보,건조,맑음,단일로 - 기타,화물,남,47세,상해없음,특수,남,47세,경상
2012112200100142,2012년 11월 22일 08시,목요일,충청북도 청원군 오송읍,중상사고,0,1,0,0,차대차 - 추돌 - 주정차중,안전운전불이행,건조,맑음,단일로 - 기타,승용,남,56세,상해없음,승용,남,37세,상해없음
2012112200100188,2012년 11월 22일 09시,목요일,충청북도 청원군 남이면,경상사고,0,0,1,0,차대차 - 기타,안전운전불이행,건조,맑음,단일로 - 기타,승용,여,49세,상해없음,자전거,남,78세,경상
2012112200100209,2012년 11월 22일 10시,목요일,충청북도 진천군 백곡면,중상사고,0,1,0,0,차대차 - 측면직각충돌,안전운전불이행,건조,맑음,교차로 - 교차로안,화물,남,45세,상해없음,농기계,남,69세,중상
2012112200100230,2012년 11월 22일 11시,목요일,충청북도 제천시 서부동,중상사고,0,2,2,0,차대차 - 기타,안전운전불이행,건조,맑음,교차로 - 교차로부근,승용,남,25세,상해없음,화물,남,70세,중상
2012112200100312,2012년 11월 22일 15시,목요일,충청북도 제천시 중앙로1가,경상사고,0,0,1,0,차대차 - 기타,안전운전불이행,건조,맑음,단일로 - 기타,승용,여,31세,상해없음,화물,여,56세,경상
2012112200100313,2012년 11월 22일 15시,목요일,충청북도 옥천군 옥천읍,사망사고,1,0,0,0,차대사람 - 길가장자리구역통행중,안전운전불이행,건조,맑음,단일로 - 기타,농기계,남,73세,상해없음,보행자,여,59세,사망
2012112200100337,2012년 11월 22일 16시,목요일,충청북도 음성군 원남면,경상사고,0,0,1,0,차대차 - 기타,중앙선침범,건조,맑음,단일로 - 기타,승용,남,54세,상해없음,화물,남,32세,경상
2012112200100373,2012년 11월 22일 17시,목요일,충청북도 청주시 흥덕구 신봉동,중상사고,0,1,0,0,차대차 - 측면직각충돌,신호위반,건조,맑음,교차로 - 교차로안,승용,여,34세,상해없음,이륜,남,51세,중상
2012112200100406,2012년 11월 22일 18시,목요일,충청북도 괴산군 괴산읍,경상사고,0,0,2,0,차대차 - 측면직각충돌,기타,건조,맑음,교차로 - 교차로안,화물,남,39세,경상,승용,남,50세,경상
2012112200100407,2012년 11월 22일 18시,목요일,충청북도 단양군 어상천면,경상사고,0,0,1,0,차대사람 - 차도통행중,안전운전불이행,건조,흐림,단일로 - 기타,화물,남,69세,상해없음,보행자,남,55세,경상
2012112200100451,2012년 11월 22일 19시,목요일,충청북도 청원군 북이면,경상사고,0,0,3,0,차대차 - 기타,안전운전불이행,건조,맑음,단일로 - 기타,화물,남,32세,상해없음,승용,남,33세,경상
2012112200100452,2012년 11월 22일 19시,목요일,충청북도 제천시 동현동,중상사고,0,1,0,0,차대차 - 추돌 - 주정차중,안전운전불이행,건조,맑음,단일로 - 기타,승용,남,33세,중상,화물,남,48세,상해없음
2012112200100453,2012년 11월 22일 19시,목요일,충청북도 청주시 흥덕구 가경동,경상사고,0,0,1,0,차대차 - 추돌 - 진행중,안전운전불이행,건조,맑음,교차로 - 교차로부근,화물,남,24세,상해없음,승용,여,52세,경상
2012112200100485,2012년 11월 22일 20시,목요일,충청북도 청주시 흥덕구 분평동,중상사고,0,1,0,0,차대차 - 측면직각충돌,신호위반,건조,맑음,교차로 - 교차로안,승용,여,38세,상해없음,승용,남,24세,중상
2012112200100522,2012년 11월 22일 21시,목요일,충청북도 제천시 의림동,경상사고,0,0,1,0,차대차 - 기타,기타,건조,맑음,교차로 - 교차로안,승용,남,26세,상해없음,화물,남,74세,상해없음
2012112200100523,2012년 11월 22일 21시,목요일,충청북도 청주시 흥덕구 비하동,중상사고,0,1,0,0,차대차 - 추돌 - 주정차중,안전운전불이행,건조,맑음,단일로 - 기타,승용,남,44세,상해없음,승용,남,39세,중상
2012112200100564,2012년 11월 22일 22시,목요일,충청북도 충주시 칠금동,중상사고,0,1,1,0,차대차 - 추돌 - 주정차중,안전운전불이행,건조,흐림,교차로 - 교차로안,승용,남,25세,상해없음,승용,남,44세,경상
2012112300100009,2012년 11월 23일 00시,금요일,충청북도 충주시 신니면,부상신고사고,0,0,0,1,차량단독 - 공작물충돌,안전운전불이행,건조,맑음,단일로 - 기타,승용,남,52세,상해없음,,,,
2012112300100028,2012년 11월 23일 01시,금요일,충청북도 청주시 상당구 내덕동,경상사고,0,0,3,0,차대차 - 기타,안전운전불이행,건조,맑음,교차로 - 교차로부근,승용,남,39세,상해없음,화물,남,25세,경상
2012112300100046,2012년 11월 23일 02시,금요일,충청북도 청주시 흥덕구 수곡동,경상사고,0,0,1,0,차대차 - 추돌 - 주정차중,중앙선침범,건조,맑음,교차로 - 교차로안,승용,남,32세,상해없음,승용,남,38세,경상
2012112300100066,2012년 11월 23일 04시,금요일,충청북도 청주시 흥덕구 복대동,경상사고,0,0,1,0,차대차 - 추돌 - 주정차중,안전운전불이행,건조,맑음,교차로 - 교차로부근,승용,남,21세,상해없음,승용,남,35세,경상
2012112300100097,2012년 11월 23일 06시,금요일,충청북도 청원군 내수읍,중상사고,0,2,0,0,차대차 - 측면직각충돌,신호위반,건조,맑음,교차로 - 교차로안,승용,남,46세,상해없음,승용,남,57세,중상
2012112300100098,2012년 11월 23일 06시,금요일,충청북도 충주시 가금면,경상사고,0,0,2,1,차대차 - 추돌 - 진행중,안전거리미확보,건조,맑음,단일로 - 기타,승용,여,51세,부상신고,승용,여,37세,경상
2012112300100128,2012년 11월 23일 07시,금요일,충청북도 청주시 흥덕구 송정동,경상사고,0,0,1,0,차대차 - 기타,교차로운행방법위반,건조,맑음,교차로 - 교차로안,승용,여,47세,상해없음,자전거,남,54세,경상
2012112300100164,2012년 11월 23일 08시,금요일,충청북도 음성군 음성읍,경상사고,0,0,1,0,차대차 - 기타,안전운전불이행,건조,맑음,단일로 - 기타,화물,남,41세,상해없음,승용,남,68세,상해없음
2012112300100165,2012년 11월 23일 08시,금요일,충청북도 옥천군 옥천읍,중상사고,0,1,0,0,차대사람 - 보도통행중,안전운전불이행,건조,맑음,단일로 - 기타,승용,남,54세,상해없음,보행자,여,12세,중상
2012112300100191,2012년 11월 23일 09시,금요일,충청북도 옥천군 청산면,중상사고,0,1,4,0,차대차 - 측면직각충돌,교차로운행방법위반,건조,맑음,교차로 - 교차로안,승합,남,43세,경상,화물,남,68세,경상
2012112300100266,2012년 11월 23일 12시,금요일,충청북도 청주시 흥덕구 가경동,경상사고,0,0,1,0,차대차 - 측면직각충돌,안전운전불이행,건조,맑음,단일로 - 기타,원동기,남,30세,경상,화물,남,46세,상해없음
2012112300100290,2012년 11월 23일 13시,금요일,충청북도 제천시 영천동,경상사고,0,0,1,0,차대사람 - 기타,안전운전불이행,건조,흐림,단일로 - 기타,기타불명,기타불명,기타불명,기타불명,보행자,남,8세,경상
2012112300100387,2012년 11월 23일 16시,금요일,충청북도 청원군 오송읍,경상사고,0,0,3,0,차대차 - 추돌 - 주정차중,안전운전불이행,건조,맑음,단일로 - 기타,승합,남,27세,상해없음,승용,남,39세,경상
2012112300100418,2012년 11월 23일 17시,금요일,충청북도 음성군 금왕읍,경상사고,0,0,1,0,차대차 - 기타,안전거리미확보,건조,흐림,단일로 - 기타,승용,남,64세,상해없음,승용,여,45세,경상
2012112300100476,2012년 11월 23일 18시,금요일,충청북도 괴산군 괴산읍,경상사고,0,0,1,0,차대차 - 추돌 - 진행중,안전거리미확보,습기,비,단일로 - 교량,승합,남,61세,상해없음,승용,남,52세,상해없음
2012112300100477,2012년 11월 23일 18시,금요일,충청북도 청주시 흥덕구 사창동,경상사고,0,0,1,0,차대사람 - 횡단중,안전운전불이행,건조,맑음,교차로 - 교차로안,승용,남,57세,상해없음,보행자,여,75세,경상
2012112300100478,2012년 11월 23일 18시,금요일,충청북도 청주시 흥덕구 봉명동,중상사고,0,2,2,0,차대차 - 측면직각충돌,안전운전불이행,건조,맑음,교차로 - 교차로부근,이륜,남,20세,중상,승용,여,27세,경상
2012112300100479,2012년 11월 23일 18시,금요일,충청북도 청주시 흥덕구 산남동,중상사고,0,1,5,0,차대차 - 추돌 - 주정차중,안전운전불이행,건조,맑음,단일로 - 기타,승용,남,43세,상해없음,승용,여,40세,경상
2012112300100532,2012년 11월 23일 19시,금요일,충청북도 청주시 흥덕구 상신동,사망사고,1,0,0,0,차대차 - 기타,기타,건조,맑음,단일로 - 기타,승용,남,56세,상해없음,화물,남,32세,상해없음
2012112300100572,2012년 11월 23일 20시,금요일,충청북도 영동군 양강면,경상사고,0,0,2,0,차대차 - 추돌 - 진행중,안전운전불이행,건조,맑음,기타 - 기타,화물,남,42세,상해없음,화물,남,60세,경상
2012112300100616,2012년 11월 23일 21시,금요일,충청북도 청주시 상당구 내덕동,경상사고,0,0,2,0,차대차 - 기타,안전운전불이행,건조,맑음,교차로 - 교차로부근,승용,남,53세,경상,승용,남,47세,경상
2012112300100617,2012년 11월 23일 21시,금요일,충청북도 제천시 장락동,경상사고,0,0,6,0,차대차 - 기타,중앙선침범,건조,맑음,단일로 - 기타,승용,남,52세,상해없음,승용,여,30세,경상
2012112300100618,2012년 11월 23일 21시,금요일,충청북도 청주시 흥덕구 송정동,경상사고,0,0,1,0,차대사람 - 기타,안전운전불이행,건조,맑음,단일로 - 기타,기타불명,기타불명,기타불명,기타불명,보행자,남,25세,경상
2012112300100619,2012년 11월 23일 21시,금요일,충청북도 청주시 상당구 용암동,중상사고,0,1,0,0,차대사람 - 횡단중,보행자보호의무위반,건조,맑음,단일로 - 횡단보도상,화물,남,50세,상해없음,보행자,남,9세,중상
2012112300100661,2012년 11월 23일 22시,금요일,충청북도 충주시 단월동,경상사고,0,0,1,0,차대사람 - 길가장자리구역통행중,안전운전불이행,건조,맑음,단일로 - 기타,기타불명,기타불명,기타불명,기타불명,보행자,여,63세,경상
2012112300100695,2012년 11월 23일 23시,금요일,충청북도 제천시 봉양읍,중상사고,0,1,0,0,차대차 - 기타,안전운전불이행,건조,맑음,단일로 - 기타,승용,남,29세,상해없음,화물,남,40세,중상
2012112300100696,2012년 11월 23일 23시,금요일,충청북도 증평군 증평읍,경상사고,0,0,3,0,차대차 - 추돌 - 주정차중,안전운전불이행,건조,맑음,교차로 - 교차로부근,화물,여,52세,상해없음,승용,남,43세,경상
2012112400100041,2012년 11월 24일 01시,토요일,충청북도 제천시 화산동,중상사고,0,1,2,0,차대차 - 기타,안전운전불이행,건조,맑음,교차로 - 교차로부근,승용,남,25세,상해없음,승용,남,47세,경상
2012112400100042,2012년 11월 24일 01시,토요일,충청북도 옥천군 옥천읍,경상사고,0,0,1,0,차대사람 - 기타,안전운전불이행,건조,맑음,교차로 - 교차로부근,승용,남,32세,상해없음,보행자,남,24세,경상
2012112400100070,2012년 11월 24일 02시,토요일,충청북도 청주시 흥덕구 복대동,경상사고,0,0,2,0,차대차 - 측면직각충돌,안전거리미확보,건조,맑음,단일로 - 기타,승용,남,38세,상해없음,승용,남,58세,경상
2012112400100071,2012년 11월 24일 02시,토요일,충청북도 청주시 흥덕구 분평동,경상사고,0,0,7,0,차대차 - 추돌 - 주정차중,안전운전불이행,건조,맑음,교차로 - 교차로부근,승용,남,59세,상해없음,승용,남,38세,경상
2012112400100102,2012년 11월 24일 04시,토요일,충청북도 제천시 화산동,경상사고,0,0,1,0,차량단독 - 전도전복,안전운전불이행,건조,맑음,단일로 - 기타,승용,여,47세,상해없음,,,,
2012112400100130,2012년 11월 24일 06시,토요일,충청북도 제천시 동현동,경상사고,0,0,1,0,차대사람 - 횡단중,보행자보호의무위반,건조,맑음,교차로 - 교차로부근,승용,남,43세,상해없음,보행자,여,56세,경상
2012112400100131,2012년 11월 24일 06시,토요일,충청북도 옥천군 동이면,경상사고,0,0,1,0,차대사람 - 기타,안전운전불이행,건조,맑음,단일로 - 기타,승합,남,54세,상해없음,보행자,남,15세,경상
2012112400100147,2012년 11월 24일 07시,토요일,충청북도 청주시 흥덕구 가경동,경상사고,0,0,1,0,차대차 - 측면직각충돌,신호위반,건조,맑음,교차로 - 교차로안,승용,남,30세,상해없음,승용,남,62세,경상
2012112400100169,2012년 11월 24일 08시,토요일,충청북도 청주시 흥덕구 복대동,경상사고,0,0,1,0,차대사람 - 횡단중,보행자보호의무위반,건조,맑음,단일로 - 횡단보도상,승용,남,59세,상해없음,보행자,여,33세,경상
2012112400100260,2012년 11월 24일 11시,토요일,충청북도 제천시 덕산면,사망사고,1,0,0,0,차대사람 - 길가장자리구역통행중,안전운전불이행,건조,맑음,단일로 - 기타,기타불명,기타불명,기타불명,기타불명,보행자,여,82세,사망
2012112400100283,2012년 11월 24일 12시,토요일,충청북도 청원군 오창읍,경상사고,0,0,2,0,차대차 - 측면직각충돌,안전운전불이행,건조,맑음,교차로 - 교차로안,승합,남,63세,경상,화물,남,51세,경상
2012112400100284,2012년 11월 24일 12시,토요일,충청북도 청원군 낭성면,경상사고,0,0,2,0,차대차 - 측면직각충돌,중앙선침범,건조,맑음,단일로 - 기타,화물,남,50세,상해없음,승용,남,35세,경상
2012112400100320,2012년 11월 24일 13시,토요일,충청북도 충주시 대소원면,경상사고,0,0,4,0,차대차 - 측면직각충돌,안전운전불이행,건조,맑음,단일로 - 기타,승용,남,44세,상해없음,승용,남,50세,경상
2012112400100346,2012년 11월 24일 14시,토요일,충청북도 청원군 남일면,경상사고,0,0,1,0,차대사람 - 기타,불법유턴,건조,맑음,단일로 - 기타,승용,남,49세,상해없음,보행자,여,31세,경상
2012112400100347,2012년 11월 24일 14시,토요일,충청북도 청주시 흥덕구 분평동,경상사고,0,0,1,0,차대차 - 측면직각충돌,안전운전불이행,건조,맑음,교차로 - 교차로부근,승용,여,34세,상해없음,승용,여,48세,경상
2012112400100451,2012년 11월 24일 17시,토요일,충청북도 제천시 두학동,경상사고,0,0,2,0,차대차 - 기타,중앙선침범,건조,맑음,단일로 - 기타,승용,남,47세,상해없음,승용,남,27세,경상
2012112400100488,2012년 11월 24일 18시,토요일,충청북도 청주시 상당구 외평동,경상사고,0,0,10,0,차대차 - 추돌 - 주정차중,안전운전불이행,건조,맑음,단일로 - 기타,승용,남,21세,상해없음,승용,남,30세,경상
2012112400100489,2012년 11월 24일 18시,토요일,충청북도 청원군 내수읍,경상사고,0,0,1,0,차량단독 - 도로외이탈 - 기타,안전운전불이행,건조,맑음,단일로 - 기타,승용,남,30세,경상,,,,
2012112400100490,2012년 11월 24일 18시,토요일,충청북도 청주시 흥덕구 모충동,중상사고,0,1,2,0,차대차 - 측면직각충돌,안전운전불이행,건조,맑음,교차로 - 교차로안,이륜,남,71세,중상,승용,남,23세,경상
2012112400100529,2012년 11월 24일 19시,토요일,충청북도 청주시 상당구 우암동,경상사고,0,0,1,0,차대사람 - 횡단중,안전운전불이행,건조,맑음,단일로 - 기타,승합,남,60세,상해없음,보행자,남,19세,경상
2012112400100530,2012년 11월 24일 19시,토요일,충청북도 청주시 상당구 수동,경상사고,0,0,2,0,차대차 - 추돌 - 주정차중,안전운전불이행,건조,맑음,단일로 - 기타,화물,남,63세,상해없음,승용,남,24세,경상
2012112400100531,2012년 11월 24일 19시,토요일,충청북도 제천시 대랑동,중상사고,0,1,0,0,차대차 - 기타,안전거리미확보,건조,맑음,단일로 - 기타,화물,남,38세,상해없음,승용,남,27세,중상
2012112400100532,2012년 11월 24일 19시,토요일,충청북도 청주시 흥덕구 성화동,중상사고,0,1,0,0,차대차 - 측면직각충돌,안전운전불이행,건조,맑음,단일로 - 기타,승용,남,35세,상해없음,이륜,남,17세,중상
2012112400100559,2012년 11월 24일 20시,토요일,충청북도 증평군 증평읍,경상사고,0,0,1,0,차대차 - 측면직각충돌,기타,건조,맑음,교차로 - 교차로안,원동기,남,16세,경상,승합,남,42세,상해없음
2012112400100596,2012년 11월 24일 21시,토요일,충청북도 충주시 교현동,경상사고,0,0,3,0,차대차 - 측면직각충돌,안전운전불이행,건조,맑음,단일로 - 기타,승용,남,51세,상해없음,승용,남,53세,상해없음
2012112400100636,2012년 11월 24일 22시,토요일,충청북도 제천시 중앙로2가,경상사고,0,0,1,0,차대사람 - 횡단중,안전운전불이행,건조,맑음,단일로 - 기타,승용,여,41세,상해없음,보행자,남,16세,경상
2012112400100662,2012년 11월 24일 23시,토요일,충청북도 청주시 상당구 북문로1가동,경상사고,0,0,1,0,차대차 - 추돌 - 주정차중,안전운전불이행,건조,맑음,교차로 - 교차로안,승용,남,27세,상해없음,승용,남,26세,경상
2012112400100663,2012년 11월 24일 23시,토요일,충청북도 제천시 교동,경상사고,0,0,1,0,차대차 - 측면직각충돌,직진우회전진행방해,건조,맑음,교차로 - 교차로안,승용,남,50세,상해없음,승용,남,36세,상해없음
2012112500100039,2012년 11월 25일 01시,일요일,충청북도 청주시 흥덕구 사창동,부상신고사고,0,0,0,1,차대사람 - 기타,안전운전불이행,건조,맑음,단일로 - 기타,승용,남,40세,상해없음,보행자,남,27세,부상신고
2012112500100095,2012년 11월 25일 05시,일요일,충청북도 충주시 달천동,경상사고,0,0,1,0,차대차 - 측면직각충돌,안전운전불이행,건조,맑음,교차로 - 교차로안,승용,여,26세,상해없음,승용,여,26세,경상
2012112500100096,2012년 11월 25일 05시,일요일,충청북도 청주시 흥덕구 사창동,중상사고,0,1,2,0,차대차 - 추돌 - 진행중,신호위반,건조,맑음,교차로 - 교차로안,화물,남,28세,상해없음,화물,남,55세,경상
2012112500100127,2012년 11월 25일 08시,일요일,충청북도 청주시 흥덕구 향정동,경상사고,0,0,1,0,차대차 - 측면직각충돌,안전운전불이행,건조,맑음,교차로 - 교차로안,승용,남,65세,상해없음,승용,남,55세,경상
2012112500100128,2012년 11월 25일 08시,일요일,충청북도 청주시 흥덕구 모충동,경상사고,0,0,1,0,차대사람 - 기타,안전운전불이행,건조,맑음,기타 - 기타,승용,남,40세,상해없음,보행자,남,53세,경상
2012112500100185,2012년 11월 25일 11시,일요일,충청북도 청주시 상당구 용담동,경상사고,0,0,2,0,차대차 - 측면직각충돌,안전거리미확보,건조,맑음,단일로 - 기타,승합,남,48세,상해없음,승용,남,27세,경상
2012112500100234,2012년 11월 25일 13시,일요일,충청북도 음성군 금왕읍,중상사고,0,1,1,0,차대사람 - 기타,안전운전불이행,건조,맑음,교차로 - 교차로안,화물,남,46세,상해없음,보행자,여,34세,중상
2012112500100235,2012년 11월 25일 13시,일요일,충청북도 청주시 흥덕구 장암동,경상사고,0,0,4,0,차대차 - 측면직각충돌,안전거리미확보,건조,맑음,교차로 - 교차로부근,화물,남,71세,경상,승용,남,41세,경상
2012112500100239,2012년 11월 25일 13시,일요일,충청북도 청원군 남이면,중상사고,0,2,0,0,차대차 - 추돌 - 진행중,안전운전불이행,건조,맑음,단일로 - 기타,승용,남,27세,중상,승용,남,30세,기타불명
2012112500100255,2012년 11월 25일 14시,일요일,충청북도 충주시 교현동,경상사고,0,0,1,0,차대사람 - 기타,안전운전불이행,건조,맑음,단일로 - 기타,승용,남,52세,상해없음,보행자,남,42세,경상
2012112500100318,2012년 11월 25일 16시,일요일,충청북도 진천군 진천읍,경상사고,0,0,1,0,차대차 - 추돌 - 주정차중,안전운전불이행,건조,흐림,기타 - 기타,화물,남,54세,상해없음,승용,남,26세,경상
2012112500100319,2012년 11월 25일 16시,일요일,충청북도 진천군 진천읍,중상사고,0,1,0,0,차대차 - 추돌 - 진행중,안전운전불이행,건조,맑음,교차로 - 교차로부근,승용,남,47세,상해없음,승용,여,47세,중상
2012112500100344,2012년 11월 25일 17시,일요일,충청북도 청주시 흥덕구 남촌동,중상사고,0,2,3,0,차대차 - 추돌 - 진행중,안전운전불이행,건조,맑음,교차로 - 교차로부근,승용,남,29세,중상,승용,남,39세,경상
2012112500100373,2012년 11월 25일 18시,일요일,충청북도 청원군 북이면,중상사고,0,1,0,0,차대사람 - 기타,안전운전불이행,건조,맑음,교차로 - 교차로부근,화물,남,49세,상해없음,보행자,남,57세,중상
2012112500100376,2012년 11월 25일 18시,일요일,충청북도 청원군 옥산면,중상사고,0,3,1,0,차대차 - 기타,안전운전불이행,건조,맑음,단일로 - 기타,승용,남,26세,경상,승용,남,31세,기타불명
2012112500100404,2012년 11월 25일 19시,일요일,충청북도 충주시 문화동,경상사고,0,0,1,0,차대차 - 측면직각충돌,안전운전불이행,건조,맑음,단일로 - 기타,승용,여,57세,상해없음,승합,남,41세,상해없음
2012112500100405,2012년 11월 25일 19시,일요일,충청북도 청주시 흥덕구 봉명동,경상사고,0,0,2,0,차대차 - 측면직각충돌,안전운전불이행,건조,맑음,단일로 - 기타,승용,남,51세,상해없음,승용,남,36세,경상
2012112500100440,2012년 11월 25일 20시,일요일,충청북도 제천시 장락동,중상사고,0,2,1,0,차대차 - 기타,안전거리미확보,건조,흐림,단일로 - 횡단보도부근,승용,여,34세,상해없음,승용,남,39세,상해없음
2012112500100441,2012년 11월 25일 20시,일요일,충청북도 영동군 학산면,중상사고,0,1,0,0,차대사람 - 기타,안전운전불이행,습기,비,단일로 - 기타,승용,여,46세,상해없음,보행자,남,61세,중상
2012112500100442,2012년 11월 25일 20시,일요일,충청북도 청주시 흥덕구 사창동,경상사고,0,0,2,0,차대차 - 측면직각충돌,안전거리미확보,건조,맑음,단일로 - 기타,승용,남,52세,상해없음,승용,남,40세,경상
2012112500100487,2012년 11월 25일 21시,일요일,충청북도 충주시 연수동,중상사고,0,1,0,0,차대사람 - 기타,안전운전불이행,습기,비,단일로 - 기타,승용,남,40세,상해없음,보행자,여,76세,중상
2012112500100488,2012년 11월 25일 21시,일요일,충청북도 보은군 보은읍,사망사고,1,0,0,0,차대사람 - 차도통행중,안전운전불이행,습기,흐림,단일로 - 기타,승용,남,46세,상해없음,보행자,남,30세,사망