사고번호,사고일시,요일,시군구,사고내용,사망자수,중상자수,경상자수,부상신고자수,사고유형,법규위반,노면상태,기상상태,도로형태,가해운전자 차종,가해운전자 성별,가해운전자 연령,가해운전자 상해정도,피해운전자 차종,피해운전자 성별,피해운전자 연령,피해운전자 상해정도
2012121100100590,2012년 12월 11일 23시,화요일,충청북도 청주시 흥덕구 사창동,경상사고,0,0,2,0,차대사람 - 기타,안전운전불이행,결빙,맑음,단일로 - 기타,승용,남,35세,상해없음,보행자,남,18세,경상
2012121200100019,2012년 12월 12일 00시,수요일,충청북도 청원군 남이면,중상사고,0,1,0,0,차대차 - 추돌 - 진행중,안전거리미확보,건조,맑음,단일로 - 기타,승용,남,47세,상해없음,승용,여,30세,중상
2012121200100049,2012년 12월 12일 02시,수요일,충청북도 제천시 화산동,경상사고,0,0,2,0,차대차 - 측면직각충돌,직진우회전진행방해,적설,맑음,교차로 - 교차로안,승용,남,32세,상해없음,승용,남,56세,경상
2012121200100078,2012년 12월 12일 05시,수요일,충청북도 청원군 옥산면,경상사고,0,0,1,0,차대차 - 측면직각충돌,안전운전불이행,건조,맑음,단일로 - 기타,화물,남,41세,상해없음,승용,남,42세,경상
2012121200100090,2012년 12월 12일 06시,수요일,충청북도 음성군 대소면,경상사고,0,0,1,0,차대차 - 추돌 - 주정차중,안전운전불이행,습기,안개,기타 - 기타,승용,남,28세,상해없음,승용,남,24세,경상
2012121200100109,2012년 12월 12일 07시,수요일,충청북도 청주시 흥덕구 장암동,경상사고,0,0,2,0,차대차 - 측면직각충돌,안전운전불이행,건조,맑음,단일로 - 기타,화물,남,45세,기타불명,승용,남,44세,경상
2012121200100146,2012년 12월 12일 08시,수요일,충청북도 청주시 상당구 사천동,경상사고,0,0,1,0,차대사람 - 횡단중,신호위반,습기,맑음,교차로 - 교차로안,승용,남,30세,상해없음,보행자,남,8세,경상
2012121200100147,2012년 12월 12일 08시,수요일,충청북도 충주시 목행동,경상사고,0,0,1,0,차대사람 - 횡단중,신호위반,결빙,흐림,교차로 - 교차로부근,승용,여,22세,상해없음,보행자,남,9세,경상
2012121200100148,2012년 12월 12일 08시,수요일,충청북도 음성군 대소면,중상사고,0,1,0,0,차대차 - 기타,안전운전불이행,건조,흐림,교차로 - 교차로부근,승용,남,46세,상해없음,승용,여,33세,중상
2012121200100149,2012년 12월 12일 08시,수요일,충청북도 옥천군 옥천읍,경상사고,0,0,7,0,차대차 - 측면직각충돌,교차로운행방법위반,적설,맑음,교차로 - 교차로안,승용,여,34세,상해없음,승용,여,39세,경상
2012121200100150,2012년 12월 12일 08시,수요일,충청북도 진천군 진천읍,경상사고,0,0,1,0,차대차 - 측면직각충돌,신호위반,건조,맑음,교차로 - 교차로안,화물,남,58세,상해없음,승용,남,32세,경상
2012121200100151,2012년 12월 12일 08시,수요일,충청북도 청원군 남일면,중상사고,0,3,1,0,차대차 - 측면직각충돌,교차로운행방법위반,습기,맑음,교차로 - 교차로안,승용,여,49세,중상,승용,남,47세,중상
2012121200100186,2012년 12월 12일 09시,수요일,충청북도 청원군 내수읍,경상사고,0,0,3,0,차대차 - 기타,안전운전불이행,결빙,흐림,교차로 - 교차로부근,화물,여,63세,상해없음,승용,남,23세,경상
2012121200100187,2012년 12월 12일 09시,수요일,충청북도 청주시 흥덕구 송정동,중상사고,0,2,3,0,차대차 - 측면직각충돌,안전운전불이행,건조,맑음,교차로 - 교차로안,승용,남,31세,중상,승용,남,67세,경상
2012121200100223,2012년 12월 12일 11시,수요일,충청북도 영동군 추풍령면,중상사고,0,1,0,0,차대차 - 정면충돌,중앙선침범,기타,맑음,기타 - 기타,화물,남,47세,상해없음,승용,여,44세,중상
2012121200100224,2012년 12월 12일 11시,수요일,충청북도 진천군 진천읍,경상사고,0,0,1,0,차대차 - 기타,안전운전불이행,습기,맑음,단일로 - 기타,승용,남,76세,상해없음,화물,남,49세,경상
2012121200100239,2012년 12월 12일 12시,수요일,충청북도 괴산군 청안면,경상사고,0,0,1,0,차대차 - 측면직각충돌,안전운전불이행,결빙,맑음,단일로 - 기타,승용,여,56세,경상,승합,남,39세,상해없음
2012121200100240,2012년 12월 12일 12시,수요일,충청북도 청주시 흥덕구 복대동,경상사고,0,0,1,0,차대차 - 추돌 - 주정차중,안전운전불이행,건조,맑음,단일로 - 기타,승용,남,57세,상해없음,승용,남,28세,경상
2012121200100263,2012년 12월 12일 13시,수요일,충청북도 보은군 내북면,중상사고,0,2,1,0,차대차 - 정면충돌,중앙선침범,적설,맑음,단일로 - 기타,승용,남,36세,중상,화물,여,56세,중상
2012121200100264,2012년 12월 12일 13시,수요일,충청북도 진천군 광혜원면,중상사고,0,2,4,0,차대차 - 기타,중앙선침범,적설,맑음,단일로 - 기타,특수,남,26세,상해없음,승용,남,32세,경상
2012121200100317,2012년 12월 12일 15시,수요일,충청북도 청주시 흥덕구 수곡동,경상사고,0,0,1,0,차대차 - 기타,안전운전불이행,건조,맑음,단일로 - 기타,승용,남,62세,상해없음,승용,남,34세,경상
2012121200100350,2012년 12월 12일 16시,수요일,충청북도 충주시 봉방동,중상사고,0,1,3,0,차대차 - 추돌 - 진행중,안전거리미확보,결빙,맑음,교차로 - 교차로부근,특수,남,33세,상해없음,화물,남,64세,경상
2012121200100351,2012년 12월 12일 16시,수요일,충청북도 충주시 용산동,중상사고,0,1,0,0,차대사람 - 기타,안전운전불이행,습기,맑음,단일로 - 기타,승용,여,25세,상해없음,보행자,여,67세,중상
2012121200100352,2012년 12월 12일 16시,수요일,충청북도 괴산군 괴산읍,경상사고,0,0,2,0,차대차 - 추돌 - 주정차중,안전거리미확보,기타,기타,교차로 - 교차로부근,승용,남,45세,상해없음,승용,남,27세,경상
2012121200100353,2012년 12월 12일 16시,수요일,충청북도 음성군 음성읍,경상사고,0,0,1,0,차대차 - 기타,교차로운행방법위반,건조,맑음,교차로 - 교차로안,승용,남,63세,상해없음,승용,남,38세,경상
2012121200100392,2012년 12월 12일 17시,수요일,충청북도 청주시 상당구 내덕동,중상사고,0,1,0,0,차대사람 - 횡단중,안전운전불이행,건조,맑음,단일로 - 기타,승합,남,72세,상해없음,보행자,여,73세,중상
2012121200100393,2012년 12월 12일 17시,수요일,충청북도 음성군 대소면,경상사고,0,0,1,0,차대차 - 기타,안전운전불이행,적설,맑음,단일로 - 기타,화물,남,29세,상해없음,화물,남,50세,경상
2012121200100394,2012년 12월 12일 17시,수요일,충청북도 청원군 미원면,중상사고,0,1,0,0,차대사람 - 기타,안전운전불이행,건조,맑음,교차로 - 교차로안,승용,여,38세,상해없음,보행자,남,45세,중상
2012121200100495,2012년 12월 12일 20시,수요일,충청북도 단양군 매포읍,경상사고,0,0,1,0,차대차 - 측면직각충돌,불법유턴,적설,맑음,단일로 - 기타,승용,여,50세,상해없음,화물,남,35세,경상
2012121200100527,2012년 12월 12일 21시,수요일,충청북도 청주시 흥덕구 복대동,경상사고,0,0,1,0,차대차 - 추돌 - 진행중,안전거리미확보,건조,흐림,단일로 - 기타,승용,남,23세,상해없음,승용,남,31세,경상
2012121200100562,2012년 12월 12일 22시,수요일,충청북도 충주시 연수동,중상사고,0,1,0,0,차대차 - 측면직각충돌,중앙선침범,건조,맑음,교차로 - 교차로부근,승용,여,48세,상해없음,원동기,남,19세,중상
2012121200100563,2012년 12월 12일 22시,수요일,충청북도 청주시 흥덕구 복대동,부상신고사고,0,0,0,1,차대차 - 추돌 - 주정차중,안전운전불이행,건조,맑음,교차로 - 교차로부근,이륜,남,16세,부상신고,승용,남,35세,상해없음
2012121200100564,2012년 12월 12일 22시,수요일,충청북도 청주시 흥덕구 가경동,경상사고,0,0,3,0,차대차 - 측면직각충돌,교차로운행방법위반,건조,맑음,교차로 - 교차로안,승용,여,51세,경상,승용,남,35세,경상
2012121300100011,2012년 12월 13일 00시,목요일,충청북도 청주시 상당구 율량동,경상사고,0,0,1,0,차대차 - 기타,안전운전불이행,건조,맑음,단일로 - 기타,승용,남,31세,상해없음,승용,남,46세,경상
2012121300100069,2012년 12월 13일 04시,목요일,충청북도 청주시 흥덕구 봉명동,경상사고,0,0,2,0,차대차 - 측면직각충돌,교차로운행방법위반,결빙,맑음,교차로 - 교차로안,승용,남,28세,상해없음,승용,남,66세,경상
2012121300100075,2012년 12월 13일 05시,목요일,충청북도 충주시 봉방동,경상사고,0,0,1,0,차대차 - 측면직각충돌,안전운전불이행,건조,맑음,교차로 - 교차로안,승용,기타불명,기타불명,기타불명,승용,남,33세,경상
2012121300100076,2012년 12월 13일 05시,목요일,충청북도 충주시 노은면,중상사고,0,1,0,0,차대차 - 추돌 - 진행중,안전운전불이행,적설,맑음,단일로 - 기타,승합,여,44세,중상,화물,남,39세,상해없음
2012121300100077,2012년 12월 13일 05시,목요일,충청북도 청원군 남이면,경상사고,0,0,1,0,차대차 - 측면직각충돌,안전운전불이행,결빙,기타,기타 - 기타,화물,남,72세,경상,화물,남,46세,상해없음
2012121300100127,2012년 12월 13일 07시,목요일,충청북도 제천시 서부동,중상사고,0,1,2,0,차대차 - 측면직각충돌,신호위반,기타,맑음,교차로 - 교차로안,승용,남,46세,상해없음,승용,남,47세,중상
2012121300100128,2012년 12월 13일 07시,목요일,충청북도 음성군 대소면,중상사고,0,1,0,0,차대차 - 기타,신호위반,습기,눈,교차로 - 교차로안,화물,남,52세,상해없음,화물,남,46세,중상
2012121300100161,2012년 12월 13일 08시,목요일,충청북도 충주시 연수동,중상사고,0,1,2,0,차대차 - 추돌 - 진행중,중앙선침범,결빙,맑음,교차로 - 교차로부근,승용,남,63세,상해없음,승용,남,54세,경상
2012121300100162,2012년 12월 13일 08시,목요일,충청북도 청주시 흥덕구 강서동,중상사고,0,1,0,0,차대차 - 기타,안전운전불이행,결빙,흐림,단일로 - 기타,화물,남,28세,상해없음,승용,남,24세,중상
2012121300100163,2012년 12월 13일 08시,목요일,충청북도 청주시 흥덕구 수곡동,중상사고,0,1,0,0,차대사람 - 기타,보행자보호의무위반,건조,흐림,단일로 - 횡단보도상,승합,남,49세,상해없음,보행자,여,57세,중상
2012121300100164,2012년 12월 13일 08시,목요일,충청북도 청주시 흥덕구 장성동,경상사고,0,0,2,0,차대차 - 정면충돌,안전운전불이행,결빙,맑음,단일로 - 기타,화물,남,46세,경상,화물,남,36세,경상
2012121300100190,2012년 12월 13일 09시,목요일,충청북도 제천시 의림동,중상사고,0,1,1,0,차대차 - 추돌 - 진행중,안전운전불이행,결빙,맑음,교차로 - 교차로부근,승용,남,46세,상해없음,승용,남,32세,중상
2012121300100214,2012년 12월 13일 10시,목요일,충청북도 음성군 감곡면,사망사고,1,0,0,0,차대사람 - 횡단중,안전운전불이행,건조,맑음,교차로 - 교차로안,승합,남,62세,상해없음,보행자,여,89세,사망
2012121300100256,2012년 12월 13일 12시,목요일,충청북도 충주시 연수동,경상사고,0,0,1,0,차대차 - 추돌 - 진행중,안전거리미확보,결빙,맑음,단일로 - 기타,승용,남,52세,상해없음,화물,남,41세,경상
2012121300100305,2012년 12월 13일 14시,목요일,충청북도 청주시 흥덕구 산남동,경상사고,0,0,2,0,차대차 - 측면직각충돌,안전거리미확보,건조,맑음,교차로 - 교차로부근,승용,여,34세,경상,승용,여,26세,경상
2012121300100333,2012년 12월 13일 15시,목요일,충청북도 보은군 회인면,중상사고,0,1,0,0,차대사람 - 기타,안전운전불이행,결빙,눈,교차로 - 교차로부근,승합,기타불명,기타불명,기타불명,보행자,여,48세,중상
2012121300100334,2012년 12월 13일 15시,목요일,충청북도 진천군 초평면,경상사고,0,0,1,0,차대차 - 측면직각충돌,교차로운행방법위반,건조,맑음,교차로 - 교차로안,승합,남,25세,상해없음,승합,남,52세,경상
2012121300100367,2012년 12월 13일 16시,목요일,충청북도 청주시 상당구 운동동,중상사고,0,2,0,0,차대차 - 추돌 - 주정차중,안전운전불이행,건조,흐림,교차로 - 교차로부근,승용,남,45세,중상,승용,여,36세,중상
2012121300100429,2012년 12월 13일 18시,목요일,충청북도 청주시 상당구 운동동,경상사고,0,0,5,0,차대차 - 측면직각충돌,안전운전불이행,건조,맑음,단일로 - 기타,승용,여,52세,경상,승용,여,42세,경상
2012121300100502,2012년 12월 13일 20시,목요일,충청북도 제천시 청전동,중상사고,0,2,0,0,차대사람 - 기타,안전운전불이행,결빙,흐림,교차로 - 교차로안,화물,남,36세,기타불명,보행자,남,49세,중상
2012121300100535,2012년 12월 13일 21시,목요일,충청북도 충주시 연수동,경상사고,0,0,1,0,차대사람 - 기타,안전운전불이행,적설,맑음,교차로 - 교차로안,기타불명,기타불명,기타불명,기타불명,보행자,남,15세,경상
2012121300100536,2012년 12월 13일 21시,목요일,충청북도 제천시 하소동,경상사고,0,0,1,0,차대사람 - 기타,안전운전불이행,결빙,흐림,기타 - 기타,기타불명,기타불명,기타불명,기타불명,보행자,여,16세,경상
2012121300100537,2012년 12월 13일 21시,목요일,충청북도 청원군 현도면,중상사고,0,1,0,0,차량단독 - 공작물충돌,안전운전불이행,습기,흐림,단일로 - 기타,화물,여,52세,중상,,,,
2012121300100538,2012년 12월 13일 21시,목요일,충청북도 청원군 남이면,중상사고,0,1,0,0,차대사람 - 기타,안전운전불이행,건조,맑음,단일로 - 기타,승용,남,33세,상해없음,보행자,여,31세,중상
2012121300100573,2012년 12월 13일 22시,목요일,충청북도 청주시 흥덕구 봉명동,사망사고,1,0,0,0,차대사람 - 횡단중,안전운전불이행,결빙,흐림,교차로 - 교차로부근,화물,남,33세,상해없음,보행자,남,61세,사망
2012121300100574,2012년 12월 13일 22시,목요일,충청북도 청원군 남이면,경상사고,0,0,2,0,차대차 - 측면직각충돌,안전운전불이행,결빙,맑음,단일로 - 기타,승용,여,36세,상해없음,승합,남,29세,경상
2012121300100613,2012년 12월 13일 23시,목요일,충청북도 청주시 상당구 내덕동,중상사고,0,1,0,0,차대차 - 추돌 - 주정차중,안전운전불이행,건조,맑음,교차로 - 교차로부근,승용,남,23세,상해없음,승용,남,29세,중상
2012121300100614,2012년 12월 13일 23시,목요일,충청북도 청주시 상당구 내덕동,경상사고,0,0,1,0,차대차 - 추돌 - 주정차중,안전운전불이행,결빙,흐림,단일로 - 기타,승용,남,30세,상해없음,기타불명,미분류,기타불명,기타불명
2012121400100021,2012년 12월 14일 00시,금요일,충청북도 청주시 흥덕구 봉명동,경상사고,0,0,2,0,차대차 - 정면충돌,안전운전불이행,건조,맑음,교차로 - 교차로부근,승용,남,30세,상해없음,승용,남,26세,경상
2012121400100065,2012년 12월 14일 02시,금요일,충청북도 제천시 중앙로1가,경상사고,0,0,1,0,차대차 - 기타,안전운전불이행,결빙,흐림,교차로 - 교차로부근,승용,남,58세,상해없음,승용,여,56세,경상
2012121400100113,2012년 12월 14일 06시,금요일,충청북도 옥천군 옥천읍,경상사고,0,0,2,0,차대차 - 추돌 - 진행중,중앙선침범,결빙,비,단일로 - 기타,승용,남,52세,상해없음,승용,남,36세,상해없음
2012121400100114,2012년 12월 14일 06시,금요일,충청북도 청원군 옥산면,경상사고,0,0,6,0,차대차 - 측면직각충돌,안전운전불이행,결빙,눈,단일로 - 기타,승합,남,42세,경상,승합,남,31세,상해없음
2012121400100115,2012년 12월 14일 06시,금요일,충청북도 청원군 옥산면,중상사고,0,1,0,0,차대차 - 측면직각충돌,교차로운행방법위반,결빙,흐림,교차로 - 교차로부근,건설기계,남,41세,상해없음,화물,남,49세,중상
2012121400100116,2012년 12월 14일 06시,금요일,충청북도 청원군 오송읍,경상사고,0,0,1,0,차대차 - 측면직각충돌,신호위반,결빙,눈,교차로 - 교차로안,승용,남,53세,상해없음,승용,남,52세,경상
2012121400100178,2012년 12월 14일 07시,금요일,충청북도 청원군 오창읍,경상사고,0,0,1,0,차대차 - 추돌 - 진행중,안전운전불이행,결빙,비,단일로 - 기타,승용,남,26세,상해없음,승용,남,29세,경상
2012121400100179,2012년 12월 14일 07시,금요일,충청북도 청원군 오창읍,경상사고,0,0,1,0,차대차 - 추돌 - 주정차중,안전운전불이행,결빙,맑음,단일로 - 기타,승용,남,51세,상해없음,화물,남,61세,상해없음
2012121400100180,2012년 12월 14일 07시,금요일,충청북도 청원군 오창읍,경상사고,0,0,1,0,차대차 - 추돌 - 주정차중,안전운전불이행,결빙,비,단일로 - 기타,승용,남,41세,상해없음,승용,여,33세,경상
2012121400100181,2012년 12월 14일 07시,금요일,충청북도 증평군 증평읍,중상사고,0,5,2,0,차대차 - 정면충돌,중앙선침범,결빙,흐림,단일로 - 기타,승용,여,46세,중상,승용,남,21세,경상
2012121400100182,2012년 12월 14일 07시,금요일,충청북도 보은군 보은읍,경상사고,0,0,2,0,차대차 - 측면직각충돌,교차로운행방법위반,결빙,흐림,교차로 - 교차로안,승용,남,25세,경상,승용,여,52세,경상
2012121400100183,2012년 12월 14일 07시,금요일,충청북도 음성군 삼성면,중상사고,0,1,1,0,차대차 - 정면충돌,안전운전불이행,결빙,비,단일로 - 기타,승용,남,29세,경상,승용,남,46세,중상
2012121400100184,2012년 12월 14일 07시,금요일,충청북도 옥천군 청성면,중상사고,0,3,3,0,차대차 - 추돌 - 진행중,안전운전불이행,결빙,비,단일로 - 기타,승용,남,44세,경상,화물,남,52세,경상
2012121400100185,2012년 12월 14일 07시,금요일,충청북도 진천군 이월면,경상사고,0,0,1,0,차대차 - 기타,안전운전불이행,결빙,비,단일로 - 기타,승용,남,55세,상해없음,승용,남,40세,상해없음
2012121400100186,2012년 12월 14일 07시,금요일,충청북도 청원군 강내면,경상사고,0,0,1,0,차대차 - 추돌 - 진행중,안전거리미확보,결빙,맑음,교차로 - 교차로안,승용,남,51세,상해없음,화물,남,49세,경상
2012121400100187,2012년 12월 14일 07시,금요일,충청북도 청원군 오송읍,경상사고,0,0,2,0,차대차 - 측면직각충돌,안전운전불이행,결빙,흐림,교차로 - 교차로부근,승용,남,29세,상해없음,승용,남,50세,상해없음
2012121400100188,2012년 12월 14일 07시,금요일,충청북도 청원군 남일면,중상사고,0,1,1,0,차대차 - 추돌 - 주정차중,안전운전불이행,결빙,비,단일로 - 기타,화물,남,58세,상해없음,승용,남,44세,경상
2012121400100189,2012년 12월 14일 07시,금요일,충청북도 청원군 남이면,경상사고,0,0,2,0,차대차 - 측면직각충돌,안전운전불이행,결빙,맑음,단일로 - 기타,승용,여,31세,경상,승용,남,33세,경상
2012121400100190,2012년 12월 14일 07시,금요일,충청북도 청원군 오창읍,경상사고,0,0,1,0,차대차 - 기타,안전운전불이행,결빙,흐림,단일로 - 기타,승용,기타불명,기타불명,기타불명,화물,여,64세,경상
2012121400100196,2012년 12월 14일 07시,금요일,충청북도 옥천군 옥천읍,중상사고,0,1,0,1,차량단독 - 공작물충돌,안전운전불이행,결빙,비,단일로 - 기타,화물,남,27세,부상신고,,,,
2012121400100197,2012년 12월 14일 07시,금요일,충청북도 청원군 옥산면,중상사고,0,1,0,1,차대차 - 추돌 - 주정차중,안전운전불이행,결빙,비,단일로 - 기타,화물,남,57세,부상신고,승용,남,49세,중상
2012121400100275,2012년 12월 14일 08시,금요일,충청북도 청주시 상당구 대성동,경상사고,0,0,1,0,차대차 - 추돌 - 주정차중,안전운전불이행,결빙,비,교차로 - 교차로부근,승용,남,42세,기타불명,승용,남,24세,경상
2012121400100276,2012년 12월 14일 08시,금요일,충청북도 청주시 상당구 율량동,경상사고,0,0,1,0,차대차 - 측면직각충돌,교차로운행방법위반,결빙,비,교차로 - 교차로안,승용,여,31세,상해없음,승용,남,36세,경상
2012121400100277,2012년 12월 14일 08시,금요일,충청북도 청원군 오창읍,경상사고,0,0,1,0,차대차 - 기타,안전운전불이행,결빙,비,단일로 - 기타,승용,여,45세,상해없음,승용,남,38세,경상
2012121400100278,2012년 12월 14일 08시,금요일,충청북도 충주시 엄정면,중상사고,0,3,7,0,차대차 - 추돌 - 진행중,안전운전불이행,결빙,비,미분류 - 미분류,화물,남,48세,경상,화물,남,36세,경상
2012121400100279,2012년 12월 14일 08시,금요일,충청북도 충주시 칠금동,경상사고,0,0,1,0,차대차 - 측면직각충돌,안전운전불이행,결빙,맑음,단일로 - 기타,승용,남,35세,상해없음,승용,여,41세,경상
2012121400100280,2012년 12월 14일 08시,금요일,충청북도 음성군 맹동면,중상사고,0,2,0,0,차대차 - 기타,안전운전불이행,건조,맑음,단일로 - 기타,승용,남,39세,중상,화물,남,30세,중상
2012121400100281,2012년 12월 14일 08시,금요일,충청북도 음성군 맹동면,경상사고,0,0,1,0,차대차 - 기타,안전운전불이행,결빙,비,단일로 - 기타,승용,남,22세,상해없음,승용,남,56세,경상
2012121400100282,2012년 12월 14일 08시,금요일,충청북도 음성군 대소면,경상사고,0,0,3,0,차대차 - 기타,중앙선침범,결빙,비,단일로 - 기타,승용,여,41세,상해없음,승용,여,38세,경상
2012121400100283,2012년 12월 14일 08시,금요일,충청북도 옥천군 옥천읍,경상사고,0,0,2,0,차대차 - 측면직각충돌,안전운전불이행,결빙,눈,단일로 - 기타,승용,남,52세,경상,화물,남,53세,경상
2012121400100284,2012년 12월 14일 08시,금요일,충청북도 진천군 덕산면,중상사고,0,3,3,0,차량단독 - 도로외이탈 - 추락,안전운전불이행,결빙,비,단일로 - 기타,승합,남,53세,상해없음,,,,
2012121400100285,2012년 12월 14일 08시,금요일,충청북도 청원군 오송읍,중상사고,0,1,0,0,차대사람 - 횡단중,안전운전불이행,결빙,흐림,단일로 - 기타,승합,남,42세,상해없음,보행자,남,52세,중상
2012121400100397,2012년 12월 14일 09시,금요일,충청북도 청원군 내수읍,경상사고,0,0,1,0,차대차 - 측면직각충돌,안전운전불이행,결빙,비,단일로 - 기타,승용,남,24세,상해없음,승용,여,41세,경상
2012121400100398,2012년 12월 14일 09시,금요일,충청북도 충주시 용탄동,경상사고,0,0,1,0,차대차 - 추돌 - 주정차중,직진우회전진행방해,결빙,비,교차로 - 교차로안,승합,남,39세,상해없음,승용,남,46세,경상
2012121400100399,2012년 12월 14일 09시,금요일,충청북도 충주시 엄정면,경상사고,0,0,1,0,차대차 - 추돌 - 주정차중,안전운전불이행,결빙,흐림,단일로 - 기타,승용,남,47세,상해없음,화물,남,37세,경상
2012121400100400,2012년 12월 14일 09시,금요일,충청북도 충주시 엄정면,중상사고,0,2,0,0,차대사람 - 길가장자리구역통행중,안전운전불이행,결빙,비,단일로 - 기타,화물,남,63세,상해없음,보행자,남,21세,중상
2012121400100401,2012년 12월 14일 09시,금요일,충청북도 충주시 호암동,중상사고,0,1,0,0,차대차 - 추돌 - 진행중,안전운전불이행,건조,맑음,단일로 - 기타,화물,여,41세,상해없음,농기계,남,53세,중상
2012121400100402,2012년 12월 14일 09시,금요일,충청북도 충주시 주덕읍,중상사고,0,1,2,0,차대차 - 추돌 - 진행중,안전운전불이행,결빙,비,단일로 - 기타,승합,남,60세,상해없음,승용,여,40세,중상
2012121400100403,2012년 12월 14일 09시,금요일,충청북도 제천시 청전동,경상사고,0,0,1,0,차대차 - 측면직각충돌,중앙선침범,적설,맑음,단일로 - 기타,승용,여,21세,상해없음,승용,여,52세,경상
2012121400100404,2012년 12월 14일 09시,금요일,충청북도 영동군 영동읍,경상사고,0,0,3,0,차대차 - 기타,안전운전불이행,결빙,비,기타 - 기타,승합,남,51세,상해없음,승용,남,29세,경상
2012121400100405,2012년 12월 14일 09시,금요일,충청북도 음성군 대소면,중상사고,0,1,0,0,차대사람 - 기타,안전운전불이행,결빙,비,단일로 - 기타,승용,여,35세,상해없음,보행자,여,70세,중상
2012121400100445,2012년 12월 14일 10시,금요일,충청북도 충주시 소태면,경상사고,0,0,3,0,차대차 - 추돌 - 진행중,안전운전불이행,결빙,눈,단일로 - 기타,화물,남,42세,상해없음,승용,여,50세,경상
2012121400100446,2012년 12월 14일 10시,금요일,충청북도 청원군 현도면,경상사고,0,0,1,0,차대차 - 측면직각충돌,안전운전불이행,결빙,눈,단일로 - 기타,승용,남,51세,경상,화물,남,55세,상해없음
2012121400100551,2012년 12월 14일 15시,금요일,충청북도 단양군 단양읍,경상사고,0,0,4,0,차대차 - 측면직각충돌,중앙선침범,습기,비,단일로 - 기타,승용,남,80세,경상,승용,남,39세,경상
2012121400100619,2012년 12월 14일 17시,금요일,충청북도 괴산군 청천면,중상사고,0,1,0,0,차대사람 - 기타,안전운전불이행,습기,비,단일로 - 기타,화물,남,51세,상해없음,보행자,남,60세,중상
2012121400100669,2012년 12월 14일 18시,금요일,충청북도 충주시 봉방동,경상사고,0,0,1,0,차대차 - 측면직각충돌,안전운전불이행,결빙,비,교차로 - 교차로부근,승용,남,55세,상해없음,승용,남,34세,경상
2012121400100670,2012년 12월 14일 18시,금요일,충청북도 청주시 흥덕구 가경동,중상사고,0,1,0,0,차대차 - 측면직각충돌,안전거리미확보,건조,맑음,단일로 - 기타,화물,남,62세,상해없음,승합,남,41세,상해없음
2012121400100763,2012년 12월 14일 20시,금요일,충청북도 충주시 교현동,경상사고,0,0,3,0,차대차 - 추돌 - 주정차중,안전운전불이행,결빙,눈,단일로 - 기타,승용,남,27세,상해없음,승용,남,38세,경상
2012121400100803,2012년 12월 14일 21시,금요일,충청북도 제천시 중앙로2가,경상사고,0,0,2,0,차대차 - 기타,안전운전불이행,습기,비,교차로 - 교차로안,승용,남,57세,기타불명,승용,남,49세,경상
2012121400100804,2012년 12월 14일 21시,금요일,충청북도 옥천군 옥천읍,경상사고,0,0,1,0,차대차 - 측면직각충돌,신호위반,습기,비,교차로 - 교차로안,승용,남,21세,상해없음,승용,남,41세,상해없음
2012121400100805,2012년 12월 14일 21시,금요일,충청북도 진천군 덕산면,경상사고,0,0,1,0,차대차 - 측면직각충돌,안전운전불이행,습기,비,단일로 - 기타,승합,남,44세,상해없음,승용,남,38세,경상
2012121400100844,2012년 12월 14일 22시,금요일,충청북도 청주시 흥덕구 복대동,경상사고,0,0,1,0,차대차 - 측면직각충돌,안전운전불이행,습기,흐림,단일로 - 기타,승용,여,50세,상해없음,승합,남,34세,경상
2012121400100876,2012년 12월 14일 23시,금요일,충청북도 청주시 흥덕구 복대동,경상사고,0,0,2,0,차대차 - 측면직각충돌,교차로운행방법위반,건조,맑음,교차로 - 교차로안,승용,남,61세,상해없음,승용,남,19세,상해없음
2012121400100877,2012년 12월 14일 23시,금요일,충청북도 청주시 흥덕구 복대동,경상사고,0,0,1,0,차대차 - 추돌 - 주정차중,안전운전불이행,습기,흐림,교차로 - 교차로부근,승용,남,45세,상해없음,승용,여,60세,상해없음
2012121500100068,2012년 12월 15일 01시,토요일,충청북도 청주시 상당구 우암동,중상사고,0,2,2,0,차대차 - 측면직각충돌,신호위반,습기,흐림,교차로 - 교차로안,승용,남,46세,상해없음,화물,남,57세,중상
2012121500100120,2012년 12월 15일 03시,토요일,충청북도 충주시 연수동,경상사고,0,0,1,0,차대사람 - 기타,안전운전불이행,습기,흐림,단일로 - 기타,승용,남,48세,상해없음,보행자,남,42세,경상
2012121500100131,2012년 12월 15일 04시,토요일,충청북도 진천군 초평면,경상사고,0,0,3,0,차량단독 - 도로외이탈 - 추락,안전운전불이행,적설,맑음,단일로 - 기타,승용,남,21세,경상,,,,
2012121500100157,2012년 12월 15일 06시,토요일,충청북도 제천시 명지동,중상사고,0,2,11,1,차량단독 - 공작물충돌,안전운전불이행,적설,맑음,단일로 - 기타,승합,남,62세,상해없음,,,,
2012121500100182,2012년 12월 15일 07시,토요일,충청북도 제천시 신동,경상사고,0,0,7,0,차대차 - 기타,안전운전불이행,결빙,맑음,단일로 - 기타,승용,여,33세,경상,승용,남,31세,상해없음