사고번호,사고일시,요일,시군구,사고내용,사망자수,중상자수,경상자수,부상신고자수,사고유형,법규위반,노면상태,기상상태,도로형태,가해운전자 차종,가해운전자 성별,가해운전자 연령,가해운전자 상해정도,피해운전자 차종,피해운전자 성별,피해운전자 연령,피해운전자 상해정도
2012121500100200,2012년 12월 15일 08시,토요일,충청북도 단양군 매포읍,경상사고,0,0,1,0,차량단독 - 공작물충돌,안전운전불이행,결빙,흐림,단일로 - 기타,승용,남,36세,경상,,,,
2012121500100233,2012년 12월 15일 10시,토요일,충청북도 충주시 용탄동,경상사고,0,0,1,0,차대차 - 측면직각충돌,안전운전불이행,습기,맑음,교차로 - 교차로안,화물,남,55세,상해없음,승용,남,35세,경상
2012121500100259,2012년 12월 15일 11시,토요일,충청북도 충주시 연수동,경상사고,0,0,2,0,차대차 - 측면직각충돌,직진우회전진행방해,건조,맑음,교차로 - 교차로안,승용,여,42세,경상,승용,남,46세,경상
2012121500100324,2012년 12월 15일 14시,토요일,충청북도 제천시 중앙로2가,중상사고,0,1,0,0,차대차 - 기타,안전운전불이행,건조,맑음,기타 - 기타,화물,남,54세,상해없음,승용,남,30세,중상
2012121500100388,2012년 12월 15일 17시,토요일,충청북도 청주시 상당구 율량동,경상사고,0,0,1,0,차대사람 - 기타,안전운전불이행,건조,맑음,교차로 - 교차로안,승합,남,51세,상해없음,보행자,남,32세,경상
2012121500100389,2012년 12월 15일 17시,토요일,충청북도 충주시 연수동,부상신고사고,0,0,0,1,차대사람 - 횡단중,안전운전불이행,습기,흐림,단일로 - 기타,승용,남,40세,상해없음,보행자,여,65세,부상신고
2012121500100421,2012년 12월 15일 18시,토요일,충청북도 충주시 문화동,중상사고,0,1,0,0,차대사람 - 길가장자리구역통행중,안전운전불이행,건조,맑음,교차로 - 교차로부근,기타불명,기타불명,기타불명,기타불명,보행자,남,58세,중상
2012121500100422,2012년 12월 15일 18시,토요일,충청북도 제천시 영천동,중상사고,0,1,0,0,차대사람 - 기타,신호위반,건조,맑음,교차로 - 교차로안,승용,남,68세,상해없음,보행자,여,64세,중상
2012121500100423,2012년 12월 15일 18시,토요일,충청북도 음성군 대소면,중상사고,0,1,0,0,차대차 - 기타,신호위반,건조,맑음,교차로 - 교차로안,승용,남,34세,상해없음,승용,남,30세,중상
2012121500100424,2012년 12월 15일 18시,토요일,충청북도 단양군 단양읍,중상사고,0,1,0,0,차대사람 - 차도통행중,안전운전불이행,적설,맑음,교차로 - 교차로부근,승용,남,46세,상해없음,보행자,여,24세,중상
2012121500100458,2012년 12월 15일 19시,토요일,충청북도 옥천군 옥천읍,중상사고,0,4,2,0,차대차 - 측면직각충돌,안전운전불이행,습기,흐림,교차로 - 교차로안,승용,남,56세,상해없음,승용,남,54세,경상
2012121500100525,2012년 12월 15일 21시,토요일,충청북도 충주시 지현동,경상사고,0,0,2,0,차대차 - 추돌 - 주정차중,안전운전불이행,건조,맑음,단일로 - 기타,승용,남,63세,상해없음,화물,남,51세,상해없음
2012121500100593,2012년 12월 15일 23시,토요일,충청북도 청주시 상당구 내덕동,중상사고,0,1,0,0,차대사람 - 기타,안전운전불이행,건조,맑음,교차로 - 교차로부근,승합,남,52세,상해없음,보행자,남,58세,중상
2012121500100594,2012년 12월 15일 23시,토요일,충청북도 제천시 중앙로2가,중상사고,0,1,0,0,차대사람 - 길가장자리구역통행중,안전운전불이행,건조,맑음,단일로 - 기타,승합,남,52세,상해없음,보행자,남,60세,중상
2012121500100595,2012년 12월 15일 23시,토요일,충청북도 제천시 모산동,경상사고,0,0,1,0,차대차 - 기타,안전운전불이행,건조,흐림,교차로 - 교차로부근,승용,남,47세,상해없음,승용,남,25세,경상
2012121500100596,2012년 12월 15일 23시,토요일,충청북도 청주시 흥덕구 산남동,중상사고,0,1,1,0,차대차 - 추돌 - 진행중,안전운전불이행,결빙,흐림,교차로 - 교차로부근,승용,남,46세,상해없음,승용,남,53세,상해없음
2012121600100017,2012년 12월 16일 00시,일요일,충청북도 청주시 상당구 금천동,사망사고,1,0,6,0,차대차 - 기타,안전운전불이행,건조,맑음,교차로 - 교차로부근,승용,남,29세,상해없음,승용,남,40세,사망
2012121600100018,2012년 12월 16일 00시,일요일,충청북도 청주시 상당구 금천동,경상사고,0,0,1,0,차대사람 - 기타,안전운전불이행,건조,맑음,단일로 - 기타,승용,남,44세,상해없음,보행자,남,45세,경상
2012121600100019,2012년 12월 16일 00시,일요일,충청북도 음성군 금왕읍,중상사고,0,1,0,0,차대사람 - 횡단중,안전운전불이행,결빙,안개,단일로 - 기타,승용,남,38세,상해없음,보행자,남,29세,중상
2012121600100020,2012년 12월 16일 00시,일요일,충청북도 청주시 흥덕구 복대동,경상사고,0,0,1,0,차대차 - 추돌 - 진행중,안전운전불이행,건조,맑음,교차로 - 교차로안,승용,남,50세,상해없음,승용,남,28세,상해없음
2012121600100054,2012년 12월 16일 01시,일요일,충청북도 청주시 상당구 우암동,사망사고,1,1,0,0,차대차 - 추돌 - 주정차중,안전운전불이행,결빙,맑음,단일로 - 기타,승용,남,22세,중상,화물,남,54세,상해없음
2012121600100055,2012년 12월 16일 01시,일요일,충청북도 청주시 상당구 남주동,경상사고,0,0,1,0,차대차 - 추돌 - 진행중,안전운전불이행,습기,흐림,교차로 - 교차로부근,승용,남,45세,상해없음,승용,여,42세,경상
2012121600100056,2012년 12월 16일 01시,일요일,충청북도 청원군 남일면,중상사고,0,1,1,0,차량단독 - 공작물충돌,안전운전불이행,결빙,맑음,단일로 - 기타,승용,남,42세,중상,,,,
2012121600100084,2012년 12월 16일 02시,일요일,충청북도 청원군 북이면,경상사고,0,0,1,0,차량단독 - 공작물충돌,안전운전불이행,결빙,흐림,단일로 - 기타,승용,남,60세,상해없음,,,,
2012121600100152,2012년 12월 16일 06시,일요일,충청북도 제천시 서부동,경상사고,0,0,1,0,차대차 - 기타,중앙선침범,결빙,맑음,교차로 - 교차로부근,승용,남,52세,상해없음,승용,남,66세,경상
2012121600100153,2012년 12월 16일 06시,일요일,충청북도 옥천군 청산면,중상사고,0,1,0,0,차량단독 - 기타,안전운전불이행,결빙,흐림,단일로 - 기타,화물,남,53세,중상,,,,
2012121600100177,2012년 12월 16일 07시,일요일,충청북도 음성군 감곡면,중상사고,0,2,3,0,차대차 - 기타,안전운전불이행,결빙,맑음,단일로 - 기타,승용,남,30세,중상,화물,남,59세,경상
2012121600100211,2012년 12월 16일 08시,일요일,충청북도 청원군 오창읍,중상사고,0,3,0,0,차대차 - 측면직각충돌,중앙선침범,결빙,흐림,단일로 - 기타,승용,남,23세,중상,승용,남,41세,중상
2012121600100212,2012년 12월 16일 08시,일요일,충청북도 음성군 삼성면,중상사고,0,1,1,0,차대차 - 정면충돌,안전운전불이행,결빙,흐림,단일로 - 기타,승용,여,39세,경상,승용,여,51세,중상
2012121600100213,2012년 12월 16일 08시,일요일,충청북도 청원군 미원면,경상사고,0,0,1,0,차대차 - 추돌 - 진행중,안전운전불이행,결빙,안개,교차로 - 교차로안,승용,남,46세,경상,승합,남,52세,상해없음
2012121600100262,2012년 12월 16일 10시,일요일,충청북도 청주시 상당구 서문동,경상사고,0,0,4,0,차대차 - 추돌 - 주정차중,안전운전불이행,건조,맑음,기타 - 기타,승용,여,42세,기타불명,승용,남,29세,경상
2012121600100263,2012년 12월 16일 10시,일요일,충청북도 보은군 속리산면,사망사고,1,2,3,0,차대차 - 정면충돌,중앙선침범,결빙,맑음,단일로 - 기타,승용,여,40세,사망,승용,남,31세,경상
2012121600100305,2012년 12월 16일 13시,일요일,충청북도 제천시 한수면,중상사고,0,1,1,0,차대차 - 기타,중앙선침범,습기,맑음,단일로 - 기타,승용,남,41세,상해없음,승합,남,53세,경상
2012121600100306,2012년 12월 16일 13시,일요일,충청북도 제천시 봉양읍,경상사고,0,0,1,0,차대차 - 기타,중앙선침범,건조,맑음,단일로 - 기타,승합,남,56세,상해없음,승용,남,60세,경상
2012121600100353,2012년 12월 16일 15시,일요일,충청북도 충주시 앙성면,중상사고,0,2,1,1,차대차 - 기타,안전운전불이행,건조,흐림,단일로 - 기타,승용,남,28세,부상신고,승용,남,43세,상해없음
2012121600100354,2012년 12월 16일 15시,일요일,충청북도 충주시 칠금동,중상사고,0,1,0,0,차대차 - 기타,안전운전불이행,건조,맑음,교차로 - 교차로부근,승용,남,48세,상해없음,이륜,남,24세,중상
2012121600100398,2012년 12월 16일 17시,일요일,충청북도 청주시 상당구 내덕동,경상사고,0,0,1,0,차대차 - 추돌 - 주정차중,안전운전불이행,건조,맑음,교차로 - 교차로부근,승용,남,54세,상해없음,승용,남,57세,경상
2012121600100399,2012년 12월 16일 17시,일요일,충청북도 청주시 흥덕구 모충동,경상사고,0,0,1,0,차대차 - 측면직각충돌,신호위반,건조,맑음,교차로 - 교차로안,승용,남,32세,상해없음,화물,남,47세,상해없음
2012121600100425,2012년 12월 16일 18시,일요일,충청북도 보은군 마로면,중상사고,0,1,0,0,차대사람 - 길가장자리구역통행중,안전운전불이행,건조,맑음,단일로 - 기타,화물,남,44세,상해없음,보행자,여,69세,중상
2012121600100453,2012년 12월 16일 19시,일요일,충청북도 충주시 동량면,경상사고,0,0,1,0,차대차 - 추돌 - 진행중,안전운전불이행,습기,흐림,단일로 - 기타,승용,남,29세,상해없음,승용,남,54세,경상
2012121600100468,2012년 12월 16일 20시,일요일,충청북도 청주시 흥덕구 개신동,경상사고,0,0,1,0,차대차 - 측면직각충돌,안전운전불이행,건조,맑음,교차로 - 교차로안,승합,남,64세,상해없음,승용,남,48세,경상
2012121600100489,2012년 12월 16일 21시,일요일,충청북도 청주시 흥덕구 복대동,경상사고,0,0,1,0,차대차 - 측면직각충돌,교차로운행방법위반,건조,맑음,교차로 - 교차로안,승용,남,53세,상해없음,원동기,남,44세,경상
2012121600100490,2012년 12월 16일 21시,일요일,충청북도 청주시 흥덕구 사창동,경상사고,0,0,1,0,차대차 - 측면직각충돌,안전거리미확보,결빙,흐림,단일로 - 기타,승합,남,61세,상해없음,원동기,남,43세,경상
2012121600100511,2012년 12월 16일 22시,일요일,충청북도 청주시 흥덕구 복대동,경상사고,0,0,1,0,차대차 - 측면직각충돌,안전운전불이행,건조,맑음,교차로 - 교차로부근,승용,남,43세,상해없음,자전거,남,44세,경상
2012121600100526,2012년 12월 16일 23시,일요일,충청북도 청주시 흥덕구 지동동,경상사고,0,0,1,0,차량단독 - 공작물충돌,안전운전불이행,결빙,맑음,교차로 - 교차로부근,승용,남,29세,경상,,,,
2012121700100007,2012년 12월 17일 00시,월요일,충청북도 제천시 강제동,중상사고,0,1,0,0,차대차 - 측면직각충돌,중앙선침범,건조,맑음,단일로 - 기타,승용,남,35세,상해없음,승용,남,52세,중상
2012121700100040,2012년 12월 17일 04시,월요일,충청북도 음성군 금왕읍,중상사고,0,1,0,0,차량단독 - 공작물충돌,안전운전불이행,습기,안개,교차로 - 교차로안,화물,남,24세,중상,,,,
2012121700100048,2012년 12월 17일 05시,월요일,충청북도 충주시 가금면,경상사고,0,0,2,0,차대차 - 추돌 - 진행중,안전운전불이행,건조,맑음,단일로 - 기타,특수,남,43세,경상,승용,남,28세,경상
2012121700100059,2012년 12월 17일 06시,월요일,충청북도 충주시 살미면,중상사고,0,1,1,0,차대차 - 추돌 - 주정차중,안전운전불이행,건조,맑음,단일로 - 기타,화물,남,39세,중상,승용,남,51세,경상
2012121700100060,2012년 12월 17일 06시,월요일,충청북도 청원군 옥산면,중상사고,0,2,1,0,차대차 - 측면직각충돌,교차로운행방법위반,건조,맑음,교차로 - 교차로안,승용,남,18세,경상,화물,남,64세,중상
2012121700100085,2012년 12월 17일 07시,월요일,충청북도 청주시 흥덕구 강서동,중상사고,0,2,2,0,차대차 - 추돌 - 진행중,안전운전불이행,건조,맑음,단일로 - 기타,화물,남,31세,경상,승용,남,27세,중상
2012121700100147,2012년 12월 17일 09시,월요일,충청북도 괴산군 감물면,중상사고,0,4,7,0,차대차 - 정면충돌,중앙선침범,결빙,맑음,단일로 - 기타,특수,남,48세,상해없음,승합,남,49세,경상
2012121700100148,2012년 12월 17일 09시,월요일,충청북도 괴산군 감물면,중상사고,0,2,1,0,차대차 - 정면충돌,안전운전불이행,습기,흐림,단일로 - 기타,승용,여,53세,중상,농기계,남,67세,중상
2012121700100203,2012년 12월 17일 12시,월요일,충청북도 청주시 흥덕구 개신동,경상사고,0,0,1,0,차대차 - 추돌 - 주정차중,안전운전불이행,건조,맑음,교차로 - 교차로부근,승용,남,26세,상해없음,승용,여,33세,경상
2012121700100219,2012년 12월 17일 13시,월요일,충청북도 충주시 용산동,경상사고,0,0,1,0,차대사람 - 횡단중,보행자보호의무위반,건조,맑음,단일로 - 횡단보도상,승용,남,36세,상해없음,보행자,여,16세,경상
2012121700100220,2012년 12월 17일 13시,월요일,충청북도 청주시 흥덕구 복대동,경상사고,0,0,1,0,차대차 - 기타,안전운전불이행,건조,맑음,교차로 - 교차로안,승용,남,45세,상해없음,승합,남,50세,상해없음
2012121700100236,2012년 12월 17일 14시,월요일,충청북도 청주시 상당구 용암동,중상사고,0,1,0,0,차대사람 - 횡단중,신호위반,건조,맑음,교차로 - 교차로안,승용,여,64세,상해없음,보행자,여,7세,중상
2012121700100258,2012년 12월 17일 15시,월요일,충청북도 영동군 황간면,경상사고,0,0,1,0,차대차 - 기타,교차로운행방법위반,건조,맑음,교차로 - 교차로안,승용,남,55세,상해없음,승용,남,52세,경상
2012121700100259,2012년 12월 17일 15시,월요일,충청북도 청주시 흥덕구 사직동,사망사고,1,0,0,0,차대차 - 측면직각충돌,보행자보호의무위반,건조,맑음,교차로 - 교차로안,건설기계,남,40세,상해없음,자전거,남,78세,사망
2012121700100286,2012년 12월 17일 16시,월요일,충청북도 음성군 감곡면,경상사고,0,0,1,0,차량단독 - 공작물충돌,기타,건조,맑음,단일로 - 기타,승용,남,63세,경상,,,,
2012121700100341,2012년 12월 17일 18시,월요일,충청북도 청주시 상당구 내덕동,중상사고,0,1,0,0,차대사람 - 횡단중,신호위반,결빙,흐림,단일로 - 횡단보도상,승용,남,53세,상해없음,보행자,여,19세,중상
2012121700100342,2012년 12월 17일 18시,월요일,충청북도 청주시 상당구 용암동,중상사고,0,1,0,0,차대사람 - 횡단중,안전운전불이행,건조,맑음,단일로 - 기타,승합,남,50세,상해없음,보행자,여,8세,중상
2012121700100428,2012년 12월 17일 21시,월요일,충청북도 음성군 대소면,중상사고,0,2,0,0,차대차 - 추돌 - 주정차중,안전거리미확보,건조,맑음,교차로 - 교차로안,승합,남,54세,상해없음,승용,여,60세,중상
2012121700100457,2012년 12월 17일 22시,월요일,충청북도 제천시 대랑동,중상사고,0,1,1,0,차대차 - 기타,안전운전불이행,건조,맑음,단일로 - 기타,화물,남,61세,중상,승용,남,26세,경상
2012121700100458,2012년 12월 17일 22시,월요일,충청북도 청주시 흥덕구 산남동,중상사고,0,1,2,0,차대차 - 측면직각충돌,안전운전불이행,건조,맑음,단일로 - 기타,승합,남,37세,상해없음,승용,남,30세,중상
2012121700100485,2012년 12월 17일 23시,월요일,충청북도 청주시 상당구 우암동,경상사고,0,0,2,0,차대차 - 추돌 - 주정차중,안전운전불이행,건조,맑음,단일로 - 기타,승용,남,47세,상해없음,승용,남,27세,경상
2012121700100486,2012년 12월 17일 23시,월요일,충청북도 청주시 흥덕구 송정동,경상사고,0,0,2,0,차대차 - 추돌 - 주정차중,안전운전불이행,건조,맑음,단일로 - 기타,승용,남,41세,상해없음,승용,여,51세,경상
2012121700100487,2012년 12월 17일 23시,월요일,충청북도 청주시 흥덕구 개신동,경상사고,0,0,1,0,차대차 - 측면직각충돌,중앙선침범,건조,맑음,단일로 - 기타,화물,남,31세,상해없음,승합,남,30세,경상
2012121800100013,2012년 12월 18일 00시,화요일,충청북도 청원군 미원면,중상사고,0,2,0,0,차량단독 - 공작물충돌,안전운전불이행,건조,맑음,교차로 - 교차로부근,화물,남,41세,중상,,,,
2012121800100109,2012년 12월 18일 08시,화요일,충청북도 충주시 지현동,경상사고,0,0,1,0,차대사람 - 기타,안전운전불이행,건조,맑음,단일로 - 기타,승용,남,72세,상해없음,보행자,여,14세,경상
2012121800100110,2012년 12월 18일 08시,화요일,충청북도 영동군 심천면,중상사고,0,2,0,0,차대차 - 기타,신호위반,건조,맑음,교차로 - 교차로안,화물,남,38세,상해없음,화물,남,64세,중상
2012121800100129,2012년 12월 18일 09시,화요일,충청북도 충주시 용산동,경상사고,0,0,1,0,차대차 - 측면직각충돌,안전거리미확보,건조,맑음,단일로 - 기타,승용,남,45세,상해없음,원동기,남,24세,경상
2012121800100171,2012년 12월 18일 11시,화요일,충청북도 청주시 흥덕구 복대동,중상사고,0,1,0,0,차대차 - 기타,안전운전불이행,건조,맑음,단일로 - 기타,승용,여,62세,상해없음,승합,남,54세,중상
2012121800100257,2012년 12월 18일 15시,화요일,충청북도 청주시 상당구 북문로2가동,중상사고,0,1,0,0,차대차 - 측면직각충돌,안전운전불이행,건조,맑음,교차로 - 교차로안,승합,남,43세,상해없음,자전거,남,78세,중상
2012121800100258,2012년 12월 18일 15시,화요일,충청북도 제천시 남천동,경상사고,0,0,1,0,차대사람 - 횡단중,보행자보호의무위반,건조,맑음,단일로 - 횡단보도상,승용,남,65세,상해없음,보행자,여,8세,경상
2012121800100259,2012년 12월 18일 15시,화요일,충청북도 보은군 마로면,경상사고,0,0,2,0,차대차 - 측면직각충돌,교차로운행방법위반,건조,맑음,교차로 - 교차로안,승용,남,49세,경상,화물,남,71세,경상
2012121800100285,2012년 12월 18일 16시,화요일,충청북도 옥천군 군서면,중상사고,0,1,0,0,차대차 - 측면직각충돌,교차로운행방법위반,건조,맑음,교차로 - 교차로안,화물,남,52세,상해없음,화물,남,58세,중상
2012121800100312,2012년 12월 18일 17시,화요일,충청북도 충주시 칠금동,경상사고,0,0,1,0,차대차 - 기타,안전운전불이행,건조,맑음,교차로 - 교차로안,승용,남,54세,상해없음,자전거,남,14세,경상
2012121800100313,2012년 12월 18일 17시,화요일,충청북도 충주시 금릉동,경상사고,0,0,1,0,차대차 - 기타,차로위반,건조,맑음,단일로 - 기타,화물,남,58세,상해없음,승합,남,60세,경상
2012121800100347,2012년 12월 18일 18시,화요일,충청북도 청원군 오창읍,경상사고,0,0,2,0,차대차 - 기타,안전운전불이행,건조,맑음,교차로 - 교차로부근,화물,남,25세,상해없음,승용,남,58세,경상
2012121800100348,2012년 12월 18일 18시,화요일,충청북도 음성군 음성읍,중상사고,0,1,0,0,차대사람 - 기타,안전운전불이행,건조,맑음,단일로 - 기타,화물,남,50세,상해없음,보행자,남,73세,중상
2012121800100349,2012년 12월 18일 18시,화요일,충청북도 청주시 흥덕구 사직동,중상사고,0,1,0,0,차대사람 - 기타,안전운전불이행,건조,맑음,단일로 - 기타,화물,남,29세,상해없음,보행자,남,59세,중상
2012121800100350,2012년 12월 18일 18시,화요일,충청북도 청주시 흥덕구 수곡동,경상사고,0,0,1,0,차대사람 - 횡단중,안전운전불이행,건조,맑음,교차로 - 교차로안,승합,여,46세,상해없음,보행자,여,43세,경상
2012121800100414,2012년 12월 18일 20시,화요일,충청북도 청주시 흥덕구 복대동,경상사고,0,0,1,0,차대사람 - 기타,기타,기타,맑음,단일로 - 기타,승용,남,54세,상해없음,보행자,남,26세,경상
2012121800100450,2012년 12월 18일 21시,화요일,충청북도 청원군 오창읍,경상사고,0,0,1,0,차대차 - 추돌 - 주정차중,안전운전불이행,건조,맑음,단일로 - 기타,승용,여,28세,상해없음,승용,남,53세,경상
2012121800100451,2012년 12월 18일 21시,화요일,충청북도 음성군 금왕읍,중상사고,0,1,1,0,차대차 - 정면충돌,중앙선침범,건조,맑음,단일로 - 기타,승용,남,36세,상해없음,승용,여,56세,경상
2012121800100482,2012년 12월 18일 22시,화요일,충청북도 청원군 내수읍,중상사고,0,1,0,0,차대사람 - 기타,안전운전불이행,건조,맑음,단일로 - 기타,승용,여,53세,상해없음,보행자,여,39세,중상
2012121800100483,2012년 12월 18일 22시,화요일,충청북도 청주시 흥덕구 석소동,중상사고,0,1,0,0,차대사람 - 기타,안전운전불이행,건조,맑음,단일로 - 횡단보도상,승용,여,43세,상해없음,보행자,남,44세,중상
2012121800100511,2012년 12월 18일 23시,화요일,충청북도 제천시 청전동,중상사고,0,1,1,0,차대차 - 추돌 - 주정차중,안전운전불이행,건조,맑음,단일로 - 기타,승용,남,36세,상해없음,승용,남,43세,중상
2012121800100512,2012년 12월 18일 23시,화요일,충청북도 청주시 흥덕구 복대동,경상사고,0,0,3,1,차대차 - 추돌 - 진행중,안전운전불이행,건조,맑음,단일로 - 기타,승용,남,44세,상해없음,승용,남,42세,경상
2012121900100015,2012년 12월 19일 00시,수요일,충청북도 청주시 상당구 금천동,경상사고,0,0,1,0,차대사람 - 길가장자리구역통행중,안전운전불이행,건조,맑음,단일로 - 기타,승용,남,33세,상해없음,보행자,남,30세,경상
2012121900100016,2012년 12월 19일 00시,수요일,충청북도 청주시 흥덕구 산남동,경상사고,0,0,2,0,차대차 - 기타,안전운전불이행,건조,맑음,교차로 - 교차로부근,승용,남,32세,상해없음,승용,남,50세,기타불명
2012121900100123,2012년 12월 19일 08시,수요일,충청북도 영동군 영동읍,중상사고,0,1,0,0,차대차 - 기타,중앙선침범,건조,맑음,기타 - 기타,화물,남,47세,상해없음,화물,남,48세,중상
2012121900100152,2012년 12월 19일 10시,수요일,충청북도 청원군 오창읍,경상사고,0,0,1,0,차대차 - 측면직각충돌,안전운전불이행,건조,맑음,교차로 - 교차로안,승용,남,45세,상해없음,승용,여,44세,경상
2012121900100173,2012년 12월 19일 11시,수요일,충청북도 청주시 상당구 내덕동,경상사고,0,0,1,0,차대차 - 측면직각충돌,안전운전불이행,건조,맑음,교차로 - 교차로안,승용,남,23세,상해없음,이륜,남,53세,경상
2012121900100174,2012년 12월 19일 11시,수요일,충청북도 보은군 마로면,경상사고,0,0,2,0,차대차 - 측면직각충돌,교차로운행방법위반,건조,맑음,교차로 - 교차로안,화물,남,56세,경상,화물,남,66세,경상
2012121900100221,2012년 12월 19일 13시,수요일,충청북도 제천시 고암동,경상사고,0,0,1,0,차대사람 - 횡단중,보행자보호의무위반,건조,맑음,교차로 - 교차로안,승용,여,56세,상해없음,보행자,남,32세,경상
2012121900100252,2012년 12월 19일 14시,수요일,충청북도 충주시 성남동,중상사고,0,1,0,0,차대사람 - 길가장자리구역통행중,안전운전불이행,건조,맑음,단일로 - 기타,승용,남,56세,상해없음,보행자,여,38세,중상
2012121900100253,2012년 12월 19일 14시,수요일,충청북도 청원군 오송읍,중상사고,0,2,1,0,차대차 - 측면직각충돌,안전운전불이행,건조,맑음,단일로 - 기타,승용,여,49세,경상,화물,남,64세,중상
2012121900100299,2012년 12월 19일 16시,수요일,충청북도 제천시 송학면,중상사고,0,1,0,0,차대사람 - 길가장자리구역통행중,안전운전불이행,결빙,맑음,단일로 - 기타,화물,남,34세,상해없음,보행자,여,82세,중상
2012121900100351,2012년 12월 19일 18시,수요일,충청북도 영동군 양강면,중상사고,0,1,0,0,차량단독 - 기타,안전운전불이행,건조,맑음,단일로 - 기타,원동기,여,48세,중상,,,,
2012121900100412,2012년 12월 19일 20시,수요일,충청북도 제천시 교동,경상사고,0,0,1,0,차대차 - 기타,중앙선침범,건조,맑음,교차로 - 교차로부근,화물,남,56세,상해없음,승용,남,27세,경상
2012121900100413,2012년 12월 19일 20시,수요일,충청북도 청주시 흥덕구 복대동,경상사고,0,0,2,0,차대차 - 측면직각충돌,안전거리미확보,건조,맑음,교차로 - 교차로부근,승용,남,34세,상해없음,승용,남,31세,경상
2012121900100414,2012년 12월 19일 20시,수요일,충청북도 청주시 흥덕구 봉명동,중상사고,0,1,0,0,차대차 - 측면직각충돌,교차로운행방법위반,건조,맑음,교차로 - 교차로안,승용,여,47세,상해없음,원동기,남,35세,중상
2012121900100480,2012년 12월 19일 23시,수요일,충청북도 청원군 현도면,중상사고,0,1,0,0,차대차 - 추돌 - 진행중,안전운전불이행,건조,맑음,단일로 - 기타,승용,남,31세,상해없음,승용,남,37세,중상
2012122000100011,2012년 12월 20일 00시,목요일,충청북도 청주시 흥덕구 가경동,경상사고,0,0,2,0,차대차 - 추돌 - 주정차중,안전운전불이행,건조,맑음,단일로 - 기타,승용,남,52세,상해없음,승용,남,29세,경상
2012122000100079,2012년 12월 20일 07시,목요일,충청북도 청주시 상당구 금천동,경상사고,0,0,1,0,차대차 - 측면직각충돌,안전운전불이행,건조,맑음,단일로 - 기타,승용,여,39세,상해없음,자전거,남,76세,경상
2012122000100080,2012년 12월 20일 07시,목요일,충청북도 제천시 봉양읍,중상사고,0,1,1,0,차대차 - 기타,중앙선침범,건조,맑음,단일로 - 기타,화물,남,26세,상해없음,화물,남,51세,경상
2012122000100108,2012년 12월 20일 08시,목요일,충청북도 제천시 하소동,경상사고,0,0,3,2,차대차 - 기타,직진우회전진행방해,건조,맑음,교차로 - 교차로안,승용,여,40세,상해없음,승용,남,41세,경상
2012122000100109,2012년 12월 20일 08시,목요일,충청북도 청주시 흥덕구 죽림동,중상사고,0,1,0,0,차대차 - 측면직각충돌,교차로운행방법위반,건조,맑음,교차로 - 교차로안,승용,남,60세,상해없음,승용,남,63세,상해없음
2012122000100152,2012년 12월 20일 10시,목요일,충청북도 청주시 흥덕구 분평동,경상사고,0,0,1,0,차대차 - 측면직각충돌,안전운전불이행,건조,맑음,교차로 - 교차로안,기타불명,기타불명,기타불명,기타불명,승용,남,51세,경상
2012122000100171,2012년 12월 20일 11시,목요일,충청북도 영동군 용산면,중상사고,0,1,0,0,차대사람 - 기타,안전운전불이행,건조,맑음,기타 - 기타,승용,남,55세,상해없음,보행자,여,75세,중상
2012122000100193,2012년 12월 20일 12시,목요일,충청북도 청주시 흥덕구 비하동,경상사고,0,0,2,0,차대차 - 측면직각충돌,안전운전불이행,건조,맑음,단일로 - 기타,승용,여,53세,상해없음,승용,여,23세,경상
2012122000100212,2012년 12월 20일 13시,목요일,충청북도 청주시 흥덕구 송정동,경상사고,0,0,2,0,차대차 - 측면직각충돌,신호위반,건조,맑음,교차로 - 교차로안,승용,여,26세,상해없음,화물,남,48세,경상
2012122000100278,2012년 12월 20일 16시,목요일,충청북도 충주시 주덕읍,중상사고,0,1,0,0,차대차 - 측면직각충돌,안전운전불이행,건조,맑음,교차로 - 교차로안,승용,여,41세,상해없음,화물,남,62세,중상
2012122000100279,2012년 12월 20일 16시,목요일,충청북도 증평군 증평읍,경상사고,0,0,3,0,차대차 - 추돌 - 주정차중,안전운전불이행,건조,맑음,교차로 - 교차로부근,승합,남,54세,상해없음,승용,여,47세,경상
2012122000100307,2012년 12월 20일 17시,목요일,충청북도 충주시 달천동,경상사고,0,0,2,0,차대차 - 측면직각충돌,안전거리미확보,건조,맑음,단일로 - 기타,승용,남,43세,상해없음,승용,여,48세,경상
2012122000100308,2012년 12월 20일 17시,목요일,충청북도 진천군 이월면,중상사고,0,1,0,0,차대차 - 측면직각충돌,안전운전불이행,건조,맑음,교차로 - 교차로안,승용,남,33세,상해없음,이륜,남,71세,중상
2012122000100309,2012년 12월 20일 17시,목요일,충청북도 청주시 흥덕구 비하동,경상사고,0,0,4,0,차대차 - 측면직각충돌,안전운전불이행,습기,맑음,교차로 - 교차로부근,승용,남,72세,상해없음,승용,여,40세,경상