사고번호,사고일시,요일,시군구,사고내용,사망자수,중상자수,경상자수,부상신고자수,사고유형,법규위반,노면상태,기상상태,도로형태,가해운전자 차종,가해운전자 성별,가해운전자 연령,가해운전자 상해정도,피해운전자 차종,피해운전자 성별,피해운전자 연령,피해운전자 상해정도
2012122600100337,2012년 12월 26일 15시,수요일,충청북도 청원군 강내면,중상사고,0,2,0,0,차대차 - 측면직각충돌,안전운전불이행,건조,맑음,교차로 - 교차로부근,건설기계,남,38세,상해없음,승용,남,30세,중상
2012122600100366,2012년 12월 26일 16시,수요일,충청북도 진천군 이월면,중상사고,0,1,0,0,차대차 - 기타,교차로운행방법위반,건조,맑음,교차로 - 교차로안,화물,남,58세,상해없음,승용,여,40세,중상
2012122600100413,2012년 12월 26일 17시,수요일,충청북도 충주시 연수동,경상사고,0,0,2,0,차대차 - 측면직각충돌,신호위반,건조,맑음,교차로 - 교차로안,승용,여,46세,상해없음,승용,남,54세,경상
2012122600100533,2012년 12월 26일 20시,수요일,충청북도 청주시 상당구 금천동,중상사고,0,1,0,0,차대사람 - 횡단중,보행자보호의무위반,건조,맑음,교차로 - 교차로안,승용,여,38세,상해없음,보행자,여,54세,중상
2012122600100534,2012년 12월 26일 20시,수요일,충청북도 충주시 안림동,중상사고,0,1,0,0,차대차 - 측면직각충돌,안전거리미확보,건조,맑음,단일로 - 기타,화물,남,43세,상해없음,화물,남,57세,중상
2012122600100565,2012년 12월 26일 21시,수요일,충청북도 제천시 신동,중상사고,0,1,0,0,차대차 - 기타,신호위반,건조,맑음,교차로 - 교차로안,승용,여,35세,상해없음,화물,남,22세,중상
2012122600100608,2012년 12월 26일 22시,수요일,충청북도 청주시 흥덕구 봉명동,경상사고,0,0,3,0,차대차 - 측면직각충돌,안전운전불이행,건조,맑음,교차로 - 교차로부근,승합,남,60세,상해없음,승용,남,57세,경상
2012122600100609,2012년 12월 26일 22시,수요일,충청북도 청주시 상당구 용암동,경상사고,0,0,1,0,차대사람 - 횡단중,보행자보호의무위반,건조,맑음,단일로 - 횡단보도상,승용,남,37세,상해없음,보행자,남,25세,경상
2012122700100024,2012년 12월 27일 00시,목요일,충청북도 청원군 오창읍,중상사고,0,2,0,0,차대차 - 정면충돌,신호위반,건조,맑음,교차로 - 교차로안,승용,남,38세,상해없음,승용,남,41세,중상
2012122700100048,2012년 12월 27일 01시,목요일,충청북도 청주시 흥덕구 개신동,중상사고,0,1,1,0,차대차 - 추돌 - 진행중,안전운전불이행,건조,맑음,단일로 - 기타,승용,여,47세,상해없음,이륜,남,45세,중상
2012122700100085,2012년 12월 27일 04시,목요일,충청북도 제천시 영천동,중상사고,0,1,0,0,차대차 - 기타,안전운전불이행,건조,맑음,교차로 - 교차로안,승용,남,22세,중상,건설기계,남,44세,상해없음
2012122700100105,2012년 12월 27일 06시,목요일,충청북도 청주시 흥덕구 모충동,중상사고,0,1,0,0,차대차 - 측면직각충돌,신호위반,건조,맑음,교차로 - 교차로안,자전거,남,53세,중상,승용,남,47세,상해없음
2012122700100119,2012년 12월 27일 07시,목요일,충청북도 충주시 안림동,중상사고,0,1,0,0,차대사람 - 기타,안전운전불이행,건조,맑음,단일로 - 기타,승용,남,46세,상해없음,보행자,여,83세,중상
2012122700100150,2012년 12월 27일 08시,목요일,충청북도 충주시 가금면,중상사고,0,1,1,1,차대차 - 추돌 - 진행중,교차로운행방법위반,건조,맑음,교차로 - 교차로안,승용,남,38세,경상,승용,남,62세,부상신고
2012122700100151,2012년 12월 27일 08시,목요일,충청북도 청원군 강내면,경상사고,0,0,1,0,차대차 - 측면직각충돌,안전운전불이행,건조,맑음,단일로 - 기타,승용,남,58세,상해없음,승용,남,28세,경상
2012122700100174,2012년 12월 27일 09시,목요일,충청북도 충주시 달천동,부상신고사고,0,0,0,1,차대차 - 추돌 - 진행중,안전운전불이행,건조,맑음,단일로 - 기타,승합,남,54세,부상신고,승용,남,41세,상해없음
2012122700100194,2012년 12월 27일 10시,목요일,충청북도 청주시 흥덕구 복대동,경상사고,0,0,1,0,차대차 - 측면직각충돌,안전운전불이행,건조,맑음,단일로 - 기타,화물,남,54세,상해없음,승용,여,36세,경상
2012122700100220,2012년 12월 27일 11시,목요일,충청북도 음성군 감곡면,중상사고,0,1,2,0,차대차 - 기타,신호위반,건조,맑음,교차로 - 교차로안,원동기,남,53세,중상,승용,남,50세,경상
2012122700100221,2012년 12월 27일 11시,목요일,충청북도 청원군 오송읍,경상사고,0,0,1,0,차량단독 - 기타,안전운전불이행,건조,맑음,단일로 - 기타,승용,남,43세,경상,,,,
2012122700100273,2012년 12월 27일 13시,목요일,충청북도 청주시 상당구 금천동,경상사고,0,0,1,0,차대사람 - 차도통행중,안전운전불이행,결빙,맑음,교차로 - 교차로부근,승용,남,29세,상해없음,보행자,여,23세,경상
2012122700100274,2012년 12월 27일 13시,목요일,충청북도 충주시 금릉동,경상사고,0,0,1,0,차대차 - 측면직각충돌,신호위반,건조,맑음,교차로 - 교차로안,화물,남,41세,상해없음,승용,남,27세,경상
2012122700100275,2012년 12월 27일 13시,목요일,충청북도 청주시 흥덕구 복대동,중상사고,0,2,0,0,차대차 - 측면직각충돌,신호위반,건조,맑음,교차로 - 교차로안,승용,남,26세,상해없음,화물,남,53세,중상
2012122700100306,2012년 12월 27일 14시,목요일,충청북도 충주시 충인동,중상사고,0,1,0,0,차대차 - 추돌 - 진행중,안전운전불이행,건조,맑음,단일로 - 기타,승용,남,39세,상해없음,자전거,여,62세,중상
2012122700100307,2012년 12월 27일 14시,목요일,충청북도 제천시 화산동,중상사고,0,1,0,0,차대차 - 측면직각충돌,직진우회전진행방해,건조,맑음,교차로 - 교차로안,승용,여,42세,상해없음,승용,여,52세,중상
2012122700100332,2012년 12월 27일 15시,목요일,충청북도 충주시 대소원면,중상사고,0,3,0,0,차대차 - 추돌 - 진행중,안전운전불이행,건조,맑음,미분류 - 미분류,승용,남,41세,상해없음,승용,여,66세,중상
2012122700100385,2012년 12월 27일 17시,목요일,충청북도 제천시 송학면,경상사고,0,0,1,0,차량단독 - 전도전복,안전운전불이행,적설,맑음,교차로 - 교차로부근,화물,남,53세,경상,,,,
2012122700100431,2012년 12월 27일 18시,목요일,충청북도 청주시 흥덕구 가경동,경상사고,0,0,1,0,차대차 - 추돌 - 진행중,안전거리미확보,건조,맑음,단일로 - 기타,승용,남,37세,상해없음,승용,남,35세,경상
2012122700100539,2012년 12월 27일 21시,목요일,충청북도 제천시 모산동,중상사고,0,1,0,0,차량단독 - 공작물충돌,안전운전불이행,습기,맑음,단일로 - 기타,승용,남,32세,중상,,,,
2012122700100571,2012년 12월 27일 22시,목요일,충청북도 청주시 상당구 금천동,경상사고,0,0,3,0,차대차 - 추돌 - 진행중,안전운전불이행,결빙,맑음,교차로 - 교차로부근,화물,남,36세,상해없음,승용,남,29세,경상
2012122700100572,2012년 12월 27일 22시,목요일,충청북도 청원군 미원면,사망사고,1,0,0,0,차량단독 - 공작물충돌,안전운전불이행,건조,맑음,단일로 - 기타,승용,남,26세,사망,,,,
2012122700100616,2012년 12월 27일 23시,목요일,충청북도 청원군 오창읍,경상사고,0,0,2,0,차대차 - 추돌 - 진행중,안전운전불이행,습기,맑음,교차로 - 교차로부근,화물,남,29세,상해없음,승용,남,27세,경상
2012122800100061,2012년 12월 28일 02시,금요일,충청북도 청주시 상당구 남주동,중상사고,0,1,0,0,차량단독 - 공작물충돌,안전운전불이행,결빙,맑음,단일로 - 기타,승용,남,21세,중상,,,,
2012122800100184,2012년 12월 28일 08시,금요일,충청북도 제천시 봉양읍,부상신고사고,0,0,0,1,차량단독 - 공작물충돌,안전운전불이행,적설,눈,단일로 - 기타,승용,여,35세,부상신고,,,,
2012122800100185,2012년 12월 28일 08시,금요일,충청북도 제천시 서부동,경상사고,0,0,1,0,차대사람 - 기타,안전운전불이행,적설,눈,교차로 - 교차로부근,화물,남,24세,상해없음,보행자,남,15세,경상
2012122800100186,2012년 12월 28일 08시,금요일,충청북도 진천군 백곡면,사망사고,1,0,1,0,차대차 - 정면충돌,중앙선침범,적설,눈,단일로 - 기타,승용,남,49세,사망,승합,남,47세,경상
2012122800100187,2012년 12월 28일 08시,금요일,충청북도 청주시 흥덕구 강서동,경상사고,0,0,1,0,차대차 - 측면직각충돌,안전운전불이행,적설,눈,단일로 - 기타,화물,남,53세,상해없음,승용,남,50세,경상
2012122800100209,2012년 12월 28일 09시,금요일,충청북도 영동군 영동읍,경상사고,0,0,1,0,차대차 - 기타,교차로운행방법위반,적설,눈,교차로 - 교차로안,승용,남,46세,상해없음,승용,여,36세,경상
2012122800100210,2012년 12월 28일 09시,금요일,충청북도 음성군 감곡면,중상사고,0,2,0,0,차대차 - 기타,안전운전불이행,적설,눈,단일로 - 교량,건설기계,남,48세,상해없음,승합,남,45세,중상
2012122800100213,2012년 12월 28일 09시,금요일,충청북도 옥천군 동이면,사망사고,1,0,0,0,차대사람 - 길가장자리구역통행중,안전운전불이행,습기,눈,단일로 - 기타,화물,남,45세,상해없음,보행자,남,36세,사망
2012122800100231,2012년 12월 28일 10시,금요일,충청북도 제천시 봉양읍,경상사고,0,0,1,0,차대차 - 측면직각충돌,안전운전불이행,적설,눈,단일로 - 기타,승용,남,39세,경상,승용,남,60세,상해없음
2012122800100252,2012년 12월 28일 11시,금요일,충청북도 청주시 흥덕구 산남동,경상사고,0,0,1,0,차량단독 - 기타,안전운전불이행,적설,눈,교차로 - 교차로부근,승용,남,64세,상해없음,,,,
2012122800100268,2012년 12월 28일 12시,금요일,충청북도 청주시 흥덕구 성화동,경상사고,0,0,3,0,차대차 - 기타,안전운전불이행,결빙,눈,교차로 - 교차로안,승용,남,34세,상해없음,승용,남,38세,경상
2012122800100293,2012년 12월 28일 13시,금요일,충청북도 제천시 강제동,경상사고,0,0,1,0,차대차 - 측면직각충돌,안전운전불이행,적설,눈,교차로 - 교차로부근,승용,남,29세,상해없음,승용,여,45세,경상
2012122800100323,2012년 12월 28일 15시,금요일,충청북도 청주시 상당구 용암동,중상사고,0,2,2,1,차대차 - 추돌 - 주정차중,안전운전불이행,습기,맑음,교차로 - 교차로부근,승용,남,37세,부상신고,승용,남,44세,경상
2012122800100404,2012년 12월 28일 18시,금요일,충청북도 제천시 하소동,경상사고,0,0,1,0,차대차 - 측면직각충돌,신호위반,적설,흐림,교차로 - 교차로안,승용,남,34세,상해없음,승용,남,31세,경상
2012122800100472,2012년 12월 28일 20시,금요일,충청북도 청원군 옥산면,경상사고,0,0,1,0,차대사람 - 길가장자리구역통행중,안전운전불이행,건조,맑음,단일로 - 기타,승용,남,52세,상해없음,보행자,여,42세,경상
2012122800100501,2012년 12월 28일 21시,금요일,충청북도 제천시 중앙로2가,중상사고,0,1,0,0,차대차 - 측면직각충돌,중앙선침범,습기,흐림,단일로 - 기타,승용,남,45세,상해없음,승용,남,76세,중상
2012122800100579,2012년 12월 28일 23시,금요일,충청북도 청원군 오창읍,중상사고,0,1,1,0,차대차 - 측면직각충돌,신호위반,습기,흐림,교차로 - 교차로안,승용,남,22세,상해없음,승용,남,35세,중상
2012122800100580,2012년 12월 28일 23시,금요일,충청북도 청주시 흥덕구 가경동,경상사고,0,0,1,0,차대차 - 추돌 - 진행중,안전거리미확보,건조,맑음,단일로 - 기타,승용,남,28세,상해없음,승용,남,51세,경상
2012122900100018,2012년 12월 29일 00시,토요일,충청북도 충주시 신니면,사망사고,1,0,0,0,차량단독 - 공작물충돌,안전운전불이행,습기,기타,단일로 - 기타,승용,남,33세,사망,,,,
2012122900100061,2012년 12월 29일 02시,토요일,충청북도 진천군 덕산면,중상사고,0,2,0,0,차량단독 - 기타,안전운전불이행,결빙,눈,단일로 - 기타,승용,남,19세,상해없음,,,,
2012122900100088,2012년 12월 29일 03시,토요일,충청북도 청주시 흥덕구 개신동,경상사고,0,0,1,0,차량단독 - 기타,안전운전불이행,결빙,눈,미분류 - 미분류,승용,남,27세,상해없음,,,,
2012122900100089,2012년 12월 29일 03시,토요일,충청북도 청주시 흥덕구 산남동,경상사고,0,0,1,0,차량단독 - 공작물충돌,안전운전불이행,결빙,흐림,단일로 - 기타,승용,남,51세,상해없음,,,,
2012122900100151,2012년 12월 29일 06시,토요일,충청북도 제천시 하소동,중상사고,0,1,0,0,차대사람 - 횡단중,안전운전불이행,건조,맑음,교차로 - 교차로안,승용,남,51세,상해없음,보행자,남,59세,중상
2012122900100212,2012년 12월 29일 09시,토요일,충청북도 제천시 중앙로2가,경상사고,0,0,1,0,차대차 - 측면직각충돌,안전운전불이행,결빙,맑음,단일로 - 기타,승용,남,56세,상해없음,화물,남,41세,상해없음
2012122900100213,2012년 12월 29일 09시,토요일,충청북도 청주시 흥덕구 사직동,경상사고,0,0,2,0,차대차 - 측면직각충돌,안전운전불이행,건조,맑음,단일로 - 기타,승용,남,71세,상해없음,승용,여,53세,경상
2012122900100273,2012년 12월 29일 12시,토요일,충청북도 청주시 흥덕구 사창동,경상사고,0,0,2,0,차대차 - 측면직각충돌,안전거리미확보,건조,맑음,교차로 - 교차로부근,승용,여,74세,상해없음,승용,남,55세,경상
2012122900100301,2012년 12월 29일 13시,토요일,충청북도 청주시 흥덕구 운천동,경상사고,0,0,1,0,차대차 - 측면직각충돌,안전운전불이행,건조,맑음,교차로 - 교차로부근,화물,남,35세,상해없음,승용,남,66세,경상
2012122900100302,2012년 12월 29일 13시,토요일,충청북도 청주시 흥덕구 가경동,경상사고,0,0,1,0,차대사람 - 기타,안전운전불이행,건조,맑음,단일로 - 기타,기타불명,기타불명,기타불명,기타불명,보행자,여,53세,경상
2012122900100303,2012년 12월 29일 13시,토요일,충청북도 청주시 흥덕구 분평동,경상사고,0,0,1,0,차대차 - 추돌 - 진행중,안전운전불이행,습기,맑음,교차로 - 교차로부근,원동기,남,38세,경상,화물,남,55세,상해없음
2012122900100336,2012년 12월 29일 15시,토요일,충청북도 청주시 흥덕구 신대동,중상사고,0,1,0,0,차대차 - 측면직각충돌,안전운전불이행,건조,맑음,단일로 - 기타,승용,남,55세,상해없음,승용,남,26세,중상
2012122900100337,2012년 12월 29일 15시,토요일,충청북도 청원군 강내면,중상사고,0,2,0,0,차대차 - 추돌 - 진행중,안전거리미확보,건조,맑음,교차로 - 교차로안,화물,남,52세,상해없음,승용,여,55세,중상
2012122900100367,2012년 12월 29일 17시,토요일,충청북도 제천시 고명동,경상사고,0,0,2,0,차대차 - 측면직각충돌,안전운전불이행,결빙,맑음,교차로 - 교차로부근,승용,남,52세,상해없음,승용,여,42세,경상
2012122900100368,2012년 12월 29일 17시,토요일,충청북도 청원군 문의면,경상사고,0,0,2,0,차대차 - 정면충돌,중앙선침범,건조,맑음,단일로 - 기타,화물,남,45세,상해없음,승합,남,39세,경상
2012122900100391,2012년 12월 29일 18시,토요일,충청북도 청주시 상당구 주중동,경상사고,0,0,3,0,차대차 - 측면직각충돌,안전운전불이행,습기,흐림,단일로 - 기타,화물,여,49세,상해없음,화물,남,41세,경상
2012122900100392,2012년 12월 29일 18시,토요일,충청북도 청주시 흥덕구 사직동,경상사고,0,0,2,0,차대차 - 측면직각충돌,안전운전불이행,건조,맑음,교차로 - 교차로부근,승합,남,60세,상해없음,승용,여,38세,경상
2012122900100425,2012년 12월 29일 19시,토요일,충청북도 청주시 상당구 남문로2가동,경상사고,0,0,1,0,차대사람 - 길가장자리구역통행중,안전운전불이행,건조,맑음,단일로 - 기타,기타불명,기타불명,기타불명,기타불명,보행자,남,69세,경상
2012122900100457,2012년 12월 29일 20시,토요일,충청북도 진천군 문백면,경상사고,0,0,1,0,차대차 - 추돌 - 진행중,안전운전불이행,습기,눈,기타 - 기타,승용,남,31세,상해없음,승합,남,68세,경상
2012122900100476,2012년 12월 29일 21시,토요일,충청북도 청주시 흥덕구 봉명동,경상사고,0,0,3,0,차대차 - 측면직각충돌,안전운전불이행,습기,맑음,교차로 - 교차로부근,승용,남,54세,상해없음,승용,여,43세,경상
2012122900100513,2012년 12월 29일 22시,토요일,충청북도 충주시 신니면,중상사고,0,2,2,0,차대차 - 측면직각충돌,안전운전불이행,적설,눈,단일로 - 기타,승용,남,34세,상해없음,승용,여,39세,중상
2012122900100514,2012년 12월 29일 22시,토요일,충청북도 제천시 의림동,중상사고,0,2,0,0,차대사람 - 기타,안전운전불이행,결빙,흐림,교차로 - 교차로부근,승합,남,47세,상해없음,보행자,남,19세,중상
2012122900100515,2012년 12월 29일 22시,토요일,충청북도 음성군 금왕읍,경상사고,0,0,4,0,차대차 - 추돌 - 주정차중,안전운전불이행,적설,눈,교차로 - 교차로안,승용,남,47세,상해없음,화물,남,21세,경상
2012122900100572,2012년 12월 29일 23시,토요일,충청북도 충주시 호암동,경상사고,0,0,2,0,차대차 - 측면직각충돌,중앙선침범,적설,눈,단일로 - 기타,승용,남,59세,상해없음,승용,남,55세,경상
2012122900100573,2012년 12월 29일 23시,토요일,충청북도 청주시 흥덕구 사직동,경상사고,0,0,1,0,차량단독 - 공작물충돌,안전운전불이행,습기,맑음,단일로 - 기타,승용,남,30세,경상,,,,
2012122900100574,2012년 12월 29일 23시,토요일,충청북도 청주시 상당구 용암동,중상사고,0,1,1,0,차대차 - 정면충돌,안전운전불이행,적설,눈,교차로 - 교차로안,승용,남,31세,상해없음,승용,남,28세,경상
2012122900100575,2012년 12월 29일 23시,토요일,충청북도 청원군 남이면,경상사고,0,0,2,0,차량단독 - 공작물충돌,안전운전불이행,결빙,맑음,기타 - 기타,승용,남,29세,상해없음,,,,
2012123000100028,2012년 12월 30일 00시,일요일,충청북도 충주시 연수동,경상사고,0,0,1,0,차대사람 - 기타,안전운전불이행,적설,눈,단일로 - 기타,승용,남,30세,상해없음,보행자,여,26세,경상
2012123000100029,2012년 12월 30일 00시,일요일,충청북도 충주시 연수동,경상사고,0,0,3,0,차대차 - 측면직각충돌,중앙선침범,결빙,맑음,교차로 - 교차로부근,승합,남,36세,상해없음,승용,남,33세,경상
2012123000100088,2012년 12월 30일 01시,일요일,충청북도 청주시 흥덕구 성화동,경상사고,0,0,1,0,차대차 - 측면직각충돌,안전운전불이행,건조,맑음,교차로 - 교차로부근,승용,남,48세,상해없음,승용,남,29세,경상
2012123000100121,2012년 12월 30일 02시,일요일,충청북도 제천시 봉양읍,중상사고,0,1,0,0,차량단독 - 공작물충돌,안전운전불이행,적설,눈,단일로 - 기타,승용,남,57세,중상,,,,
2012123000100122,2012년 12월 30일 02시,일요일,충청북도 음성군 음성읍,사망사고,1,0,1,0,차량단독 - 전도전복,안전운전불이행,적설,눈,단일로 - 기타,승용,여,21세,경상,,,,
2012123000100149,2012년 12월 30일 03시,일요일,충청북도 충주시 달천동,중상사고,0,1,0,0,차량단독 - 공작물충돌,안전운전불이행,적설,흐림,단일로 - 기타,승용,남,47세,중상,,,,
2012123000100150,2012년 12월 30일 03시,일요일,충청북도 진천군 광혜원면,경상사고,0,0,2,0,차대차 - 정면충돌,중앙선침범,적설,눈,단일로 - 기타,승용,남,29세,상해없음,화물,남,51세,경상
2012123000100166,2012년 12월 30일 04시,일요일,충청북도 제천시 청전동,경상사고,0,0,2,0,차대차 - 기타,안전운전불이행,적설,눈,교차로 - 교차로부근,승용,남,28세,상해없음,승용,남,25세,경상
2012123000100196,2012년 12월 30일 06시,일요일,충청북도 청주시 상당구 지북동,경상사고,0,0,1,0,차량단독 - 공작물충돌,안전운전불이행,결빙,맑음,단일로 - 기타,승용,남,46세,상해없음,,,,
2012123000100252,2012년 12월 30일 09시,일요일,충청북도 제천시 서부동,경상사고,0,0,1,0,차대사람 - 기타,안전운전불이행,적설,맑음,교차로 - 교차로부근,승용,남,36세,상해없음,보행자,여,74세,경상
2012123000100293,2012년 12월 30일 11시,일요일,충청북도 청주시 흥덕구 개신동,중상사고,0,1,0,0,차대차 - 측면직각충돌,중앙선침범,적설,맑음,단일로 - 기타,승용,여,28세,상해없음,승용,남,26세,중상
2012123000100294,2012년 12월 30일 11시,일요일,충청북도 청원군 가덕면,경상사고,0,0,3,0,차대차 - 측면직각충돌,신호위반,결빙,눈,교차로 - 교차로안,승용,여,38세,상해없음,승용,남,65세,경상
2012123000100355,2012년 12월 30일 14시,일요일,충청북도 청주시 흥덕구 복대동,경상사고,0,0,2,0,차대차 - 측면직각충돌,안전운전불이행,건조,맑음,단일로 - 기타,승용,남,55세,상해없음,승용,여,54세,경상
2012123000100393,2012년 12월 30일 15시,일요일,충청북도 청원군 오송읍,경상사고,0,0,4,0,차대차 - 추돌 - 주정차중,안전운전불이행,습기,맑음,단일로 - 기타,승용,남,51세,상해없음,승용,남,42세,경상
2012123000100419,2012년 12월 30일 16시,일요일,충청북도 청원군 오송읍,중상사고,0,1,1,0,차대차 - 측면직각충돌,안전거리미확보,건조,맑음,교차로 - 교차로부근,승용,남,48세,경상,승용,남,34세,중상
2012123000100450,2012년 12월 30일 17시,일요일,충청북도 청주시 상당구 율량동,경상사고,0,0,1,0,차대차 - 추돌 - 진행중,안전운전불이행,결빙,흐림,교차로 - 교차로부근,승용,남,55세,상해없음,승용,남,33세,경상
2012123000100470,2012년 12월 30일 18시,일요일,충청북도 청주시 상당구 사천동,중상사고,0,2,2,0,차대차 - 측면직각충돌,안전운전불이행,건조,맑음,단일로 - 기타,승합,남,57세,기타불명,승용,남,46세,중상
2012123000100471,2012년 12월 30일 18시,일요일,충청북도 청주시 흥덕구 가경동,중상사고,0,1,2,0,차대차 - 추돌 - 주정차중,안전운전불이행,결빙,눈,교차로 - 교차로부근,승용,남,56세,상해없음,승용,남,45세,경상
2012123000100472,2012년 12월 30일 18시,일요일,충청북도 청주시 흥덕구 가경동,경상사고,0,0,1,0,차대차 - 추돌 - 주정차중,안전운전불이행,습기,맑음,교차로 - 교차로부근,승용,기타불명,기타불명,기타불명,화물,남,36세,경상
2012123000100522,2012년 12월 30일 20시,일요일,충청북도 청주시 흥덕구 가경동,경상사고,0,0,2,0,차대차 - 추돌 - 주정차중,안전운전불이행,결빙,맑음,단일로 - 기타,승용,남,37세,상해없음,승용,남,35세,경상
2012123000100542,2012년 12월 30일 21시,일요일,충청북도 청주시 흥덕구 정봉동,경상사고,0,0,1,0,차대차 - 측면직각충돌,안전운전불이행,건조,맑음,단일로 - 기타,승용,남,35세,상해없음,승용,남,50세,상해없음
2012123000100560,2012년 12월 30일 22시,일요일,충청북도 청주시 상당구 금천동,경상사고,0,0,3,0,차대차 - 추돌 - 주정차중,안전운전불이행,결빙,맑음,교차로 - 교차로부근,승용,남,46세,상해없음,승용,남,41세,경상
2012123000100561,2012년 12월 30일 22시,일요일,충청북도 청주시 상당구 우암동,경상사고,0,0,1,0,차대차 - 추돌 - 진행중,안전거리미확보,결빙,맑음,단일로 - 기타,승용,남,60세,상해없음,승용,여,52세,경상
2012123000100562,2012년 12월 30일 22시,일요일,충청북도 단양군 대강면,중상사고,0,1,0,0,차대사람 - 횡단중,안전운전불이행,적설,맑음,교차로 - 교차로안,승용,남,57세,상해없음,보행자,남,47세,중상
2012123100100011,2012년 12월 31일 00시,월요일,충청북도 음성군 대소면,중상사고,0,2,0,0,차량단독 - 공작물충돌,안전운전불이행,건조,흐림,단일로 - 기타,승용,여,34세,중상,,,,
2012123100100022,2012년 12월 31일 01시,월요일,충청북도 청주시 흥덕구 사창동,경상사고,0,0,1,0,차대차 - 측면직각충돌,신호위반,습기,맑음,교차로 - 교차로안,승용,남,63세,상해없음,승합,남,23세,경상
2012123100100043,2012년 12월 31일 02시,월요일,충청북도 청주시 흥덕구 산남동,경상사고,0,0,2,0,차대차 - 측면직각충돌,신호위반,건조,맑음,교차로 - 교차로안,승용,여,20세,상해없음,승용,여,36세,경상
2012123100100095,2012년 12월 31일 07시,월요일,충청북도 청주시 흥덕구 봉명동,경상사고,0,0,1,0,차대사람 - 기타,안전운전불이행,결빙,맑음,교차로 - 교차로부근,승용,남,44세,상해없음,보행자,남,46세,경상
2012123100100096,2012년 12월 31일 07시,월요일,충청북도 청주시 흥덕구 성화동,경상사고,0,0,1,0,차대차 - 측면직각충돌,신호위반,결빙,맑음,교차로 - 교차로안,승용,남,51세,상해없음,승용,남,40세,상해없음
2012123100100122,2012년 12월 31일 08시,월요일,충청북도 청주시 흥덕구 분평동,중상사고,0,1,0,0,차대사람 - 횡단중,안전운전불이행,결빙,맑음,교차로 - 교차로부근,승용,여,30세,상해없음,보행자,남,19세,중상
2012123100100136,2012년 12월 31일 09시,월요일,충청북도 충주시 봉방동,중상사고,0,2,0,0,차대차 - 추돌 - 진행중,신호위반,습기,맑음,교차로 - 교차로안,승용,남,40세,상해없음,승용,남,56세,중상
2012123100100137,2012년 12월 31일 09시,월요일,충청북도 옥천군 군북면,중상사고,0,1,0,0,차대차 - 추돌 - 진행중,안전운전불이행,결빙,맑음,단일로 - 기타,승용,남,51세,상해없음,승합,남,59세,상해없음
2012123100100138,2012년 12월 31일 09시,월요일,충청북도 청주시 흥덕구 가경동,경상사고,0,0,1,0,차대차 - 추돌 - 주정차중,안전운전불이행,결빙,흐림,교차로 - 교차로부근,승용,남,25세,상해없음,승용,남,55세,상해없음
2012123100100161,2012년 12월 31일 10시,월요일,충청북도 청원군 옥산면,경상사고,0,0,3,0,차대차 - 측면직각충돌,안전운전불이행,건조,맑음,교차로 - 교차로부근,승용,남,30세,상해없음,승용,남,34세,경상
2012123100100212,2012년 12월 31일 12시,월요일,충청북도 제천시 의림동,중상사고,0,2,0,0,차대차 - 측면직각충돌,직진우회전진행방해,적설,흐림,교차로 - 교차로안,승용,남,58세,상해없음,승용,남,57세,상해없음
2012123100100292,2012년 12월 31일 14시,월요일,충청북도 청주시 상당구 남주동,경상사고,0,0,4,2,차대차 - 추돌 - 진행중,안전운전불이행,결빙,맑음,단일로 - 기타,화물,남,29세,경상,승용,남,27세,부상신고
2012123100100405,2012년 12월 31일 18시,월요일,충청북도 청원군 오창읍,사망사고,1,0,0,0,차대차 - 추돌 - 진행중,안전운전불이행,결빙,흐림,단일로 - 기타,승합,남,58세,상해없음,자전거,남,68세,사망
2012123100100406,2012년 12월 31일 18시,월요일,충청북도 청주시 상당구 용담동,중상사고,0,1,1,0,차대사람 - 횡단중,보행자보호의무위반,결빙,맑음,단일로 - 횡단보도상,승합,여,37세,상해없음,보행자,여,53세,경상
2012123100100448,2012년 12월 31일 19시,월요일,충청북도 음성군 금왕읍,중상사고,0,4,0,0,차대차 - 기타,신호위반,결빙,흐림,교차로 - 교차로안,화물,여,42세,중상,승용,남,56세,중상
2012123100100514,2012년 12월 31일 21시,월요일,충청북도 제천시 청전동,경상사고,0,0,1,0,차대사람 - 기타,안전운전불이행,결빙,흐림,기타 - 기타,기타불명,기타불명,기타불명,기타불명,보행자,여,79세,경상
2012123100100515,2012년 12월 31일 21시,월요일,충청북도 진천군 진천읍,경상사고,0,0,1,0,차대차 - 기타,안전운전불이행,건조,맑음,교차로 - 교차로부근,승용,남,47세,상해없음,승용,남,37세,경상
2012123100100516,2012년 12월 31일 21시,월요일,충청북도 청주시 흥덕구 사직동,경상사고,0,0,2,0,차대차 - 측면직각충돌,안전운전불이행,결빙,맑음,교차로 - 교차로안,승용,남,61세,상해없음,승용,여,30세,경상
2012123100100517,2012년 12월 31일 21시,월요일,충청북도 청주시 흥덕구 사창동,경상사고,0,0,1,0,차대차 - 측면직각충돌,안전운전불이행,결빙,맑음,단일로 - 기타,승용,남,24세,상해없음,승용,남,43세,상해없음